2025-07-09 03:44:11,694 [ERROR] LogOutputStream:75 - [STDERR_REDIRECT] 
2025-07-09 09:33:45,249 [INFO] Activator:176 - 


2025-07-09 09:33:45,252 [INFO] Activator:177 - !SESSION log4j initialized
2025-07-09 09:33:49,201 [INFO] LogOutputStream:77 - [STDOUT_REDIRECT] 
2025-07-09 09:33:54,165 [INFO] ApplicationProperties:184 - Using Application install path: C:\ST\STM32CubeIDE_1.18.1\STM32CubeIDE\plugins\com.st.stm32cube.common.mx_6.14.1.202504091515
2025-07-09 09:33:54,208 [INFO] DbMcusXml:78 - Set database path to: C:\ST\STM32CubeIDE_1.18.1\STM32CubeIDE\plugins\com.st.stm32cube.common.mx_6.14.1.202504091515\\db\/mcu/
2025-07-09 09:33:54,209 [INFO] ApiDb:274 - Set plugin database path to: C:\ST\STM32CubeIDE_1.18.1\STM32CubeIDE\plugins\com.st.stm32cube.common.mx_6.14.1.202504091515\\db\/plugins/boardmanager/
2025-07-09 09:33:54,209 [WARN] ApiDb:259 - Overriding images path with different value:  => C:\ST\STM32CubeIDE_1.18.1\STM32CubeIDE\plugins\com.st.stm32cube.common.mx_6.14.1.202504091515\\db\/plugins/mcufinder/images/
2025-07-09 09:33:54,231 [INFO] ApiDb:250 - Set database path to: C:\Users\kccistc\.stmcufinder\plugins\mcufinder//mcu/
2025-07-09 09:33:54,234 [INFO] DbMcusAds:125 - Set database path to: C:\Users\kccistc\.stmcufinder\plugins\mcufinder//mcu/
2025-07-09 09:33:54,242 [INFO] CrossReferenceDbSqlite:203 - Set database path to: C:\Users\kccistc\.stmcufinder\plugins\mcufinder//mcu/cs/
2025-07-09 09:33:54,639 [INFO] RulesReader:64 - Compatibility file has been processed (302 Rules)
2025-07-09 09:33:54,927 [INFO] DbMcusXml:78 - Set database path to: C:\ST\STM32CubeIDE_1.18.1\STM32CubeIDE\plugins\com.st.stm32cube.common.mx_6.14.1.202504091515\\db\/mcu/
2025-07-09 09:33:54,928 [INFO] ApiDb:274 - Set plugin database path to: C:\ST\STM32CubeIDE_1.18.1\STM32CubeIDE\plugins\com.st.stm32cube.common.mx_6.14.1.202504091515\\db\/plugins/boardmanager/
2025-07-09 09:33:54,928 [INFO] ApiDb:261 - Set plugin images path to: C:\ST\STM32CubeIDE_1.18.1\STM32CubeIDE\plugins\com.st.stm32cube.common.mx_6.14.1.202504091515\\db\/plugins/mcufinder/images/
2025-07-09 09:33:54,928 [WARN] DbFile:41 - Overriding database path with different value: C:\Users\kccistc\.stmcufinder\plugins\mcufinder/ => C:\Users\kccistc\.stmcufinder\plugins\mcufinder
2025-07-09 09:33:54,928 [INFO] ApiDb:250 - Set database path to: C:\Users\kccistc\.stmcufinder\plugins\mcufinder//mcu/
2025-07-09 09:33:54,928 [WARN] DbFile:41 - Overriding database path with different value: C:\Users\kccistc\.stmcufinder\plugins\mcufinder/ => C:\Users\kccistc\.stmcufinder\plugins\mcufinder
2025-07-09 09:33:54,928 [INFO] DbMcusAds:125 - Set database path to: C:\Users\kccistc\.stmcufinder\plugins\mcufinder//mcu/
2025-07-09 09:33:54,928 [WARN] DbFile:41 - Overriding database path with different value: C:\Users\kccistc\.stmcufinder\plugins\mcufinder/ => C:\Users\kccistc\.stmcufinder\plugins\mcufinder
2025-07-09 09:33:54,928 [WARN] DbFile:41 - Overriding database path with different value: C:\Users\kccistc\.stmcufinder\plugins\mcufinder/ => C:\Users\kccistc\.stmcufinder\plugins\mcufinder
2025-07-09 09:33:54,928 [INFO] CrossReferenceDbSqlite:203 - Set database path to: C:\Users\kccistc\.stmcufinder\plugins\mcufinder//mcu/cs/
2025-07-09 09:33:55,121 [INFO] MainPanel:272 - HeapMemory: 268435456
2025-07-09 09:33:55,440 [INFO] DbMcusXml:78 - Set database path to: C:\ST\STM32CubeIDE_1.18.1\STM32CubeIDE\plugins\com.st.stm32cube.common.mx_6.14.1.202504091515\\db\/mcu/
2025-07-09 09:33:55,440 [INFO] ApiDb:274 - Set plugin database path to: C:\ST\STM32CubeIDE_1.18.1\STM32CubeIDE\plugins\com.st.stm32cube.common.mx_6.14.1.202504091515\\db\/plugins/boardmanager/
2025-07-09 09:33:55,440 [INFO] ApiDb:261 - Set plugin images path to: C:\ST\STM32CubeIDE_1.18.1\STM32CubeIDE\plugins\com.st.stm32cube.common.mx_6.14.1.202504091515\\db\/plugins/mcufinder/images/
2025-07-09 09:33:55,441 [WARN] DbFile:41 - Overriding database path with different value: C:\Users\kccistc\.stmcufinder\plugins\mcufinder/ => C:\Users\kccistc\.stmcufinder\plugins\mcufinder
2025-07-09 09:33:55,442 [INFO] ApiDb:250 - Set database path to: C:\Users\kccistc\.stmcufinder\plugins\mcufinder//mcu/
2025-07-09 09:33:55,442 [WARN] DbFile:41 - Overriding database path with different value: C:\Users\kccistc\.stmcufinder\plugins\mcufinder/ => C:\Users\kccistc\.stmcufinder\plugins\mcufinder
2025-07-09 09:33:55,442 [INFO] DbMcusAds:125 - Set database path to: C:\Users\kccistc\.stmcufinder\plugins\mcufinder//mcu/
2025-07-09 09:33:55,442 [WARN] DbFile:41 - Overriding database path with different value: C:\Users\kccistc\.stmcufinder\plugins\mcufinder/ => C:\Users\kccistc\.stmcufinder\plugins\mcufinder
2025-07-09 09:33:55,442 [WARN] DbFile:41 - Overriding database path with different value: C:\Users\kccistc\.stmcufinder\plugins\mcufinder/ => C:\Users\kccistc\.stmcufinder\plugins\mcufinder
2025-07-09 09:33:55,442 [INFO] CrossReferenceDbSqlite:203 - Set database path to: C:\Users\kccistc\.stmcufinder\plugins\mcufinder//mcu/cs/
2025-07-09 09:33:55,480 [INFO] ApplicationProperties:184 - Using Application install path: C:\ST\STM32CubeIDE_1.18.1\STM32CubeIDE\plugins\com.st.stm32cube.common.mx_6.14.1.202504091515
2025-07-09 09:33:55,484 [INFO] PluginManage:196 - Search for loadable plugins [exclusion list=, ]
2025-07-09 09:33:55,487 [INFO] PluginManage:310 - Check plugin analytics
2025-07-09 09:33:56,062 [INFO] AnalyticsPlugin:253 - Accepted Software Licenses: 
2025-07-09 09:33:56,063 [INFO] AnalyticsPlugin:255 - Accepted CMSIS Pack Licenses: 
2025-07-09 09:33:56,063 [INFO] AnalyticsPlugin:257 - Accepted Firmware Licenses: FW.F4.1.28.0,FW.H7.1.12.0
2025-07-09 09:33:56,071 [INFO] PluginManage:359 - Loaded plugin analytics (category:tool,tabindex:-1)
2025-07-09 09:33:56,071 [INFO] PluginManage:310 - Check plugin cadmodel
2025-07-09 09:33:56,082 [INFO] CADModel:105 - Init CAD model plugin
2025-07-09 09:33:56,082 [INFO] PluginManage:359 - Loaded plugin cadmodel (category:power,tabindex:5)
2025-07-09 09:33:56,083 [INFO] PluginManage:310 - Check plugin clock
2025-07-09 09:33:56,105 [INFO] PluginManage:359 - Loaded plugin clock (category:base,tabindex:2)
2025-07-09 09:33:56,105 [INFO] PluginManage:310 - Check plugin ddr
2025-07-09 09:33:56,113 [INFO] PluginManage:359 - Loaded plugin ddr (category:tool,tabindex:6)
2025-07-09 09:33:56,113 [INFO] PluginManage:310 - Check plugin filemanager
2025-07-09 09:33:56,466 [INFO] PluginManage:359 - Loaded plugin filemanager (category:base,tabindex:10)
2025-07-09 09:33:56,466 [INFO] PluginManage:310 - Check plugin ipmanager
2025-07-09 09:33:56,479 [INFO] PluginManage:359 - Loaded plugin ipmanager (category:base,tabindex:5)
2025-07-09 09:33:56,479 [INFO] PluginManage:310 - Check plugin lpbam
2025-07-09 09:33:56,495 [INFO] PluginManage:359 - Loaded plugin lpbam (category:base,tabindex:0)
2025-07-09 09:33:56,496 [INFO] PluginManage:310 - Check plugin memorymap
2025-07-09 09:33:56,552 [INFO] PluginManage:359 - Loaded plugin memorymap (category:base,tabindex:4)
2025-07-09 09:33:56,552 [INFO] PluginManage:310 - Check plugin pinoutandconfiguration
2025-07-09 09:33:56,576 [INFO] PluginManage:359 - Loaded plugin pinoutandconfiguration (category:base,tabindex:1)
2025-07-09 09:33:56,576 [INFO] PluginManage:310 - Check plugin pinoutconfig
2025-07-09 09:33:56,835 [WARN] SupportedApi:132 - Cannot load RTOS API schema: s4s-elt-must-match.1: The content of 'definitions' must match (annotation?, (simpleType | complexType)?, (unique | key | keyref)*)). A problem was found starting at: attribute.
2025-07-09 09:33:57,372 [INFO] PluginManage:359 - Loaded plugin pinoutconfig (category:base,tabindex:0)
2025-07-09 09:33:57,372 [INFO] PluginManage:310 - Check plugin power
2025-07-09 09:33:57,395 [INFO] PluginManage:359 - Loaded plugin power (category:power,tabindex:4)
2025-07-09 09:33:57,395 [INFO] PluginManage:310 - Check plugin projectmanager
2025-07-09 09:33:57,417 [INFO] PluginManage:359 - Loaded plugin projectmanager (category:projectmanager,tabindex:4)
2025-07-09 09:33:57,417 [INFO] PluginManage:310 - Check plugin rif
2025-07-09 09:33:57,443 [INFO] PluginManage:359 - Loaded plugin rif (category:base,tabindex:3)
2025-07-09 09:33:57,443 [INFO] PluginManage:310 - Check plugin thirdparty
2025-07-09 09:33:57,751 [WARN] IntegrityCheckThread:84 - waiting for thirdparty lock release [integrity check]
2025-07-09 09:33:57,752 [INFO] IntegrityCheckThread:86 - entering critical section [integrity check]
2025-07-09 09:33:57,752 [INFO] ThirdPartyUpdaterWithRetryManager:70 - Updater plugin not ready yet. [1/15]
2025-07-09 09:33:57,753 [INFO] PluginManage:359 - Loaded plugin thirdparty (category:base,tabindex:-1)
2025-07-09 09:33:57,753 [INFO] PluginManage:310 - Check plugin tools
2025-07-09 09:33:57,759 [INFO] PluginManage:359 - Loaded plugin tools (category:base,tabindex:7)
2025-07-09 09:33:57,759 [INFO] PluginManage:310 - Check plugin tutovideos
2025-07-09 09:33:58,442 [INFO] PluginManage:359 - Loaded plugin tutovideos (category:base,tabindex:-1)
2025-07-09 09:33:58,442 [INFO] PluginManage:310 - Check plugin updater
2025-07-09 09:33:58,475 [INFO] PluginManage:359 - Loaded plugin updater (category:base,tabindex:12)
2025-07-09 09:33:58,475 [INFO] PluginManage:310 - Check plugin userauth
2025-07-09 09:33:58,486 [INFO] UserAuth:118 - Init User Auth plugin
2025-07-09 09:33:58,488 [INFO] PluginManage:359 - Loaded plugin userauth (category:base,tabindex:14)
2025-07-09 09:33:58,490 [INFO] PluginManage:283 - PluginManage : Loaded plugins [18]
2025-07-09 09:33:59,035 [INFO] PinOutPanel:1589 - setPackage(No Configuration,No Configuration)
2025-07-09 09:33:59,186 [INFO] CADModel:165 - CPN selected for project level
2025-07-09 09:33:59,186 [INFO] CADModel:114 - Register for checkConnection events
2025-07-09 09:33:59,219 [INFO] IPUIPlugin:80 - create IPUIPlugin
2025-07-09 09:33:59,219 [INFO] PluginManager:220 - loadIPPluginJar : add adc
2025-07-09 09:33:59,225 [INFO] IPUIPlugin:80 - create IPUIPlugin
2025-07-09 09:33:59,225 [INFO] PluginManager:220 - loadIPPluginJar : add aes
2025-07-09 09:33:59,235 [INFO] IPUIPlugin:80 - create IPUIPlugin
2025-07-09 09:33:59,235 [INFO] PluginManager:220 - loadIPPluginJar : add can
2025-07-09 09:33:59,239 [INFO] IPUIPlugin:80 - create IPUIPlugin
2025-07-09 09:33:59,239 [INFO] PluginManager:220 - loadIPPluginJar : add comp
2025-07-09 09:33:59,244 [INFO] IPUIPlugin:80 - create IPUIPlugin
2025-07-09 09:33:59,244 [INFO] PluginManager:220 - loadIPPluginJar : add cryp
2025-07-09 09:33:59,251 [INFO] IPUIPlugin:80 - create IPUIPlugin
2025-07-09 09:33:59,251 [INFO] PluginManager:220 - loadIPPluginJar : add ddr_ctrl_phy
2025-07-09 09:33:59,259 [INFO] IPUIPlugin:80 - create IPUIPlugin
2025-07-09 09:33:59,259 [INFO] PluginManager:220 - loadIPPluginJar : add dfsdm
2025-07-09 09:33:59,270 [INFO] IPUIPlugin:80 - create IPUIPlugin
2025-07-09 09:33:59,272 [INFO] PluginManager:220 - loadIPPluginJar : add dma
2025-07-09 09:33:59,279 [INFO] IPUIPlugin:80 - create IPUIPlugin
2025-07-09 09:33:59,279 [INFO] PluginManager:220 - loadIPPluginJar : add dma3
2025-07-09 09:33:59,287 [INFO] IPUIPlugin:80 - create IPUIPlugin
2025-07-09 09:33:59,287 [INFO] PluginManager:220 - loadIPPluginJar : add extmemmanager
2025-07-09 09:33:59,291 [INFO] IPUIPlugin:80 - create IPUIPlugin
2025-07-09 09:33:59,291 [INFO] PluginManager:220 - loadIPPluginJar : add fatfs
2025-07-09 09:33:59,298 [INFO] IPUIPlugin:80 - create IPUIPlugin
2025-07-09 09:33:59,299 [INFO] PluginManager:220 - loadIPPluginJar : add fmc
2025-07-09 09:33:59,322 [INFO] IPUIPlugin:80 - create IPUIPlugin
2025-07-09 09:33:59,322 [INFO] PluginManager:220 - loadIPPluginJar : add freertos
2025-07-09 09:33:59,326 [INFO] IPUIPlugin:80 - create IPUIPlugin
2025-07-09 09:33:59,326 [INFO] PluginManager:220 - loadIPPluginJar : add genericplugin
2025-07-09 09:33:59,331 [INFO] IPUIPlugin:80 - create IPUIPlugin
2025-07-09 09:33:59,331 [INFO] PluginManager:220 - loadIPPluginJar : add gfxmmu
2025-07-09 09:33:59,338 [INFO] IPUIPlugin:80 - create IPUIPlugin
2025-07-09 09:33:59,339 [INFO] PluginManager:220 - loadIPPluginJar : add gic
2025-07-09 09:33:59,347 [INFO] IPUIPlugin:80 - create IPUIPlugin
2025-07-09 09:33:59,347 [INFO] PluginManager:220 - loadIPPluginJar : add gpio
2025-07-09 09:33:59,353 [INFO] IPUIPlugin:80 - create IPUIPlugin
2025-07-09 09:33:59,353 [INFO] PluginManager:220 - loadIPPluginJar : add gtzc
2025-07-09 09:33:59,358 [INFO] IPUIPlugin:80 - create IPUIPlugin
2025-07-09 09:33:59,358 [INFO] PluginManager:220 - loadIPPluginJar : add hash
2025-07-09 09:33:59,363 [INFO] IPUIPlugin:80 - create IPUIPlugin
2025-07-09 09:33:59,364 [INFO] PluginManager:220 - loadIPPluginJar : add i2c
2025-07-09 09:33:59,369 [INFO] IPUIPlugin:80 - create IPUIPlugin
2025-07-09 09:33:59,370 [INFO] PluginManager:220 - loadIPPluginJar : add i2s
2025-07-09 09:33:59,379 [INFO] IPUIPlugin:80 - create IPUIPlugin
2025-07-09 09:33:59,379 [INFO] PluginManager:220 - loadIPPluginJar : add i3c
2025-07-09 09:33:59,386 [INFO] IPUIPlugin:80 - create IPUIPlugin
2025-07-09 09:33:59,386 [INFO] PluginManager:220 - loadIPPluginJar : add ipddr
2025-07-09 09:33:59,394 [INFO] IPUIPlugin:80 - create IPUIPlugin
2025-07-09 09:33:59,395 [INFO] PluginManager:220 - loadIPPluginJar : add linkedlist
2025-07-09 09:33:59,404 [INFO] IPUIPlugin:80 - create IPUIPlugin
2025-07-09 09:33:59,404 [INFO] PluginManager:220 - loadIPPluginJar : add lorawan
2025-07-09 09:33:59,407 [INFO] IPUIPlugin:80 - create IPUIPlugin
2025-07-09 09:33:59,407 [INFO] PluginManager:220 - loadIPPluginJar : add ltdc
2025-07-09 09:33:59,416 [INFO] IPUIPlugin:80 - create IPUIPlugin
2025-07-09 09:33:59,416 [INFO] PluginManager:220 - loadIPPluginJar : add mdma
2025-07-09 09:33:59,423 [INFO] IPUIPlugin:80 - create IPUIPlugin
2025-07-09 09:33:59,423 [INFO] PluginManager:220 - loadIPPluginJar : add nvic
2025-07-09 09:33:59,430 [INFO] IPUIPlugin:80 - create IPUIPlugin
2025-07-09 09:33:59,430 [INFO] PluginManager:220 - loadIPPluginJar : add opamp
2025-07-09 09:33:59,445 [INFO] IPUIPlugin:80 - create IPUIPlugin
2025-07-09 09:33:59,445 [INFO] PluginManager:220 - loadIPPluginJar : add openamp
2025-07-09 09:33:59,455 [INFO] IPUIPlugin:80 - create IPUIPlugin
2025-07-09 09:33:59,455 [INFO] PluginManager:220 - loadIPPluginJar : add pdm2pcm
2025-07-09 09:33:59,470 [INFO] IPUIPlugin:80 - create IPUIPlugin
2025-07-09 09:33:59,479 [INFO] PluginManager:220 - loadIPPluginJar : add plateformsettings
2025-07-09 09:33:59,497 [INFO] IPUIPlugin:80 - create IPUIPlugin
2025-07-09 09:33:59,497 [INFO] PluginManager:220 - loadIPPluginJar : add quadspi
2025-07-09 09:33:59,503 [INFO] IPUIPlugin:80 - create IPUIPlugin
2025-07-09 09:33:59,505 [INFO] PluginManager:220 - loadIPPluginJar : add radio
2025-07-09 09:33:59,515 [INFO] IPUIPlugin:80 - create IPUIPlugin
2025-07-09 09:33:59,515 [INFO] PluginManager:220 - loadIPPluginJar : add resmgrutility
2025-07-09 09:33:59,540 [INFO] IPUIPlugin:80 - create IPUIPlugin
2025-07-09 09:33:59,540 [INFO] PluginManager:220 - loadIPPluginJar : add sai
2025-07-09 09:33:59,545 [INFO] IPUIPlugin:80 - create IPUIPlugin
2025-07-09 09:33:59,545 [INFO] PluginManager:220 - loadIPPluginJar : add spi
2025-07-09 09:33:59,557 [INFO] IPUIPlugin:80 - create IPUIPlugin
2025-07-09 09:33:59,557 [INFO] PluginManager:220 - loadIPPluginJar : add stm32_wpan
2025-07-09 09:33:59,561 [INFO] IPUIPlugin:80 - create IPUIPlugin
2025-07-09 09:33:59,561 [INFO] PluginManager:220 - loadIPPluginJar : add tim
2025-07-09 09:33:59,567 [INFO] IPUIPlugin:80 - create IPUIPlugin
2025-07-09 09:33:59,567 [INFO] PluginManager:220 - loadIPPluginJar : add touchsensing
2025-07-09 09:33:59,572 [INFO] IPUIPlugin:80 - create IPUIPlugin
2025-07-09 09:33:59,572 [INFO] PluginManager:220 - loadIPPluginJar : add tracer_emb
2025-07-09 09:33:59,576 [INFO] IPUIPlugin:80 - create IPUIPlugin
2025-07-09 09:33:59,576 [INFO] PluginManager:220 - loadIPPluginJar : add ts
2025-07-09 09:33:59,580 [INFO] IPUIPlugin:80 - create IPUIPlugin
2025-07-09 09:33:59,580 [INFO] PluginManager:220 - loadIPPluginJar : add tsc
2025-07-09 09:33:59,585 [INFO] IPUIPlugin:80 - create IPUIPlugin
2025-07-09 09:33:59,585 [INFO] PluginManager:220 - loadIPPluginJar : add ucpd
2025-07-09 09:33:59,591 [INFO] IPUIPlugin:80 - create IPUIPlugin
2025-07-09 09:33:59,592 [INFO] PluginManager:220 - loadIPPluginJar : add usart
2025-07-09 09:33:59,601 [INFO] IPUIPlugin:80 - create IPUIPlugin
2025-07-09 09:33:59,601 [INFO] PluginManager:220 - loadIPPluginJar : add usbx
2025-07-09 09:33:59,745 [FATAL] Updater:351 - Updater called before beeing initialized
2025-07-09 09:33:59,785 [INFO] RulesReader:64 - Compatibility file has been processed (302 Rules)
2025-07-09 09:33:59,800 [INFO] RulesReader:64 - Compatibility file has been processed (302 Rules)
2025-07-09 09:33:59,816 [INFO] CADModel:165 - CPN selected for project level
2025-07-09 09:33:59,816 [INFO] CADModel:114 - Register for checkConnection events
2025-07-09 09:33:59,816 [FATAL] Updater:351 - Updater called before beeing initialized
2025-07-09 09:33:59,816 [ERROR] CADModel:125 - Updater not yet initialized, retry later 
2025-07-09 09:34:00,084 [FATAL] Updater:351 - Updater called before beeing initialized
2025-07-09 09:34:00,108 [INFO] CADModel:165 - CPN selected for project level
2025-07-09 09:34:00,108 [INFO] CADModel:114 - Register for checkConnection events
2025-07-09 09:34:00,109 [FATAL] Updater:351 - Updater called before beeing initialized
2025-07-09 09:34:00,109 [ERROR] CADModel:125 - Updater not yet initialized, retry later 
2025-07-09 09:34:00,116 [FATAL] Updater:351 - Updater called before beeing initialized
2025-07-09 09:34:00,267 [FATAL] Updater:351 - Updater called before beeing initialized
2025-07-09 09:34:00,297 [INFO] DbMcusAds:53 - JSON generation date=Thu Jun 19 17:32:37 KST 2025 (1750321957418)
2025-07-09 09:34:00,297 [FATAL] Updater:351 - Updater called before beeing initialized
2025-07-09 09:34:00,350 [WARN] DetailPanel:346 - Failed to get advertising image, set to default
2025-07-09 09:34:00,600 [FATAL] Updater:351 - Updater called before beeing initialized
2025-07-09 09:34:00,605 [FATAL] Updater:351 - Updater called before beeing initialized
2025-07-09 09:34:00,606 [FATAL] Updater:351 - Updater called before beeing initialized
2025-07-09 09:34:00,606 [WARN] DetailPanel:346 - Failed to get advertising image, set to default
2025-07-09 09:34:00,606 [FATAL] Updater:351 - Updater called before beeing initialized
2025-07-09 09:34:00,680 [ERROR] Updater:1198 - MainUpdater not yet initialized. External WinMGr cannot be set.
2025-07-09 09:34:00,685 [INFO] Updater:1134 - Updater Version found : 6.14.1
2025-07-09 09:34:00,710 [INFO] ApplicationProperties:184 - Using Application install path: C:\ST\STM32CubeIDE_1.18.1\STM32CubeIDE\plugins\com.st.stm32cube.common.mx_6.14.1.202504091515
2025-07-09 09:34:00,766 [INFO] ThirdPartyUpdaterWithRetryManager:70 - Updater plugin not ready yet. [2/15]
2025-07-09 09:34:02,294 [ERROR] LogOutputStream:75 - [STDERR_REDIRECT] Jul 09, 2025 9:34:02 AM java.util.prefs.WindowsPreferences <init>
2025-07-09 09:34:02,295 [ERROR] LogOutputStream:75 - [STDERR_REDIRECT] WARNING: Could not open/create prefs root node Software\JavaSoft\Prefs at root 0xffffffff80000002. Windows RegCreateKeyEx(...) returned error code 5.
2025-07-09 09:34:02,295 [ERROR] LogOutputStream:75 - [STDERR_REDIRECT] 
2025-07-09 09:34:02,811 [INFO] MainUpdater:2872 - connection check result : 10
2025-07-09 09:34:02,812 [INFO] MainUpdater:289 - Updater Check For Update Now.
2025-07-09 09:34:02,812 [INFO] MicroXplorer:498 - Change Database Version : DB.6.0.141
2025-07-09 09:34:02,818 [INFO] McuFinderGlobals:63 - Set McuFinder mode to 2 (CubeIDE integrated)
2025-07-09 09:34:02,819 [INFO] UserAuth:171 - activating auth plugin
2025-07-09 09:34:02,823 [INFO] UserAuth:484 - Internet connection configuration mode: 1
2025-07-09 09:34:02,870 [INFO] JxBrowserEngine:152 - Initiate JxBrowser Engine with user profile folder
2025-07-09 09:34:03,007 [INFO] CheckServerUpdateThread:120 - End of CheckServer Thread
2025-07-09 09:34:04,143 [WARN] PackLoader:240 - Cannot read IP mode file for STMicroelectronics.FP-SNS-MOTENVWB1.1.4.0
2025-07-09 09:34:04,169 [WARN] PackLoader:240 - Cannot read IP mode file for STMicroelectronics.FP-ATR-ASTRA1.2.0.2
2025-07-09 09:34:04,188 [WARN] PackLoader:240 - Cannot read IP mode file for STMicroelectronics.X-CUBE-SMBUS.2.1.0
2025-07-09 09:34:04,198 [WARN] PackLoader:240 - Cannot read IP mode file for STMicroelectronics.X-CUBE-ST60.1.0.0
2025-07-09 09:34:04,270 [WARN] PackLoader:240 - Cannot read IP mode file for STMicroelectronics.X-CUBE-AZRTOS-F7.1.1.0
2025-07-09 09:34:04,308 [WARN] PackLoader:240 - Cannot read IP mode file for Infineon.AIROC-Wi-Fi-Bluetooth-STM32.1.7.0
2025-07-09 09:34:04,332 [WARN] PackLoader:240 - Cannot read IP mode file for STMicroelectronics.X-CUBE-AZRTOS-H7.3.4.0
2025-07-09 09:34:04,342 [WARN] PackLoader:240 - Cannot read IP mode file for STMicroelectronics.X-CUBE-DISPLAY.3.0.0
2025-07-09 09:34:04,359 [WARN] PackLoader:240 - Cannot read IP mode file for STMicroelectronics.X-CUBE-NFC10.1.0.0
2025-07-09 09:34:04,374 [WARN] PackLoader:240 - Cannot read IP mode file for STMicroelectronics.X-CUBE-BLEMGR.4.0.0
2025-07-09 09:34:04,380 [WARN] PackLoader:240 - Cannot read IP mode file for emotas.I-CUBE-CANOPEN.1.3.0
2025-07-09 09:34:04,384 [WARN] ConditionMgr:438 - getConditionDescription Invalid condition id : Cortex-A Device cause : null
2025-07-09 09:34:04,406 [WARN] ConditionMgr:1044 - genDependencies : Invalid condition id : Cortex-A Device cause : null
2025-07-09 09:34:04,406 [WARN] ConditionMgr:1044 - genDependencies : Invalid condition id : Cortex-A Device cause : null
2025-07-09 09:34:04,406 [WARN] ConditionMgr:1044 - genDependencies : Invalid condition id : Cortex-A Device cause : null
2025-07-09 09:34:04,411 [WARN] PackLoader:240 - Cannot read IP mode file for STMicroelectronics.X-CUBE-AI.10.0.0
2025-07-09 09:34:04,417 [WARN] PackLoader:240 - Cannot read IP mode file for STMicroelectronics.FP-SNS-SMARTAG2.1.2.0
2025-07-09 09:34:04,423 [WARN] PackLoader:240 - Cannot read IP mode file for STMicroelectronics.FP-SNS-FLIGHT1.5.1.0
2025-07-09 09:34:04,435 [INFO] LogOutputStream:77 - [STDOUT_REDIRECT] 1 : Invalid condition id : UX_CORESTACK_Condition cause : null
2025-07-09 09:34:04,436 [INFO] LogOutputStream:77 - [STDOUT_REDIRECT] 1 : Invalid condition id : UX_CORESTACK_Condition cause : null
2025-07-09 09:34:04,437 [INFO] LogOutputStream:77 - [STDOUT_REDIRECT] 1 : Invalid condition id : UX_CORESTACK_Condition cause : null
2025-07-09 09:34:04,440 [INFO] LogOutputStream:77 - [STDOUT_REDIRECT] 1 : Invalid condition id : UX_CORESTACK_Condition cause : null
2025-07-09 09:34:04,442 [INFO] LogOutputStream:77 - [STDOUT_REDIRECT] 1 : Invalid condition id : UX_CORESTACK_Condition cause : null
2025-07-09 09:34:04,444 [WARN] PackLoader:240 - Cannot read IP mode file for STMicroelectronics.X-CUBE-AZRTOS-WL.2.0.0
2025-07-09 09:34:04,450 [WARN] PackLoader:240 - Cannot read IP mode file for STMicroelectronics.FP-SNS-MOTENV1.5.0.0
2025-07-09 09:34:04,464 [WARN] PackLoader:240 - Cannot read IP mode file for WES.I-CUBE-Cesium.1.3.0
2025-07-09 09:34:04,470 [WARN] PackLoader:240 - Cannot read IP mode file for STMicroelectronics.X-CUBE-BLE2.3.3.0
2025-07-09 09:34:04,475 [WARN] PackLoader:240 - Cannot read IP mode file for STMicroelectronics.X-CUBE-NFC9.1.0.0
2025-07-09 09:34:04,480 [WARN] PackLoader:240 - Cannot read IP mode file for wolfSSL.I-CUBE-wolfSSL.5.8.0
2025-07-09 09:34:04,485 [WARN] PackLoader:240 - Cannot read IP mode file for STMicroelectronics.X-CUBE-BLE1.7.1.0
2025-07-09 09:34:04,489 [WARN] PackLoader:240 - Cannot read IP mode file for wolfSSL.I-CUBE-wolfMQTT.1.19.2
2025-07-09 09:34:04,493 [WARN] PackLoader:240 - Cannot read IP mode file for STMicroelectronics.X-CUBE-AI.10.1.0
2025-07-09 09:34:04,527 [WARN] PackLoader:240 - Cannot read IP mode file for STMicroelectronics.X-CUBE-MEMS1.11.2.0
2025-07-09 09:34:04,655 [WARN] PackLoader:240 - Cannot read IP mode file for STMicroelectronics.X-CUBE-AZRTOS-G0.1.1.0
2025-07-09 09:34:04,665 [WARN] PackLoader:240 - Cannot read IP mode file for STMicroelectronics.X-CUBE-SAFEA1.1.2.2
2025-07-09 09:34:04,673 [WARN] PackLoader:240 - Cannot read IP mode file for STMicroelectronics.X-CUBE-NFC4.3.0.0
2025-07-09 09:34:04,686 [WARN] PackLoader:240 - Cannot read IP mode file for EmbeddedOffice.I-CUBE-FS-RTOS.1.0.1
2025-07-09 09:34:04,715 [WARN] PackLoader:240 - Cannot read IP mode file for STMicroelectronics.X-CUBE-WB05N.2.0.0
2025-07-09 09:34:04,723 [WARN] PackLoader:240 - Cannot read IP mode file for wolfSSL.I-CUBE-wolfTPM.3.8.0
2025-07-09 09:34:04,729 [WARN] PackLoader:240 - Cannot read IP mode file for STMicroelectronics.X-CUBE-TCPP.4.2.0
2025-07-09 09:34:04,737 [WARN] PackLoader:240 - Cannot read IP mode file for RealThread.X-CUBE-RT-Thread_Nano.4.1.1
2025-07-09 09:34:04,744 [WARN] PackLoader:240 - Cannot read IP mode file for STMicroelectronics.FP-ATR-SIGFOX1.3.2.0
2025-07-09 09:34:04,752 [WARN] PackLoader:240 - Cannot read IP mode file for STMicroelectronics.X-CUBE-EEPRMA1.5.1.0
2025-07-09 09:34:04,763 [WARN] PackLoader:240 - Cannot read IP mode file for ITTIA_DB.I-CUBE-ITTIADB.8.9.0
2025-07-09 09:34:04,775 [WARN] PackLoader:240 - Cannot read IP mode file for STMicroelectronics.X-CUBE-ST67W61.1.0.0
2025-07-09 09:34:04,806 [WARN] PackLoader:240 - Cannot read IP mode file for SEGGER.I-CUBE-embOS.1.3.1
2025-07-09 09:34:04,835 [WARN] PackLoader:240 - Cannot read IP mode file for STMicroelectronics.X-CUBE-ALGOBUILD.1.4.0
2025-07-09 09:34:04,869 [WARN] PackLoader:240 - Cannot read IP mode file for STMicroelectronics.X-CUBE-MEMS1.11.3.0
2025-07-09 09:34:04,961 [INFO] WebApp:169 - Instantiating new browser for Auth
2025-07-09 09:34:04,970 [WARN] PackLoader:240 - Cannot read IP mode file for STMicroelectronics.X-CUBE-PM33A1.1.0.0
2025-07-09 09:34:04,980 [WARN] PackLoader:240 - Cannot read IP mode file for STMicroelectronics.X-CUBE-AZRTOS-F4.1.1.0
2025-07-09 09:34:04,986 [WARN] PackLoader:240 - Cannot read IP mode file for Avnet-IotConnect.X-CUBE-IoTC-DA16k-PMOD.1.0.0
2025-07-09 09:34:04,991 [WARN] PackLoader:240 - Cannot read IP mode file for STMicroelectronics.X-CUBE-ISPU.2.1.0
2025-07-09 09:34:05,010 [WARN] PackLoader:240 - Cannot read IP mode file for STMicroelectronics.X-CUBE-AZRTOS-L5.2.0.0
2025-07-09 09:34:05,028 [WARN] PackLoader:240 - Cannot read IP mode file for STMicroelectronics.X-CUBE-NFC6.3.1.0
2025-07-09 09:34:05,040 [WARN] PackLoader:240 - Cannot read IP mode file for STMicroelectronics.X-CUBE-FREERTOS.1.3.1
2025-07-09 09:34:05,051 [WARN] PackLoader:240 - Cannot read IP mode file for STMicroelectronics.FP-SNS-STAIOTCFT.1.0.0
2025-07-09 09:34:05,061 [WARN] PackLoader:240 - Cannot read IP mode file for STMicroelectronics.X-CUBE-DPower.1.3.0
2025-07-09 09:34:05,078 [WARN] ConditionMgr:438 - getConditionDescription Invalid condition id : LAN8742 Phy interface Condition cause : null
2025-07-09 09:34:05,079 [WARN] PackLoader:240 - Cannot read IP mode file for STMicroelectronics.X-CUBE-AZRTOS-L4.2.0.0
2025-07-09 09:34:05,080 [WARN] ConditionMgr:1044 - genDependencies : Invalid condition id : LAN8742 Phy interface Condition cause : null
2025-07-09 09:34:05,080 [WARN] ConditionMgr:1044 - genDependencies : Invalid condition id : LAN8742 Phy interface Condition cause : null
2025-07-09 09:34:05,080 [WARN] ConditionMgr:1044 - genDependencies : Invalid condition id : LAN8742 Phy interface Condition cause : null
2025-07-09 09:34:05,087 [WARN] PackLoader:240 - Cannot read IP mode file for STMicroelectronics.X-CUBE-SFXS2LP1.4.0.0
2025-07-09 09:34:05,104 [WARN] PackLoader:240 - Cannot read IP mode file for STMicroelectronics.X-CUBE-AZRTOS-H7.3.3.0
2025-07-09 09:34:05,118 [WARN] ConditionMgr:438 - getConditionDescription Invalid condition id : UX DEVICE CLASS RTOS Condition cause : null
2025-07-09 09:34:05,118 [WARN] ConditionMgr:438 - getConditionDescription Invalid condition id : UX DEVICE CLASS RTOS Condition cause : null
2025-07-09 09:34:05,119 [WARN] PackLoader:240 - Cannot read IP mode file for STMicroelectronics.X-CUBE-AZRTOS-WB.2.0.0
2025-07-09 09:34:05,120 [WARN] ConditionMgr:1044 - genDependencies : Invalid condition id : UX DEVICE CLASS RTOS Condition cause : null
2025-07-09 09:34:05,120 [WARN] ConditionMgr:1044 - genDependencies : Invalid condition id : UX DEVICE CLASS RTOS Condition cause : null
2025-07-09 09:34:05,120 [WARN] ConditionMgr:1044 - genDependencies : Invalid condition id : UX DEVICE CLASS RTOS Condition cause : null
2025-07-09 09:34:05,120 [WARN] ConditionMgr:1044 - genDependencies : Invalid condition id : UX DEVICE CLASS RTOS Condition cause : null
2025-07-09 09:34:05,120 [WARN] ConditionMgr:1044 - genDependencies : Invalid condition id : UX DEVICE CLASS RTOS Condition cause : null
2025-07-09 09:34:05,127 [WARN] PackLoader:240 - Cannot read IP mode file for STMicroelectronics.X-CUBE-GNSS1.7.0.1
2025-07-09 09:34:05,136 [WARN] PackLoader:240 - Cannot read IP mode file for STMicroelectronics.X-CUBE-TOUCHGFX.4.25.0
2025-07-09 09:34:05,142 [WARN] PackLoader:240 - Cannot read IP mode file for STMicroelectronics.FP-SNS-STBOX1.2.0.0
2025-07-09 09:34:05,153 [WARN] PackLoader:240 - Cannot read IP mode file for STMicroelectronics.X-CUBE-SUBG2.5.0.0
2025-07-09 09:34:05,192 [WARN] PackLoader:240 - Cannot read IP mode file for STMicroelectronics.X-CUBE-AZRTOS-H7RS.1.1.0
2025-07-09 09:34:05,200 [WARN] PackLoader:240 - Cannot read IP mode file for Cesanta.I-CUBE-Mongoose.7.13.0
2025-07-09 09:34:05,212 [WARN] PackLoader:240 - Cannot read IP mode file for STMicroelectronics.X-CUBE-AZRTOS-G4.2.0.0
2025-07-09 09:34:05,220 [WARN] PackLoader:240 - Cannot read IP mode file for wolfSSL.I-CUBE-wolfSSH.1.4.20
2025-07-09 09:34:05,244 [WARN] PackLoader:240 - Cannot read IP mode file for STMicroelectronics.X-CUBE-NFC7.2.0.0
2025-07-09 09:34:05,255 [WARN] PackLoader:240 - Cannot read IP mode file for STMicroelectronics.X-CUBE-IPS.3.1.0
2025-07-09 09:34:05,265 [WARN] PackLoader:240 - Cannot read IP mode file for STMicroelectronics.X-CUBE-ALS.1.0.2
2025-07-09 09:34:05,274 [WARN] PackLoader:240 - Cannot read IP mode file for portGmbH.I-Cube-SoM-uGOAL.1.1.0
2025-07-09 09:34:05,283 [WARN] PackLoader:240 - Cannot read IP mode file for STMicroelectronics.X-CUBE-TOF1.3.4.3
2025-07-09 09:34:05,294 [INFO] ThirdParty:978 - Integrity check success = true
2025-07-09 09:34:05,294 [INFO] IntegrityCheckThread:100 - exiting critical section [integrity check]
2025-07-09 09:34:05,294 [INFO] IntegrityCheckThread:103 - End integrity checks thread
2025-07-09 09:34:06,796 [INFO] WebApp:463 - Apply proxy settings
2025-07-09 09:34:06,797 [INFO] WebApp:548 - Chromium requires no authentication
2025-07-09 09:34:06,808 [INFO] WebApp:491 - Direct internet connection detected
2025-07-09 09:34:06,833 [INFO] WebApp:894 - Register for checkConnection events
2025-07-09 09:34:06,833 [INFO] WebApp:463 - Apply proxy settings
2025-07-09 09:34:06,833 [INFO] WebApp:548 - Chromium requires no authentication
2025-07-09 09:34:06,834 [INFO] WebApp:491 - Direct internet connection detected
2025-07-09 09:34:07,006 [INFO] WebApp:225 - Starting web application
2025-07-09 09:34:07,006 [INFO] WebApp:593 - Web application path used C:\ST\STM32CubeIDE_1.18.1\STM32CubeIDE\plugins\com.st.stm32cube.common.mx_6.14.1.202504091515\db\plugins\mcufinder\reactClient1\index.html
2025-07-09 09:34:07,213 [INFO] WebApp:191 - Connection restablished
2025-07-09 09:42:50,799 [INFO] McuFinderGlobals:63 - Set McuFinder mode to 2 (CubeIDE integrated)
2025-07-09 09:42:50,804 [INFO] MainUpdater:2872 - connection check result : 10
2025-07-09 09:42:50,804 [INFO] MainUpdater:2872 - connection check result : 10
2025-07-09 09:42:50,839 [INFO] MicroXplorer:468 - Change Database Path : 
2025-07-09 09:42:50,840 [INFO] MicroXplorer:498 - Change Database Version : DB.6.0.141
2025-07-09 09:42:50,848 [WARN] ThirdParty:871 - waiting for thirdparty lock release [close project]
2025-07-09 09:42:50,848 [INFO] ThirdParty:873 - entering critical section [close project]
2025-07-09 09:42:50,851 [INFO] ThirdParty:883 - exiting critical section [close project]
2025-07-09 09:42:50,857 [INFO] PinOutPanel:1589 - setPackage(No Configuration,No Configuration)
2025-07-09 09:42:50,868 [INFO] UtilMem:75 - Begin LoadConfig() Used Memory: 771025624 Bytes (1073741824)
2025-07-09 09:42:50,870 [INFO] MicroXplorer:468 - Change Database Path : 
2025-07-09 09:42:50,871 [INFO] MicroXplorer:498 - Change Database Version : DB.6.0.141
2025-07-09 09:42:50,871 [INFO] OpenFileManager:354 - Change cursor
2025-07-09 09:42:50,993 [INFO] Mcu:2011 - Initializing MCU STM32H743XIHx STM32H743XIHx STM32H743XIH6
2025-07-09 09:42:54,731 [INFO] Context:756 - Trying to add GPIOservice into a context  which must be forbidden
2025-07-09 09:42:56,006 [INFO] ImportTextPane:218 - (OptionalMessage_ERROR) Pin14 (VP_RIF_VS_RIF1) cannot be retrieved for this MCU
2025-07-09 09:42:56,178 [INFO] RtosManager:558 - Registered RTOS mode: class=CMSIS, group=RTOS, mode=CMSIS_V1, owner=FREERTOS
2025-07-09 09:42:56,178 [INFO] RtosManager:558 - Registered RTOS mode: class=CMSIS, group=RTOS2, mode=CMSIS_V2, owner=FREERTOS
2025-07-09 09:42:56,178 [INFO] RtosManager:558 - Registered RTOS mode: class=RTOS, group=Core, mode=CMSIS_V1, owner=FREERTOS
2025-07-09 09:42:56,178 [INFO] RtosManager:558 - Registered RTOS mode: class=RTOS, group=Core, mode=CMSIS_V2, owner=FREERTOS
2025-07-09 09:42:56,178 [WARN] ModelIntegratedComponent:184 - Missing modes for component STMicroelectronics:FreeRTOS:0.0.1:STMicroelectronics:RTOS:FreeRTOS:Core:::10.2.0:
2025-07-09 09:42:56,202 [WARN] ModelIntegratedComponent:63 - No mode defined for component null
2025-07-09 09:42:56,202 [WARN] ModelIntegratedComponent:63 - No mode defined for component null
2025-07-09 09:42:56,202 [WARN] ModelIntegratedComponent:63 - No mode defined for component null
2025-07-09 09:42:56,202 [WARN] ModelIntegratedComponent:63 - No mode defined for component null
2025-07-09 09:42:56,202 [WARN] ModelIntegratedComponent:63 - No mode defined for component null
2025-07-09 09:42:56,202 [WARN] ModelIntegratedComponent:63 - No mode defined for component null
2025-07-09 09:42:56,203 [WARN] ModelIntegratedComponent:63 - No mode defined for component null
2025-07-09 09:42:56,203 [WARN] ModelIntegratedComponent:63 - No mode defined for component null
2025-07-09 09:42:56,203 [WARN] ModelIntegratedComponent:63 - No mode defined for component null
2025-07-09 09:42:56,203 [WARN] ModelIntegratedComponent:63 - No mode defined for component null
2025-07-09 09:42:56,203 [WARN] ModelIntegratedComponent:63 - No mode defined for component null
2025-07-09 09:42:56,203 [WARN] ModelIntegratedComponent:63 - No mode defined for component null
2025-07-09 09:42:56,203 [WARN] ModelIntegratedComponent:63 - No mode defined for component null
2025-07-09 09:42:56,203 [WARN] ModelIntegratedComponent:63 - No mode defined for component null
2025-07-09 09:42:56,203 [WARN] ModelIntegratedComponent:63 - No mode defined for component null
2025-07-09 09:42:56,203 [WARN] ModelIntegratedComponent:63 - No mode defined for component null
2025-07-09 09:42:56,203 [WARN] ModelIntegratedComponent:63 - No mode defined for component null
2025-07-09 09:42:56,203 [WARN] ModelIntegratedComponent:63 - No mode defined for component null
2025-07-09 09:42:56,203 [WARN] ModelIntegratedComponent:63 - No mode defined for component null
2025-07-09 09:42:56,203 [WARN] ModelIntegratedComponent:63 - No mode defined for component null
2025-07-09 09:42:56,203 [WARN] ModelIntegratedComponent:63 - No mode defined for component null
2025-07-09 09:42:56,203 [WARN] ModelIntegratedComponent:63 - No mode defined for component null
2025-07-09 09:42:56,203 [WARN] ModelIntegratedComponent:63 - No mode defined for component null
2025-07-09 09:42:56,204 [WARN] ModelIntegratedComponent:63 - No mode defined for component null
2025-07-09 09:42:56,204 [WARN] ModelIntegratedComponent:63 - No mode defined for component null
2025-07-09 09:42:56,204 [WARN] ModelIntegratedComponent:63 - No mode defined for component null
2025-07-09 09:42:56,204 [WARN] ModelIntegratedComponent:63 - No mode defined for component null
2025-07-09 09:42:56,204 [WARN] ModelIntegratedComponent:63 - No mode defined for component null
2025-07-09 09:42:56,204 [WARN] ModelIntegratedComponent:63 - No mode defined for component null
2025-07-09 09:42:56,204 [WARN] ModelIntegratedComponent:63 - No mode defined for component null
2025-07-09 09:42:56,204 [WARN] ModelIntegratedComponent:63 - No mode defined for component null
2025-07-09 09:42:56,204 [WARN] ModelIntegratedComponent:63 - No mode defined for component null
2025-07-09 09:42:56,204 [WARN] ModelIntegratedComponent:63 - No mode defined for component null
2025-07-09 09:42:56,204 [WARN] ModelIntegratedComponent:63 - No mode defined for component null
2025-07-09 09:42:56,204 [WARN] ModelIntegratedComponent:63 - No mode defined for component null
2025-07-09 09:42:56,204 [WARN] ModelPack:524 - Component already loaded: STMicroelectronics:HAL Drivers:0.0.0:STMicroelectronics:Device:STMicro_Driver:XSPI:HAL::0.0.1:HAL_XSPI
2025-07-09 09:42:56,272 [INFO] ThirdPartyModel:298 - Start build external matchings
2025-07-09 09:42:56,619 [INFO] ThirdPartyModel:316 - End build external matchings
2025-07-09 09:42:56,637 [INFO] ImportTextPane:218 - (OptionalMessage_ERROR) IP (RCC) : Parameter (DFSDMACLkFreq_Value) has invalid value (480000000)
2025-07-09 09:42:56,642 [INFO] ImportTextPane:218 - (OptionalMessage_ERROR) IP (RCC) : Parameter (FDCANFreq_Value) has invalid value (480000000)
2025-07-09 09:42:56,643 [INFO] ImportTextPane:218 - (OptionalMessage_ERROR) IP (RCC) : Invalid parameter (FamilyName)
2025-07-09 09:42:56,643 [INFO] ImportTextPane:218 - (OptionalMessage_ERROR) IP (RCC) : Parameter (SAI1Freq_Value) has invalid value (480000000)
2025-07-09 09:42:56,643 [INFO] ImportTextPane:218 - (OptionalMessage_ERROR) IP (RCC) : Parameter (SAI23Freq_Value) has invalid value (480000000)
2025-07-09 09:42:56,643 [INFO] ImportTextPane:218 - (OptionalMessage_ERROR) IP (RCC) : Parameter (SAI4AFreq_Value) has invalid value (480000000)
2025-07-09 09:42:56,643 [INFO] ImportTextPane:218 - (OptionalMessage_ERROR) IP (RCC) : Parameter (SAI4BFreq_Value) has invalid value (480000000)
2025-07-09 09:42:56,643 [INFO] ImportTextPane:218 - (OptionalMessage_ERROR) IP (RCC) : Parameter (SDMMCFreq_Value) has invalid value (480000000)
2025-07-09 09:42:56,643 [INFO] ImportTextPane:218 - (OptionalMessage_ERROR) IP (RCC) : Parameter (SPDIFRXFreq_Value) has invalid value (480000000)
2025-07-09 09:42:56,643 [INFO] ImportTextPane:218 - (OptionalMessage_ERROR) IP (RCC) : Parameter (USBFreq_Value) has invalid value (480000000)
2025-07-09 09:42:57,499 [INFO] ApiDb:581 - Connected to CubeFinder SQLite database (C:\Users\kccistc\.stmcufinder\plugins\mcufinder\mcu\cube-finder-db.db)
2025-07-09 09:42:57,593 [INFO] ApiDb:668 - CubeFinder database Data Model version=2.1
2025-07-09 09:42:57,594 [INFO] ApiDb:669 - CubeFinder database Configuration version=3.0.39
2025-07-09 09:42:57,595 [INFO] ApiDb:670 - CubeFinder database generation date=2025-06-16 (1750072209)
2025-07-09 09:42:57,595 [INFO] ApiDb:671 - CubeFinder database FW Pack versions=[FP-ATR-ASTRA1_V2.0.0, FP-SNS-FLIGHT1_V5.1.0, FP-SNS-MOTENV1_V5.0.0, FP-SNS-MOTENVWB1_V1.4.0, FP-SNS-SMARTAG2_V1.2.0, FP-SNS-STBOX1_V2.0.0, STM32Cube_FW_C0_V1.4.0, STM32Cube_FW_F4_V1.28.2, STM32Cube_FW_F7_V1.17.3, STM32Cube_FW_G0_V1.6.2, STM32Cube_FW_G4_V1.6.1, STM32Cube_FW_H5_V1.5.0, STM32Cube_FW_H7RS_V1.2.0, STM32Cube_FW_H7_V1.12.1, STM32Cube_FW_L0_V1.12.2, STM32Cube_FW_L4_V1.18.1, STM32Cube_FW_L5_V1.5.1, STM32Cube_FW_N6_V1.1.1, STM32Cube_FW_U0_V1.2.0, STM32Cube_FW_U3_V1.1.0, STM32Cube_FW_U5_V1.7.0, STM32Cube_FW_WB0_V1.2.0, STM32Cube_FW_WBA_V1.6.0, STM32Cube_FW_WB_V1.22.0, STM32Cube_FW_WL3_V1.1.0, STM32Cube_FW_WL_V1.3.1, X-CUBE-ALGOBUILD_V1.4.0, X-CUBE-ALS_V1.0.2, X-CUBE-AZRTOS-F4_V1.1.0, X-CUBE-AZRTOS-F7_V1.1.0, X-CUBE-AZRTOS-G0_V1.1.0, X-CUBE-AZRTOS-G4_V2.0.0, X-CUBE-AZRTOS-H7RS_V1.1.0, X-CUBE-AZRTOS-H7_V3.3.0, X-CUBE-AZRTOS-L4_V2.0.0, X-CUBE-AZRTOS-L5_V2.0.0, X-CUBE-AZRTOS-WB_V2.0.0, X-CUBE-AZRTOS-WL_V2.0.0, X-CUBE-BLE1_V7.1.0, X-CUBE-BLE2_V3.3.0, X-CUBE-BLEMGR_V4.0.0, X-CUBE-EEPRMA1_V5.1.0, X-CUBE-FREERTOS_V1.3.1, X-CUBE-GNSS1_V6.0.0, X-CUBE-MEMS1_V11.3.0, X-CUBE-NFC4_V3.0.0, X-CUBE-NFC7_V2.0.0, X-CUBE-SFXS2LP1_V4.0.0, X-CUBE-SUBG2_V5.0.0, X-CUBE-TOF1_V3.4.3]
2025-07-09 09:42:57,724 [INFO] DbBoardsSqlite:226 - include board P-NUCLEO-WB55-NUCLEO as a kit item of type 'Nucleo-64'
2025-07-09 09:42:57,725 [INFO] DbBoardsSqlite:226 - include board P-NUCLEO-WB55-USBDONGLE as a kit item of type 'Nucleo USB Dongle'
2025-07-09 09:42:57,726 [INFO] DbBoardsSqlite:226 - include board STEVAL-IDP005V1 as a kit item of type 'Evaluation Board'
2025-07-09 09:42:57,726 [INFO] DbBoardsSqlite:226 - include board STEVAL-IDP005V2 as a kit item of type 'Evaluation Board'
2025-07-09 09:42:58,205 [INFO] ApiDb:240 - Found 895 in-development CPN: [B-G473E-ZEST1S, B-WB1M-WPAN1, B-WBA5M-WPAN, B-WL5M-SUBG1, NUCLEO-C031C6, NUCLEO-C051C8, NUCLEO-C071RB, NUCLEO-C092RC, NUCLEO-H503RB, NUCLEO-H533RE, NUCLEO-H563ZI, NUCLEO-H7S3L8, NUCLEO-N657X0-Q, NUCLEO-U031R8, NUCLEO-U083RC, NUCLEO-U385RG-Q, NUCLEO-U545RE-Q, NUCLEO-U5A5ZJ-Q, NUCLEO-WB05KZ, NUCLEO-WB07CC, NUCLEO-WB09KE, NUCLEO-WBA52CG, NUCLEO-WBA55CG, NUCLEO-WBA65RI, NUCLEO-WL33CC1, NUCLEO-WL33CC2, STEVAL-PROTEUS1, STEVAL-SMARTAG2, STEVAL-STWINBX1, STM320518-EVAL, STM32C0116-DK, STM32C011D6Y3TR, STM32C011D6Y6TR, STM32C011F4P3, STM32C011F4P6, STM32C011F4U3, STM32C011F4U6TR, STM32C011F6P3, STM32C011F6P6, STM32C011F6U3, STM32C011F6U6TR, STM32C011J4M3, STM32C011J4M6, STM32C011J6M3, STM32C011J6M6, STM32C0316-DK, STM32C031C4T3, STM32C031C4T6, STM32C031C4U3, STM32C031C4U6, STM32C031C6T3, STM32C031C6T6, STM32C031C6U3, STM32C031C6U6, STM32C031F4P3, STM32C031F4P6, STM32C031F6P3, STM32C031F6P6, STM32C031G4U3, STM32C031G4U6, STM32C031G6U3, STM32C031G6U6, STM32C031K4T3, STM32C031K4T6, STM32C031K4U3, STM32C031K4U6, STM32C031K6T3, STM32C031K6T6, STM32C031K6U3, STM32C031K6U6, STM32C051C6T6, STM32C051C6U6, STM32C051C8T6, STM32C051C8U6, STM32C051D8Y6TR, STM32C051F6P6, STM32C051F8P6, STM32C051G6U6, STM32C051G8U6, STM32C051K6T6, STM32C051K6U6, STM32C051K8T6, STM32C071C8T6, STM32C071C8T6N, STM32C071C8U6, STM32C071C8U6N, STM32C071CBT6, STM32C071CBT6N, STM32C071CBU6, STM32C071CBU6N, STM32C071F8P6, STM32C071F8P6N, STM32C071FBP6, STM32C071FBP6N, STM32C071FBY6TR, STM32C071G8U6, STM32C071G8U6N, STM32C071GBU6, STM32C071GBU6N, STM32C071K8T6, STM32C071K8T6N, STM32C071K8U6, STM32C071K8U6N, STM32C071KBT6, STM32C071KBT6N, STM32C071KBU6, STM32C071KBU6N, STM32C071R8T6, STM32C071R8T6N, STM32C071RBI6N, STM32C071RBT6, STM32C071RBT6N, STM32C091CBT6, STM32C091CBU6, STM32C091CCT6, STM32C091CCU6, STM32C091ECY6TR, STM32C091FBP6, STM32C091FCP6, STM32C091GBU6, STM32C091GCU6, STM32C091KBT6, STM32C091KBU6, STM32C091KCT6, STM32C091KCU6, STM32C091RBT6, STM32C091RCI6, STM32C091RCT6, STM32C092CBT6, STM32C092CBU6, STM32C092CCT6, STM32C092CCU6, STM32C092ECY6TR, STM32C092FBP6, STM32C092FCP6, STM32C092GBU6, STM32C092GCU6, STM32C092KBT6, STM32C092KBU6, STM32C092KCT6, STM32C092KCU6, STM32C092RBT6, STM32C092RCI6, STM32C092RCT6, STM32G071K8TXN, STM32G071K8UXN, STM32G081GBU6N, STM32G081KBT6N, STM32G081KBUXN, STM32G0B1CCT6N, STM32G0B1KCT6, STM32G0B1NEY6TR, STM32G0B1RCT6N, STM32G0C1CCT6, STM32G0C1CCT6N, STM32G0C1CCU6N, STM32G0C1CET6N, STM32G0C1CEU6N, STM32G0C1KCT6, STM32G0C1NEY6TR, STM32G0C1RCI6N, STM32G0C1RCT6N, STM32G0C1REI6N, STM32G0C1RET6N, STM32G0C1VCI6, STM32G0C1VEI6, STM32G411C6T3, STM32G411C6T6, STM32G411C6U3, STM32G411C6U6, STM32G411C8T3, STM32G411C8T6, STM32G411C8U3, STM32G411C8U6, STM32G411CBT3, STM32G411CBT6, STM32G411CBU3, STM32G411CBU6, STM32G411CCT3, STM32G411CCT6, STM32G411CCU3, STM32G411CCU6, STM32G411K6T3, STM32G411K6T6, STM32G411K6U3, STM32G411K6U6, STM32G411K8T3, STM32G411K8T6, STM32G411K8U3, STM32G411K8U6, STM32G411KBT3, STM32G411KBT6, STM32G411KBU3, STM32G411KBU6, STM32G411M6T3, STM32G411M6T6, STM32G411M8T3, STM32G411M8T6, STM32G411MBT3, STM32G411MBT6, STM32G411MCT3, STM32G411MCT6, STM32G411R6T3, STM32G411R6T6, STM32G411R8T3, STM32G411R8T6, STM32G411RBT3, STM32G411RBT6, STM32G411RCT3, STM32G411RCT6, STM32G414CBT3, STM32G414CBT6, STM32G414CBU3, STM32G414CBU6, STM32G414CCT3, STM32G414CCT6, STM32G414CCU3, STM32G414CCU6, STM32G414MBT3, STM32G414MBT6, STM32G414MCT3, STM32G414MCT6, STM32G414RBT3, STM32G414RBT6, STM32G414RCT3, STM32G414RCT6, STM32G414VBT3, STM32G414VBT6, STM32G414VCT3, STM32G414VCT6, STM32G431CBT3Z, STM32G431RBT3Z, STM32G471CCT6, STM32G471CCU6, STM32G471CET3, STM32G471CET6, STM32G471CEU3, STM32G471CEU6, STM32G471MCT6, STM32G471MET3, STM32G471MET6, STM32G471MEY6TR, STM32G471QCT6, STM32G471QET3, STM32G471RCT6, STM32G471RET3, STM32G471RET6, STM32G471VCH6, STM32G471VCI6, STM32G471VCT6, STM32G471VEH3, STM32G471VEH6, STM32G471VEI3, STM32G471VEI6, STM32G471VET3, STM32G471VET6, STM32G473QET3Z, STM32G473RET3Z, STM32G474CCT6, STM32G491RET3Z, STM32H503CBT6, STM32H503CBU6, STM32H503EBY6TR, STM32H503KBU6, STM32H503RBT6, STM32H523CCT6, STM32H523CCU6, STM32H523CET6, STM32H523CEU6, STM32H523HEY6TR, STM32H523RCT6, STM32H523RET6, STM32H523VCI6, STM32H523VCT6, STM32H523VEI6, STM32H523VET6, STM32H523ZCJ6, STM32H523ZCT6, STM32H523ZEJ6, STM32H523ZET6, STM32H533CET6, STM32H533CEU6, STM32H533HEY6TR, STM32H533RET6, STM32H533VEI6, STM32H533VET6, STM32H533ZEJ6, STM32H533ZET6, STM32H562AGI6, STM32H562AII6, STM32H562IGK6, STM32H562IGT6, STM32H562IIK6, STM32H562IIT6, STM32H562RGT6, STM32H562RGV6, STM32H562RIT6, STM32H562RIV6, STM32H562VGT6, STM32H562VIT6, STM32H562ZGT6, STM32H562ZIT6, STM32H563AGI6, STM32H563AII3Q, STM32H563AII6, STM32H563IGK6, STM32H563IGT6, STM32H563IIK3Q, STM32H563IIK6, STM32H563IIT3Q, STM32H563IIT6, STM32H563MIY3QTR, STM32H563RGT6, STM32H563RGV6, STM32H563RIT6, STM32H563RIV6, STM32H563VGT6, STM32H563VIT3Q, STM32H563VIT6, STM32H563ZGT6, STM32H563ZIT3Q, STM32H563ZIT6, STM32H573AII3Q, STM32H573AII6, STM32H573I-DK, STM32H573IIK3Q, STM32H573IIK6, STM32H573IIT3Q, STM32H573IIT6, STM32H573MIY3QTR, STM32H573RIT6, STM32H573RIV6, STM32H573VIT3Q, STM32H573VIT6, STM32H573ZIT3Q, STM32H573ZIT6, STM32H7R3A8I6, STM32H7R3I8K6, STM32H7R3I8T6, STM32H7R3L8H6, STM32H7R3L8H6H, STM32H7R3R8V6, STM32H7R3V8H6, STM32H7R3V8T6, STM32H7R3V8Y6TR, STM32H7R3Z8J6, STM32H7R3Z8T6, STM32H7R7A8I6, STM32H7R7I8K6, STM32H7R7I8T6, STM32H7R7L8H6, STM32H7R7L8H6H, STM32H7R7Z8J6, STM32H7S3A8I6, STM32H7S3I8K6, STM32H7S3I8T6, STM32H7S3L8H6, STM32H7S3L8H6H, STM32H7S3R8V6, STM32H7S3V8H6, STM32H7S3V8T6, STM32H7S3V8Y6TR, STM32H7S3Z8J6, STM32H7S3Z8T6, STM32H7S78-DK, STM32H7S7A8I6, STM32H7S7I8K6, STM32H7S7I8T6, STM32H7S7L8H6, STM32H7S7L8H6H, STM32H7S7Z8J6, STM32L4R5QGI6STR, STM32MP131AAE3, STM32MP131AAF3, STM32MP131AAG3, STM32MP131CAE3, STM32MP131CAF3, STM32MP131CAG3, STM32MP131DAE7, STM32MP131DAF7, STM32MP131DAG7, STM32MP131FAE7, STM32MP131FAF7, STM32MP131FAG7, STM32MP133AAE3, STM32MP133AAF3, STM32MP133AAG3, STM32MP133CAE3, STM32MP133CAF3, STM32MP133CAG3, STM32MP133DAE7, STM32MP133DAF7, STM32MP133DAG7, STM32MP133FAE7, STM32MP133FAF7, STM32MP133FAG7, STM32MP135AAE3, STM32MP135AAF3, STM32MP135AAG3, STM32MP135CAE3, STM32MP135CAF3, STM32MP135CAG3, STM32MP135DAE7, STM32MP135DAF7, STM32MP135DAG7, STM32MP135F-DK, STM32MP135FAE7, STM32MP135FAF7, STM32MP135FAF7T, STM32MP135FAF7U, STM32MP135FAG7, STM32MP231AAJ3, STM32MP231AAK3, STM32MP231AAL3, STM32MP231CAJ3, STM32MP231CAK3, STM32MP231CAL3, STM32MP231DAJ3, STM32MP231DAK3, STM32MP231DAL3, STM32MP231FAJ3, STM32MP231FAK3, STM32MP231FAL3, STM32MP233AAJ3, STM32MP233AAK3, STM32MP233AAL3, STM32MP233CAJ3, STM32MP233CAK3, STM32MP233CAL3, STM32MP233DAJ3, STM32MP233DAK3, STM32MP233DAL3, STM32MP233FAJ3, STM32MP233FAK3, STM32MP233FAL3, STM32MP235AAJ3, STM32MP235AAK3, STM32MP235AAL3, STM32MP235CAJ3, STM32MP235CAK3, STM32MP235CAL3, STM32MP235DAJ3, STM32MP235DAK3, STM32MP235DAL3, STM32MP235FAJ3, STM32MP235FAK3, STM32MP235FAL3, STM32MP251AAI3, STM32MP251AAJ3, STM32MP251AAK3, STM32MP251AAL3, STM32MP251CAI3, STM32MP251CAJ3, STM32MP251CAK3, STM32MP251CAL3, STM32MP251DAI3, STM32MP251DAJ3, STM32MP251DAK3, STM32MP251DAL3, STM32MP251FAI3, STM32MP251FAJ3, STM32MP251FAK3, STM32MP251FAL3, STM32MP253AAI3, STM32MP253AAJ3, STM32MP253AAK3, STM32MP253AAL3, STM32MP253CAI3, STM32MP253CAJ3, STM32MP253CAK3, STM32MP253CAL3, STM32MP253DAI3, STM32MP253DAJ3, STM32MP253DAK3, STM32MP253DAL3, STM32MP253FAI3, STM32MP253FAJ3, STM32MP253FAK3, STM32MP253FAL3, STM32MP255AAI3, STM32MP255AAJ3, STM32MP255AAK3, STM32MP255AAL3, STM32MP255CAI3, STM32MP255CAJ3, STM32MP255CAK3, STM32MP255CAL3, STM32MP255DAI3, STM32MP255DAJ3, STM32MP255DAK3, STM32MP255DAL3, STM32MP255FAI3, STM32MP255FAJ3, STM32MP255FAK3, STM32MP255FAL3, STM32MP257AAI3, STM32MP257AAJ3, STM32MP257AAK3, STM32MP257AAL3, STM32MP257CAI3, STM32MP257CAJ3, STM32MP257CAK3, STM32MP257CAL3, STM32MP257DAI3, STM32MP257DAJ3, STM32MP257DAK3, STM32MP257DAL3, STM32MP257F-DK, STM32MP257F-EV1, STM32MP257FAI3, STM32MP257FAJ3, STM32MP257FAK3, STM32MP257FAL3, STM32N645A0H3Q, STM32N645B0H3Q, STM32N645I0H3Q, STM32N645L0H3Q, STM32N645X0H3Q, STM32N645Z0H3Q, STM32N647A0H3Q, STM32N647B0H3Q, STM32N647I0H3Q, STM32N647L0H3Q, STM32N647X0H3Q, STM32N647Z0H3Q, STM32N655A0H3Q, STM32N655B0H3Q, STM32N655I0H3Q, STM32N655L0H3Q, STM32N655X0H3Q, STM32N655Z0H3Q, STM32N6570-DK, STM32N657A0H3Q, STM32N657B0H3Q, STM32N657I0H3Q, STM32N657L0H3Q, STM32N657X0H3Q, STM32N657Z0H3Q, STM32U031C6T6, STM32U031C6U6, STM32U031C8T6, STM32U031C8U6, STM32U031F4P6, STM32U031F6P6, STM32U031F8P6, STM32U031G6Y6TR, STM32U031G8Y6TR, STM32U031K4U6, STM32U031K6U6, STM32U031K8U6, STM32U031R6I6, STM32U031R6T6, STM32U031R8I6, STM32U031R8T6, STM32U073C8T6, STM32U073C8U6, STM32U073CBT6, STM32U073CBU6, STM32U073CCT6, STM32U073CCU6, STM32U073H8Y6TR, STM32U073HBY6TR, STM32U073HCY6TR, STM32U073K8U6, STM32U073KBU6, STM32U073KCU6, STM32U073M8I6, STM32U073M8T6, STM32U073MBI6, STM32U073MBT6, STM32U073MCI6, STM32U073MCT6, STM32U073R8I6, STM32U073R8T6, STM32U073RBI6, STM32U073RBT6, STM32U073RCI6, STM32U073RCT6, STM32U083C-DK, STM32U083CCT6, STM32U083CCU6, STM32U083HCY6TR, STM32U083KCU6, STM32U083MCI6, STM32U083MCT6, STM32U083RCI6, STM32U083RCT6, STM32U375CET6, STM32U375CET6Q, STM32U375CEU6, STM32U375CEU6Q, STM32U375CEY6QTR, STM32U375CGT6, STM32U375CGT6Q, STM32U375CGU6, STM32U375CGU6Q, STM32U375CGY6QTR, STM32U375KEU6, STM32U375KGU6, STM32U375REI6, STM32U375REI6Q, STM32U375RET6, STM32U375RET6Q, STM32U375REY6GTR, STM32U375REY6QTR, STM32U375RGI6, STM32U375RGI6Q, STM32U375RGT6, STM32U375RGT6Q, STM32U375RGY6GTR, STM32U375RGY6QTR, STM32U375VEI6, STM32U375VEI6Q, STM32U375VET6, STM32U375VET6Q, STM32U375VGI6, STM32U375VGI6Q, STM32U375VGT6, STM32U375VGT6Q, STM32U385CGT6, STM32U385CGT6Q, STM32U385CGU6, STM32U385CGU6Q, STM32U385CGY6QTR, STM32U385KGU6, STM32U385RGI6, STM32U385RGI6Q, STM32U385RGT6, STM32U385RGT6Q, STM32U385RGY6GTR, STM32U385RGY6QTR, STM32U385VGI6, STM32U385VGI6Q, STM32U385VGT6, STM32U385VGT6Q, STM32U535CBT6, STM32U535CBT6Q, STM32U535CBU6, STM32U535CBU6Q, STM32U535CCT6, STM32U535CCT6Q, STM32U535CCU6, STM32U535CCU6Q, STM32U535CET6, STM32U535CET6Q, STM32U535CEU6, STM32U535CEU6Q, STM32U535JEY6QTR, STM32U535NCY6QTR, STM32U535NEY6QTR, STM32U535RBI6, STM32U535RBI6Q, STM32U535RBT6, STM32U535RBT6Q, STM32U535RCI6, STM32U535RCI6Q, STM32U535RCT6, STM32U535RCT6Q, STM32U535REI6, STM32U535REI6Q, STM32U535RET6, STM32U535RET6Q, STM32U535VCI6, STM32U535VCI6Q, STM32U535VCT6, STM32U535VCT6Q, STM32U535VEI6, STM32U535VEI6Q, STM32U535VET6, STM32U535VET6Q, STM32U545CET6, STM32U545CET6Q, STM32U545CEU6, STM32U545CEU6Q, STM32U545JEY6QTR, STM32U545NEY6QTR, STM32U545REI6, STM32U545REI6Q, STM32U545RET6, STM32U545RET6Q, STM32U545VEI6, STM32U545VEI6Q, STM32U545VET6, STM32U545VET6Q, STM32U595AIH6, STM32U595AIH6Q, STM32U595AJH6, STM32U595AJH6Q, STM32U595QII6, STM32U595QII6Q, STM32U595QJI6, STM32U595QJI6Q, STM32U595RIT6, STM32U595RIT6Q, STM32U595RJT6, STM32U595RJT6Q, STM32U595VIT6, STM32U595VIT6Q, STM32U595VJT6, STM32U595VJT6Q, STM32U595ZIT6, STM32U595ZIT6Q, STM32U595ZIY6QTR, STM32U595ZJT6, STM32U595ZJT6Q, STM32U595ZJY6QTR, STM32U599BJY6QTR, STM32U599NIH6Q, STM32U599NJH6Q, STM32U599VIT6Q, STM32U599VJT6, STM32U599VJT6Q, STM32U599ZIT6Q, STM32U599ZIY6QTR, STM32U599ZJT6Q, STM32U599ZJY6QTR, STM32U5A5AJH6, STM32U5A5AJH6Q, STM32U5A5QII3Q , STM32U5A5QJI6, STM32U5A5QJI6Q, STM32U5A5RJT6, STM32U5A5RJT6Q, STM32U5A5VJT6, STM32U5A5VJT6Q, STM32U5A5ZJT6, STM32U5A5ZJT6Q, STM32U5A5ZJY6QTR, STM32U5A9BJY6QTR, STM32U5A9J-DK, STM32U5A9NJH6Q, STM32U5A9VJT6Q, STM32U5A9ZJT6Q, STM32U5A9ZJY6QTR, STM32U5F7VIT6, STM32U5F7VIT6Q, STM32U5F7VJT6, STM32U5F7VJT6Q, STM32U5F9BJY6QTR, STM32U5F9NJH6Q, STM32U5F9VIT6Q, STM32U5F9VJT6Q, STM32U5F9ZIJ6QTR, STM32U5F9ZIT6Q, STM32U5F9ZJJ6QTR, STM32U5F9ZJT6Q, STM32U5G7VJT6, STM32U5G7VJT6Q, STM32U5G9BJY6QTR, STM32U5G9J-DK1, STM32U5G9J-DK2, STM32U5G9NJH6Q, STM32U5G9VJT6Q, STM32U5G9ZJJ6QTR, STM32U5G9ZJT6Q, STM32WB05KZV6TR, STM32WB05KZV7TR, STM32WB05TZF6TR, STM32WB05TZF7TR, STM32WB06CCF6TR, STM32WB06CCF7TR, STM32WB06CCV6TR, STM32WB06CCV7TR, STM32WB06KCV6TR, STM32WB06KCV7TR, STM32WB07CCF6TR, STM32WB07CCF7TR, STM32WB07CCV6TR, STM32WB07CCV7TR, STM32WB07KCV6TR, STM32WB07KCV7TR, STM32WB09KEV6TR, STM32WB09KEV7TR, STM32WB09TEF6TR, STM32WB09TEF7TR, STM32WB1MMCH6, STM32WBA50KGU6, STM32WBA50KGU6TR, STM32WBA52CEU6, STM32WBA52CEU6TR, STM32WBA52CEU7, STM32WBA52CEU7TR, STM32WBA52CGU6, STM32WBA52CGU6TR, STM32WBA52CGU6U, STM32WBA52CGU7, STM32WBA52CGU7TR, STM32WBA52KEU6, STM32WBA52KEU6TR, STM32WBA52KGU6, STM32WBA52KGU6TR, STM32WBA54CEU6, STM32WBA54CEU6TR, STM32WBA54CEU7, STM32WBA54CEU7TR, STM32WBA54CGU6, STM32WBA54CGU6TR, STM32WBA54CGU7, STM32WBA54CGU7TR, STM32WBA54KEU6, STM32WBA54KEU6TR, STM32WBA54KEU7, STM32WBA54KEU7TR, STM32WBA54KGU6, STM32WBA54KGU6TR, STM32WBA54KGU7, STM32WBA54KGU7TR, STM32WBA55CEU6, STM32WBA55CEU6TR, STM32WBA55CEU7, STM32WBA55CEU7TR, STM32WBA55CGU6, STM32WBA55CGU6TR, STM32WBA55CGU6U, STM32WBA55CGU7, STM32WBA55CGU7TR, STM32WBA55G-DK1, STM32WBA55HEF6, STM32WBA55HEF7, STM32WBA55HGF6, STM32WBA55HGF7, STM32WBA55UEI6, STM32WBA55UEI6TR, STM32WBA55UEI7, STM32WBA55UEI7TR, STM32WBA55UGI6, STM32WBA55UGI6TR, STM32WBA55UGI7, STM32WBA55UGI7TR, STM32WBA5MJGH6TR, STM32WBA62CGU6, STM32WBA62CIU6, STM32WBA62MGF6, STM32WBA62MIF6, STM32WBA62PGI6, STM32WBA62PII6, STM32WBA63CGU6, STM32WBA63CGU7, STM32WBA63CIU6, STM32WBA63CIU7, STM32WBA64CGU6, STM32WBA64CGU7, STM32WBA64CIU6, STM32WBA64CIU7, STM32WBA65CGU6, STM32WBA65CGU7, STM32WBA65CIU6, STM32WBA65CIU7, STM32WBA65I-DK1, STM32WBA65MGF6, STM32WBA65MGF7, STM32WBA65MIF6, STM32WBA65MIF7, STM32WBA65PGI6, STM32WBA65PGI7, STM32WBA65PII6, STM32WBA65PII7, STM32WBA65RGV6, STM32WBA65RGV7, STM32WBA65RIV6, STM32WBA65RIV7, STM32WL30K8V6, STM32WL30KBV6, STM32WL31C8V6, STM32WL31CBV6, STM32WL31K8V6, STM32WL31KBV6, STM32WL33C8V6, STM32WL33C8V6TR, STM32WL33C8V7, STM32WL33C8V7TR, STM32WL33CBV6, STM32WL33CBV6TR, STM32WL33CBV7, STM32WL33CBV7TR, STM32WL33CCV6, STM32WL33CCV6TR, STM32WL33CCV7, STM32WL33CCV7A, STM32WL33CCV7ATR, STM32WL33CCV7TR, STM32WL33K8V6, STM32WL33K8V6TR, STM32WL33K8V7, STM32WL33K8V7TR, STM32WL33KBV6, STM32WL33KBV6TR, STM32WL33KBV7, STM32WL33KBV7TR, STM32WL33KCV6, STM32WL33KCV6TR, STM32WL33KCV7, STM32WL33KCV7TR, STM32WL5MOCH6, STM32WL5MOCH6TR]
2025-07-09 09:42:58,401 [INFO] BoardInfo:889 - No configuration file found for board P-NUCLEO-WB55
2025-07-09 09:42:58,402 [INFO] DbBoards:161 - Kit is not supported: P-NUCLEO-WB55
2025-07-09 09:42:58,407 [INFO] BoardInfo:889 - No configuration file found for board STEVAL-BFA001V1B
2025-07-09 09:42:58,410 [INFO] DbBoards:161 - Kit is not supported: STEVAL-BFA001V1B
2025-07-09 09:42:58,411 [INFO] BoardInfo:889 - No configuration file found for board STEVAL-BFA001V2B
2025-07-09 09:42:58,413 [INFO] DbBoards:161 - Kit is not supported: STEVAL-BFA001V2B
2025-07-09 09:42:58,597 [INFO] DbBoards:168 - Found 211 boards, 208 are supported
2025-07-09 09:42:58,597 [INFO] DbBoards:169 - Found 211 boards, 43 of them is supported for  Bsp
2025-07-09 09:42:58,600 [INFO] ApiDb:668 - CubeFinder database Data Model version=2.1
2025-07-09 09:42:58,600 [INFO] ApiDb:669 - CubeFinder database Configuration version=3.0.39
2025-07-09 09:42:58,600 [INFO] ApiDb:670 - CubeFinder database generation date=2025-06-16 (1750072209)
2025-07-09 09:42:58,600 [INFO] ApiDb:671 - CubeFinder database FW Pack versions=[FP-ATR-ASTRA1_V2.0.0, FP-SNS-FLIGHT1_V5.1.0, FP-SNS-MOTENV1_V5.0.0, FP-SNS-MOTENVWB1_V1.4.0, FP-SNS-SMARTAG2_V1.2.0, FP-SNS-STBOX1_V2.0.0, STM32Cube_FW_C0_V1.4.0, STM32Cube_FW_F4_V1.28.2, STM32Cube_FW_F7_V1.17.3, STM32Cube_FW_G0_V1.6.2, STM32Cube_FW_G4_V1.6.1, STM32Cube_FW_H5_V1.5.0, STM32Cube_FW_H7RS_V1.2.0, STM32Cube_FW_H7_V1.12.1, STM32Cube_FW_L0_V1.12.2, STM32Cube_FW_L4_V1.18.1, STM32Cube_FW_L5_V1.5.1, STM32Cube_FW_N6_V1.1.1, STM32Cube_FW_U0_V1.2.0, STM32Cube_FW_U3_V1.1.0, STM32Cube_FW_U5_V1.7.0, STM32Cube_FW_WB0_V1.2.0, STM32Cube_FW_WBA_V1.6.0, STM32Cube_FW_WB_V1.22.0, STM32Cube_FW_WL3_V1.1.0, STM32Cube_FW_WL_V1.3.1, X-CUBE-ALGOBUILD_V1.4.0, X-CUBE-ALS_V1.0.2, X-CUBE-AZRTOS-F4_V1.1.0, X-CUBE-AZRTOS-F7_V1.1.0, X-CUBE-AZRTOS-G0_V1.1.0, X-CUBE-AZRTOS-G4_V2.0.0, X-CUBE-AZRTOS-H7RS_V1.1.0, X-CUBE-AZRTOS-H7_V3.3.0, X-CUBE-AZRTOS-L4_V2.0.0, X-CUBE-AZRTOS-L5_V2.0.0, X-CUBE-AZRTOS-WB_V2.0.0, X-CUBE-AZRTOS-WL_V2.0.0, X-CUBE-BLE1_V7.1.0, X-CUBE-BLE2_V3.3.0, X-CUBE-BLEMGR_V4.0.0, X-CUBE-EEPRMA1_V5.1.0, X-CUBE-FREERTOS_V1.3.1, X-CUBE-GNSS1_V6.0.0, X-CUBE-MEMS1_V11.3.0, X-CUBE-NFC4_V3.0.0, X-CUBE-NFC7_V2.0.0, X-CUBE-SFXS2LP1_V4.0.0, X-CUBE-SUBG2_V5.0.0, X-CUBE-TOF1_V3.4.3]
2025-07-09 09:42:59,945 [INFO] ApiDb:240 - Found 895 in-development CPN: [B-G473E-ZEST1S, B-WB1M-WPAN1, B-WBA5M-WPAN, B-WL5M-SUBG1, NUCLEO-C031C6, NUCLEO-C051C8, NUCLEO-C071RB, NUCLEO-C092RC, NUCLEO-H503RB, NUCLEO-H533RE, NUCLEO-H563ZI, NUCLEO-H7S3L8, NUCLEO-N657X0-Q, NUCLEO-U031R8, NUCLEO-U083RC, NUCLEO-U385RG-Q, NUCLEO-U545RE-Q, NUCLEO-U5A5ZJ-Q, NUCLEO-WB05KZ, NUCLEO-WB07CC, NUCLEO-WB09KE, NUCLEO-WBA52CG, NUCLEO-WBA55CG, NUCLEO-WBA65RI, NUCLEO-WL33CC1, NUCLEO-WL33CC2, STEVAL-PROTEUS1, STEVAL-SMARTAG2, STEVAL-STWINBX1, STM320518-EVAL, STM32C0116-DK, STM32C011D6Y3TR, STM32C011D6Y6TR, STM32C011F4P3, STM32C011F4P6, STM32C011F4U3, STM32C011F4U6TR, STM32C011F6P3, STM32C011F6P6, STM32C011F6U3, STM32C011F6U6TR, STM32C011J4M3, STM32C011J4M6, STM32C011J6M3, STM32C011J6M6, STM32C0316-DK, STM32C031C4T3, STM32C031C4T6, STM32C031C4U3, STM32C031C4U6, STM32C031C6T3, STM32C031C6T6, STM32C031C6U3, STM32C031C6U6, STM32C031F4P3, STM32C031F4P6, STM32C031F6P3, STM32C031F6P6, STM32C031G4U3, STM32C031G4U6, STM32C031G6U3, STM32C031G6U6, STM32C031K4T3, STM32C031K4T6, STM32C031K4U3, STM32C031K4U6, STM32C031K6T3, STM32C031K6T6, STM32C031K6U3, STM32C031K6U6, STM32C051C6T6, STM32C051C6U6, STM32C051C8T6, STM32C051C8U6, STM32C051D8Y6TR, STM32C051F6P6, STM32C051F8P6, STM32C051G6U6, STM32C051G8U6, STM32C051K6T6, STM32C051K6U6, STM32C051K8T6, STM32C071C8T6, STM32C071C8T6N, STM32C071C8U6, STM32C071C8U6N, STM32C071CBT6, STM32C071CBT6N, STM32C071CBU6, STM32C071CBU6N, STM32C071F8P6, STM32C071F8P6N, STM32C071FBP6, STM32C071FBP6N, STM32C071FBY6TR, STM32C071G8U6, STM32C071G8U6N, STM32C071GBU6, STM32C071GBU6N, STM32C071K8T6, STM32C071K8T6N, STM32C071K8U6, STM32C071K8U6N, STM32C071KBT6, STM32C071KBT6N, STM32C071KBU6, STM32C071KBU6N, STM32C071R8T6, STM32C071R8T6N, STM32C071RBI6N, STM32C071RBT6, STM32C071RBT6N, STM32C091CBT6, STM32C091CBU6, STM32C091CCT6, STM32C091CCU6, STM32C091ECY6TR, STM32C091FBP6, STM32C091FCP6, STM32C091GBU6, STM32C091GCU6, STM32C091KBT6, STM32C091KBU6, STM32C091KCT6, STM32C091KCU6, STM32C091RBT6, STM32C091RCI6, STM32C091RCT6, STM32C092CBT6, STM32C092CBU6, STM32C092CCT6, STM32C092CCU6, STM32C092ECY6TR, STM32C092FBP6, STM32C092FCP6, STM32C092GBU6, STM32C092GCU6, STM32C092KBT6, STM32C092KBU6, STM32C092KCT6, STM32C092KCU6, STM32C092RBT6, STM32C092RCI6, STM32C092RCT6, STM32G071K8TXN, STM32G071K8UXN, STM32G081GBU6N, STM32G081KBT6N, STM32G081KBUXN, STM32G0B1CCT6N, STM32G0B1KCT6, STM32G0B1NEY6TR, STM32G0B1RCT6N, STM32G0C1CCT6, STM32G0C1CCT6N, STM32G0C1CCU6N, STM32G0C1CET6N, STM32G0C1CEU6N, STM32G0C1KCT6, STM32G0C1NEY6TR, STM32G0C1RCI6N, STM32G0C1RCT6N, STM32G0C1REI6N, STM32G0C1RET6N, STM32G0C1VCI6, STM32G0C1VEI6, STM32G411C6T3, STM32G411C6T6, STM32G411C6U3, STM32G411C6U6, STM32G411C8T3, STM32G411C8T6, STM32G411C8U3, STM32G411C8U6, STM32G411CBT3, STM32G411CBT6, STM32G411CBU3, STM32G411CBU6, STM32G411CCT3, STM32G411CCT6, STM32G411CCU3, STM32G411CCU6, STM32G411K6T3, STM32G411K6T6, STM32G411K6U3, STM32G411K6U6, STM32G411K8T3, STM32G411K8T6, STM32G411K8U3, STM32G411K8U6, STM32G411KBT3, STM32G411KBT6, STM32G411KBU3, STM32G411KBU6, STM32G411M6T3, STM32G411M6T6, STM32G411M8T3, STM32G411M8T6, STM32G411MBT3, STM32G411MBT6, STM32G411MCT3, STM32G411MCT6, STM32G411R6T3, STM32G411R6T6, STM32G411R8T3, STM32G411R8T6, STM32G411RBT3, STM32G411RBT6, STM32G411RCT3, STM32G411RCT6, STM32G414CBT3, STM32G414CBT6, STM32G414CBU3, STM32G414CBU6, STM32G414CCT3, STM32G414CCT6, STM32G414CCU3, STM32G414CCU6, STM32G414MBT3, STM32G414MBT6, STM32G414MCT3, STM32G414MCT6, STM32G414RBT3, STM32G414RBT6, STM32G414RCT3, STM32G414RCT6, STM32G414VBT3, STM32G414VBT6, STM32G414VCT3, STM32G414VCT6, STM32G431CBT3Z, STM32G431RBT3Z, STM32G471CCT6, STM32G471CCU6, STM32G471CET3, STM32G471CET6, STM32G471CEU3, STM32G471CEU6, STM32G471MCT6, STM32G471MET3, STM32G471MET6, STM32G471MEY6TR, STM32G471QCT6, STM32G471QET3, STM32G471RCT6, STM32G471RET3, STM32G471RET6, STM32G471VCH6, STM32G471VCI6, STM32G471VCT6, STM32G471VEH3, STM32G471VEH6, STM32G471VEI3, STM32G471VEI6, STM32G471VET3, STM32G471VET6, STM32G473QET3Z, STM32G473RET3Z, STM32G474CCT6, STM32G491RET3Z, STM32H503CBT6, STM32H503CBU6, STM32H503EBY6TR, STM32H503KBU6, STM32H503RBT6, STM32H523CCT6, STM32H523CCU6, STM32H523CET6, STM32H523CEU6, STM32H523HEY6TR, STM32H523RCT6, STM32H523RET6, STM32H523VCI6, STM32H523VCT6, STM32H523VEI6, STM32H523VET6, STM32H523ZCJ6, STM32H523ZCT6, STM32H523ZEJ6, STM32H523ZET6, STM32H533CET6, STM32H533CEU6, STM32H533HEY6TR, STM32H533RET6, STM32H533VEI6, STM32H533VET6, STM32H533ZEJ6, STM32H533ZET6, STM32H562AGI6, STM32H562AII6, STM32H562IGK6, STM32H562IGT6, STM32H562IIK6, STM32H562IIT6, STM32H562RGT6, STM32H562RGV6, STM32H562RIT6, STM32H562RIV6, STM32H562VGT6, STM32H562VIT6, STM32H562ZGT6, STM32H562ZIT6, STM32H563AGI6, STM32H563AII3Q, STM32H563AII6, STM32H563IGK6, STM32H563IGT6, STM32H563IIK3Q, STM32H563IIK6, STM32H563IIT3Q, STM32H563IIT6, STM32H563MIY3QTR, STM32H563RGT6, STM32H563RGV6, STM32H563RIT6, STM32H563RIV6, STM32H563VGT6, STM32H563VIT3Q, STM32H563VIT6, STM32H563ZGT6, STM32H563ZIT3Q, STM32H563ZIT6, STM32H573AII3Q, STM32H573AII6, STM32H573I-DK, STM32H573IIK3Q, STM32H573IIK6, STM32H573IIT3Q, STM32H573IIT6, STM32H573MIY3QTR, STM32H573RIT6, STM32H573RIV6, STM32H573VIT3Q, STM32H573VIT6, STM32H573ZIT3Q, STM32H573ZIT6, STM32H7R3A8I6, STM32H7R3I8K6, STM32H7R3I8T6, STM32H7R3L8H6, STM32H7R3L8H6H, STM32H7R3R8V6, STM32H7R3V8H6, STM32H7R3V8T6, STM32H7R3V8Y6TR, STM32H7R3Z8J6, STM32H7R3Z8T6, STM32H7R7A8I6, STM32H7R7I8K6, STM32H7R7I8T6, STM32H7R7L8H6, STM32H7R7L8H6H, STM32H7R7Z8J6, STM32H7S3A8I6, STM32H7S3I8K6, STM32H7S3I8T6, STM32H7S3L8H6, STM32H7S3L8H6H, STM32H7S3R8V6, STM32H7S3V8H6, STM32H7S3V8T6, STM32H7S3V8Y6TR, STM32H7S3Z8J6, STM32H7S3Z8T6, STM32H7S78-DK, STM32H7S7A8I6, STM32H7S7I8K6, STM32H7S7I8T6, STM32H7S7L8H6, STM32H7S7L8H6H, STM32H7S7Z8J6, STM32L4R5QGI6STR, STM32MP131AAE3, STM32MP131AAF3, STM32MP131AAG3, STM32MP131CAE3, STM32MP131CAF3, STM32MP131CAG3, STM32MP131DAE7, STM32MP131DAF7, STM32MP131DAG7, STM32MP131FAE7, STM32MP131FAF7, STM32MP131FAG7, STM32MP133AAE3, STM32MP133AAF3, STM32MP133AAG3, STM32MP133CAE3, STM32MP133CAF3, STM32MP133CAG3, STM32MP133DAE7, STM32MP133DAF7, STM32MP133DAG7, STM32MP133FAE7, STM32MP133FAF7, STM32MP133FAG7, STM32MP135AAE3, STM32MP135AAF3, STM32MP135AAG3, STM32MP135CAE3, STM32MP135CAF3, STM32MP135CAG3, STM32MP135DAE7, STM32MP135DAF7, STM32MP135DAG7, STM32MP135F-DK, STM32MP135FAE7, STM32MP135FAF7, STM32MP135FAF7T, STM32MP135FAF7U, STM32MP135FAG7, STM32MP231AAJ3, STM32MP231AAK3, STM32MP231AAL3, STM32MP231CAJ3, STM32MP231CAK3, STM32MP231CAL3, STM32MP231DAJ3, STM32MP231DAK3, STM32MP231DAL3, STM32MP231FAJ3, STM32MP231FAK3, STM32MP231FAL3, STM32MP233AAJ3, STM32MP233AAK3, STM32MP233AAL3, STM32MP233CAJ3, STM32MP233CAK3, STM32MP233CAL3, STM32MP233DAJ3, STM32MP233DAK3, STM32MP233DAL3, STM32MP233FAJ3, STM32MP233FAK3, STM32MP233FAL3, STM32MP235AAJ3, STM32MP235AAK3, STM32MP235AAL3, STM32MP235CAJ3, STM32MP235CAK3, STM32MP235CAL3, STM32MP235DAJ3, STM32MP235DAK3, STM32MP235DAL3, STM32MP235FAJ3, STM32MP235FAK3, STM32MP235FAL3, STM32MP251AAI3, STM32MP251AAJ3, STM32MP251AAK3, STM32MP251AAL3, STM32MP251CAI3, STM32MP251CAJ3, STM32MP251CAK3, STM32MP251CAL3, STM32MP251DAI3, STM32MP251DAJ3, STM32MP251DAK3, STM32MP251DAL3, STM32MP251FAI3, STM32MP251FAJ3, STM32MP251FAK3, STM32MP251FAL3, STM32MP253AAI3, STM32MP253AAJ3, STM32MP253AAK3, STM32MP253AAL3, STM32MP253CAI3, STM32MP253CAJ3, STM32MP253CAK3, STM32MP253CAL3, STM32MP253DAI3, STM32MP253DAJ3, STM32MP253DAK3, STM32MP253DAL3, STM32MP253FAI3, STM32MP253FAJ3, STM32MP253FAK3, STM32MP253FAL3, STM32MP255AAI3, STM32MP255AAJ3, STM32MP255AAK3, STM32MP255AAL3, STM32MP255CAI3, STM32MP255CAJ3, STM32MP255CAK3, STM32MP255CAL3, STM32MP255DAI3, STM32MP255DAJ3, STM32MP255DAK3, STM32MP255DAL3, STM32MP255FAI3, STM32MP255FAJ3, STM32MP255FAK3, STM32MP255FAL3, STM32MP257AAI3, STM32MP257AAJ3, STM32MP257AAK3, STM32MP257AAL3, STM32MP257CAI3, STM32MP257CAJ3, STM32MP257CAK3, STM32MP257CAL3, STM32MP257DAI3, STM32MP257DAJ3, STM32MP257DAK3, STM32MP257DAL3, STM32MP257F-DK, STM32MP257F-EV1, STM32MP257FAI3, STM32MP257FAJ3, STM32MP257FAK3, STM32MP257FAL3, STM32N645A0H3Q, STM32N645B0H3Q, STM32N645I0H3Q, STM32N645L0H3Q, STM32N645X0H3Q, STM32N645Z0H3Q, STM32N647A0H3Q, STM32N647B0H3Q, STM32N647I0H3Q, STM32N647L0H3Q, STM32N647X0H3Q, STM32N647Z0H3Q, STM32N655A0H3Q, STM32N655B0H3Q, STM32N655I0H3Q, STM32N655L0H3Q, STM32N655X0H3Q, STM32N655Z0H3Q, STM32N6570-DK, STM32N657A0H3Q, STM32N657B0H3Q, STM32N657I0H3Q, STM32N657L0H3Q, STM32N657X0H3Q, STM32N657Z0H3Q, STM32U031C6T6, STM32U031C6U6, STM32U031C8T6, STM32U031C8U6, STM32U031F4P6, STM32U031F6P6, STM32U031F8P6, STM32U031G6Y6TR, STM32U031G8Y6TR, STM32U031K4U6, STM32U031K6U6, STM32U031K8U6, STM32U031R6I6, STM32U031R6T6, STM32U031R8I6, STM32U031R8T6, STM32U073C8T6, STM32U073C8U6, STM32U073CBT6, STM32U073CBU6, STM32U073CCT6, STM32U073CCU6, STM32U073H8Y6TR, STM32U073HBY6TR, STM32U073HCY6TR, STM32U073K8U6, STM32U073KBU6, STM32U073KCU6, STM32U073M8I6, STM32U073M8T6, STM32U073MBI6, STM32U073MBT6, STM32U073MCI6, STM32U073MCT6, STM32U073R8I6, STM32U073R8T6, STM32U073RBI6, STM32U073RBT6, STM32U073RCI6, STM32U073RCT6, STM32U083C-DK, STM32U083CCT6, STM32U083CCU6, STM32U083HCY6TR, STM32U083KCU6, STM32U083MCI6, STM32U083MCT6, STM32U083RCI6, STM32U083RCT6, STM32U375CET6, STM32U375CET6Q, STM32U375CEU6, STM32U375CEU6Q, STM32U375CEY6QTR, STM32U375CGT6, STM32U375CGT6Q, STM32U375CGU6, STM32U375CGU6Q, STM32U375CGY6QTR, STM32U375KEU6, STM32U375KGU6, STM32U375REI6, STM32U375REI6Q, STM32U375RET6, STM32U375RET6Q, STM32U375REY6GTR, STM32U375REY6QTR, STM32U375RGI6, STM32U375RGI6Q, STM32U375RGT6, STM32U375RGT6Q, STM32U375RGY6GTR, STM32U375RGY6QTR, STM32U375VEI6, STM32U375VEI6Q, STM32U375VET6, STM32U375VET6Q, STM32U375VGI6, STM32U375VGI6Q, STM32U375VGT6, STM32U375VGT6Q, STM32U385CGT6, STM32U385CGT6Q, STM32U385CGU6, STM32U385CGU6Q, STM32U385CGY6QTR, STM32U385KGU6, STM32U385RGI6, STM32U385RGI6Q, STM32U385RGT6, STM32U385RGT6Q, STM32U385RGY6GTR, STM32U385RGY6QTR, STM32U385VGI6, STM32U385VGI6Q, STM32U385VGT6, STM32U385VGT6Q, STM32U535CBT6, STM32U535CBT6Q, STM32U535CBU6, STM32U535CBU6Q, STM32U535CCT6, STM32U535CCT6Q, STM32U535CCU6, STM32U535CCU6Q, STM32U535CET6, STM32U535CET6Q, STM32U535CEU6, STM32U535CEU6Q, STM32U535JEY6QTR, STM32U535NCY6QTR, STM32U535NEY6QTR, STM32U535RBI6, STM32U535RBI6Q, STM32U535RBT6, STM32U535RBT6Q, STM32U535RCI6, STM32U535RCI6Q, STM32U535RCT6, STM32U535RCT6Q, STM32U535REI6, STM32U535REI6Q, STM32U535RET6, STM32U535RET6Q, STM32U535VCI6, STM32U535VCI6Q, STM32U535VCT6, STM32U535VCT6Q, STM32U535VEI6, STM32U535VEI6Q, STM32U535VET6, STM32U535VET6Q, STM32U545CET6, STM32U545CET6Q, STM32U545CEU6, STM32U545CEU6Q, STM32U545JEY6QTR, STM32U545NEY6QTR, STM32U545REI6, STM32U545REI6Q, STM32U545RET6, STM32U545RET6Q, STM32U545VEI6, STM32U545VEI6Q, STM32U545VET6, STM32U545VET6Q, STM32U595AIH6, STM32U595AIH6Q, STM32U595AJH6, STM32U595AJH6Q, STM32U595QII6, STM32U595QII6Q, STM32U595QJI6, STM32U595QJI6Q, STM32U595RIT6, STM32U595RIT6Q, STM32U595RJT6, STM32U595RJT6Q, STM32U595VIT6, STM32U595VIT6Q, STM32U595VJT6, STM32U595VJT6Q, STM32U595ZIT6, STM32U595ZIT6Q, STM32U595ZIY6QTR, STM32U595ZJT6, STM32U595ZJT6Q, STM32U595ZJY6QTR, STM32U599BJY6QTR, STM32U599NIH6Q, STM32U599NJH6Q, STM32U599VIT6Q, STM32U599VJT6, STM32U599VJT6Q, STM32U599ZIT6Q, STM32U599ZIY6QTR, STM32U599ZJT6Q, STM32U599ZJY6QTR, STM32U5A5AJH6, STM32U5A5AJH6Q, STM32U5A5QII3Q , STM32U5A5QJI6, STM32U5A5QJI6Q, STM32U5A5RJT6, STM32U5A5RJT6Q, STM32U5A5VJT6, STM32U5A5VJT6Q, STM32U5A5ZJT6, STM32U5A5ZJT6Q, STM32U5A5ZJY6QTR, STM32U5A9BJY6QTR, STM32U5A9J-DK, STM32U5A9NJH6Q, STM32U5A9VJT6Q, STM32U5A9ZJT6Q, STM32U5A9ZJY6QTR, STM32U5F7VIT6, STM32U5F7VIT6Q, STM32U5F7VJT6, STM32U5F7VJT6Q, STM32U5F9BJY6QTR, STM32U5F9NJH6Q, STM32U5F9VIT6Q, STM32U5F9VJT6Q, STM32U5F9ZIJ6QTR, STM32U5F9ZIT6Q, STM32U5F9ZJJ6QTR, STM32U5F9ZJT6Q, STM32U5G7VJT6, STM32U5G7VJT6Q, STM32U5G9BJY6QTR, STM32U5G9J-DK1, STM32U5G9J-DK2, STM32U5G9NJH6Q, STM32U5G9VJT6Q, STM32U5G9ZJJ6QTR, STM32U5G9ZJT6Q, STM32WB05KZV6TR, STM32WB05KZV7TR, STM32WB05TZF6TR, STM32WB05TZF7TR, STM32WB06CCF6TR, STM32WB06CCF7TR, STM32WB06CCV6TR, STM32WB06CCV7TR, STM32WB06KCV6TR, STM32WB06KCV7TR, STM32WB07CCF6TR, STM32WB07CCF7TR, STM32WB07CCV6TR, STM32WB07CCV7TR, STM32WB07KCV6TR, STM32WB07KCV7TR, STM32WB09KEV6TR, STM32WB09KEV7TR, STM32WB09TEF6TR, STM32WB09TEF7TR, STM32WB1MMCH6, STM32WBA50KGU6, STM32WBA50KGU6TR, STM32WBA52CEU6, STM32WBA52CEU6TR, STM32WBA52CEU7, STM32WBA52CEU7TR, STM32WBA52CGU6, STM32WBA52CGU6TR, STM32WBA52CGU6U, STM32WBA52CGU7, STM32WBA52CGU7TR, STM32WBA52KEU6, STM32WBA52KEU6TR, STM32WBA52KGU6, STM32WBA52KGU6TR, STM32WBA54CEU6, STM32WBA54CEU6TR, STM32WBA54CEU7, STM32WBA54CEU7TR, STM32WBA54CGU6, STM32WBA54CGU6TR, STM32WBA54CGU7, STM32WBA54CGU7TR, STM32WBA54KEU6, STM32WBA54KEU6TR, STM32WBA54KEU7, STM32WBA54KEU7TR, STM32WBA54KGU6, STM32WBA54KGU6TR, STM32WBA54KGU7, STM32WBA54KGU7TR, STM32WBA55CEU6, STM32WBA55CEU6TR, STM32WBA55CEU7, STM32WBA55CEU7TR, STM32WBA55CGU6, STM32WBA55CGU6TR, STM32WBA55CGU6U, STM32WBA55CGU7, STM32WBA55CGU7TR, STM32WBA55G-DK1, STM32WBA55HEF6, STM32WBA55HEF7, STM32WBA55HGF6, STM32WBA55HGF7, STM32WBA55UEI6, STM32WBA55UEI6TR, STM32WBA55UEI7, STM32WBA55UEI7TR, STM32WBA55UGI6, STM32WBA55UGI6TR, STM32WBA55UGI7, STM32WBA55UGI7TR, STM32WBA5MJGH6TR, STM32WBA62CGU6, STM32WBA62CIU6, STM32WBA62MGF6, STM32WBA62MIF6, STM32WBA62PGI6, STM32WBA62PII6, STM32WBA63CGU6, STM32WBA63CGU7, STM32WBA63CIU6, STM32WBA63CIU7, STM32WBA64CGU6, STM32WBA64CGU7, STM32WBA64CIU6, STM32WBA64CIU7, STM32WBA65CGU6, STM32WBA65CGU7, STM32WBA65CIU6, STM32WBA65CIU7, STM32WBA65I-DK1, STM32WBA65MGF6, STM32WBA65MGF7, STM32WBA65MIF6, STM32WBA65MIF7, STM32WBA65PGI6, STM32WBA65PGI7, STM32WBA65PII6, STM32WBA65PII7, STM32WBA65RGV6, STM32WBA65RGV7, STM32WBA65RIV6, STM32WBA65RIV7, STM32WL30K8V6, STM32WL30KBV6, STM32WL31C8V6, STM32WL31CBV6, STM32WL31K8V6, STM32WL31KBV6, STM32WL33C8V6, STM32WL33C8V6TR, STM32WL33C8V7, STM32WL33C8V7TR, STM32WL33CBV6, STM32WL33CBV6TR, STM32WL33CBV7, STM32WL33CBV7TR, STM32WL33CCV6, STM32WL33CCV6TR, STM32WL33CCV7, STM32WL33CCV7A, STM32WL33CCV7ATR, STM32WL33CCV7TR, STM32WL33K8V6, STM32WL33K8V6TR, STM32WL33K8V7, STM32WL33K8V7TR, STM32WL33KBV6, STM32WL33KBV6TR, STM32WL33KBV7, STM32WL33KBV7TR, STM32WL33KCV6, STM32WL33KCV6TR, STM32WL33KCV7, STM32WL33KCV7TR, STM32WL5MOCH6, STM32WL5MOCH6TR]
2025-07-09 09:42:59,948 [INFO] DbMcus:218 - Found 4686 MCUs, 4686 are supported
2025-07-09 09:42:59,948 [INFO] ApiDb:423 - Load user favorites file C:\Users\kccistc/.stm32cubeide/favorites.mcus.txt: 2 item(s)
2025-07-09 09:42:59,948 [INFO] ApiDb:427 - User favorites MCUs=[STM32F411RET6, STM32H743XIH6]
2025-07-09 09:42:59,949 [INFO] DbMcus:224 - Set 2 / 2 favorites MCUs
2025-07-09 09:43:00,242 [INFO] ApiDb:423 - Load user favorites file C:\Users\kccistc/.stm32cubeide/favorites.boards.txt: 0 item(s)
2025-07-09 09:43:00,242 [INFO] ApiDb:427 - User favorites Boards=[]
2025-07-09 09:43:00,242 [INFO] DbBoards:198 - Set 0 / 0 favorites Boards
2025-07-09 09:43:00,330 [INFO] UtilMem:75 - End LoadConfig() Used Memory: 786781328 Bytes (1073741824)
2025-07-09 09:43:00,456 [WARN] ThirdParty:833 - waiting for thirdparty lock release [change project]
2025-07-09 09:43:00,457 [INFO] ThirdParty:835 - entering critical section [change project]
2025-07-09 09:43:00,457 [INFO] ThirdParty:1030 - CMSIS Pack Vendor :STMicroelectronics X-CUBE-PM33A1 1.0.0
2025-07-09 09:43:00,457 [INFO] ThirdParty:1030 - CMSIS Pack Vendor :STMicroelectronics USBPD 4.1
2025-07-09 09:43:00,457 [INFO] ThirdParty:1030 - CMSIS Pack Vendor :STMicroelectronics X-CUBE-AZRTOS-H7 3.3.0
2025-07-09 09:43:00,458 [INFO] ThirdParty:1030 - CMSIS Pack Vendor :STMicroelectronics X-CUBE-NFC9 1.0.0
2025-07-09 09:43:00,458 [INFO] ThirdParty:1030 - CMSIS Pack Vendor :wolfSSL I-CUBE-wolfSSL 5.8.0
2025-07-09 09:43:00,458 [INFO] ThirdParty:1030 - CMSIS Pack Vendor :STMicroelectronics USB_HOST 2.0.0
2025-07-09 09:43:00,458 [INFO] ThirdParty:1030 - CMSIS Pack Vendor :STMicroelectronics FP-SNS-MOTENVWB1 1.4.0
2025-07-09 09:43:00,458 [INFO] ThirdParty:1030 - CMSIS Pack Vendor :STMicroelectronics X-CUBE-AZRTOS-F4 1.1.0
2025-07-09 09:43:00,458 [INFO] ThirdParty:1030 - CMSIS Pack Vendor :STMicroelectronics LIBJPEG 8.0.0
2025-07-09 09:43:00,458 [INFO] ThirdParty:1030 - CMSIS Pack Vendor :STMicroelectronics FP-ATR-ASTRA1 2.0.2
2025-07-09 09:43:00,458 [INFO] ThirdParty:1030 - CMSIS Pack Vendor :STMicroelectronics X-CUBE-BLE1 7.1.0
2025-07-09 09:43:00,458 [INFO] ThirdParty:1030 - CMSIS Pack Vendor :Avnet-IotConnect X-CUBE-IoTC-DA16k-PMOD 1.0.0
2025-07-09 09:43:00,458 [INFO] ThirdParty:1030 - CMSIS Pack Vendor :STMicroelectronics X-CUBE-SMBUS 2.1.0
2025-07-09 09:43:00,458 [INFO] ThirdParty:1030 - CMSIS Pack Vendor :wolfSSL I-CUBE-wolfMQTT 1.19.2
2025-07-09 09:43:00,458 [INFO] ThirdParty:1030 - CMSIS Pack Vendor :STMicroelectronics USB_DEVICE 3.0.0
2025-07-09 09:43:00,458 [INFO] ThirdParty:1030 - CMSIS Pack Vendor :STMicroelectronics X-CUBE-ISPU 2.1.0
2025-07-09 09:43:00,458 [INFO] ThirdParty:1030 - CMSIS Pack Vendor :STMicroelectronics X-CUBE-AZRTOS-WB 2.0.0
2025-07-09 09:43:00,458 [INFO] ThirdParty:1030 - CMSIS Pack Vendor :STMicroelectronics X-CUBE-ST60 1.0.0
2025-07-09 09:43:00,458 [INFO] ThirdParty:1030 - CMSIS Pack Vendor :STMicroelectronics X-CUBE-GNSS1 7.0.1
2025-07-09 09:43:00,458 [INFO] ThirdParty:1030 - CMSIS Pack Vendor :STMicroelectronics X-CUBE-AZRTOS-F7 1.1.0
2025-07-09 09:43:00,458 [INFO] ThirdParty:1030 - CMSIS Pack Vendor :STMicroelectronics X-CUBE-AZRTOS-L5 2.0.0
2025-07-09 09:43:00,458 [INFO] ThirdParty:1030 - CMSIS Pack Vendor :STMicroelectronics X-CUBE-TOUCHGFX 4.25.0
2025-07-09 09:43:00,458 [INFO] ThirdParty:1030 - CMSIS Pack Vendor :STMicroelectronics USB_DEVICE 2.0.0
2025-07-09 09:43:00,458 [INFO] ThirdParty:1030 - CMSIS Pack Vendor :STMicroelectronics X-CUBE-NFC6 3.1.0
2025-07-09 09:43:00,458 [INFO] ThirdParty:1030 - CMSIS Pack Vendor :STMicroelectronics X-CUBE-AI 10.1.0
2025-07-09 09:43:00,458 [INFO] ThirdParty:1030 - CMSIS Pack Vendor :STMicroelectronics FP-SNS-STBOX1 2.0.0
2025-07-09 09:43:00,458 [INFO] ThirdParty:1030 - CMSIS Pack Vendor :STMicroelectronics X-CUBE-MEMS1 11.2.0
2025-07-09 09:43:00,459 [INFO] ThirdParty:1030 - CMSIS Pack Vendor :STMicroelectronics FreeRTOS 0.0.1
2025-07-09 09:43:00,459 [INFO] ThirdParty:1030 - CMSIS Pack Vendor :STMicroelectronics X-CUBE-AZRTOS-G0 1.1.0
2025-07-09 09:43:00,459 [INFO] ThirdParty:1030 - CMSIS Pack Vendor :STMicroelectronics X-CUBE-SAFEA1 1.2.2
2025-07-09 09:43:00,459 [INFO] ThirdParty:1030 - CMSIS Pack Vendor :STMicroelectronics X-CUBE-NFC4 3.0.0
2025-07-09 09:43:00,459 [INFO] ThirdParty:1030 - CMSIS Pack Vendor :STMicroelectronics X-CUBE-SUBG2 5.0.0
2025-07-09 09:43:00,459 [INFO] ThirdParty:1030 - CMSIS Pack Vendor :STMicroelectronics X-CUBE-AZRTOS-H7RS 1.1.0
2025-07-09 09:43:00,459 [INFO] ThirdParty:1030 - CMSIS Pack Vendor :STMicroelectronics STM32_WPAN 1.0.0
2025-07-09 09:43:00,459 [INFO] ThirdParty:1030 - CMSIS Pack Vendor :EmbeddedOffice I-CUBE-FS-RTOS 1.0.1
2025-07-09 09:43:00,459 [INFO] ThirdParty:1030 - CMSIS Pack Vendor :STMicroelectronics lwIP 2.0.3
2025-07-09 09:43:00,459 [INFO] ThirdParty:1030 - CMSIS Pack Vendor :Cesanta I-CUBE-Mongoose 7.13.0
2025-07-09 09:43:00,459 [INFO] ThirdParty:1030 - CMSIS Pack Vendor :STMicroelectronics USB_HOST 1.0.0
2025-07-09 09:43:00,459 [INFO] ThirdParty:1030 - CMSIS Pack Vendor :Infineon AIROC-Wi-Fi-Bluetooth-STM32 1.7.0
2025-07-09 09:43:00,459 [INFO] ThirdParty:1030 - CMSIS Pack Vendor :STMicroelectronics X-CUBE-AZRTOS-G4 2.0.0
2025-07-09 09:43:00,459 [INFO] ThirdParty:1030 - CMSIS Pack Vendor :STMicroelectronics X-CUBE-WB05N 2.0.0
2025-07-09 09:43:00,459 [INFO] ThirdParty:1030 - CMSIS Pack Vendor :STMicroelectronics PDM2PCM 3.1.0
2025-07-09 09:43:00,459 [INFO] ThirdParty:1030 - CMSIS Pack Vendor :STMicroelectronics PDM2PCM 3.3.0
2025-07-09 09:43:00,459 [INFO] ThirdParty:1030 - CMSIS Pack Vendor :wolfSSL I-CUBE-wolfTPM 3.8.0
2025-07-09 09:43:00,459 [INFO] ThirdParty:1030 - CMSIS Pack Vendor :STMicroelectronics X-CUBE-AZRTOS-H7 3.4.0
2025-07-09 09:43:00,459 [INFO] ThirdParty:1030 - CMSIS Pack Vendor :STMicroelectronics X-CUBE-DISPLAY 3.0.0
2025-07-09 09:43:00,459 [INFO] ThirdParty:1030 - CMSIS Pack Vendor :wolfSSL I-CUBE-wolfSSH 1.4.20
2025-07-09 09:43:00,459 [INFO] ThirdParty:1030 - CMSIS Pack Vendor :STMicroelectronics X-CUBE-NFC7 2.0.0
2025-07-09 09:43:00,459 [INFO] ThirdParty:1030 - CMSIS Pack Vendor :STMicroelectronics X-CUBE-TCPP 4.2.0
2025-07-09 09:43:00,459 [INFO] ThirdParty:1030 - CMSIS Pack Vendor :RealThread X-CUBE-RT-Thread_Nano 4.1.1
2025-07-09 09:43:00,459 [INFO] ThirdParty:1030 - CMSIS Pack Vendor :STMicroelectronics FP-ATR-SIGFOX1 3.2.0
2025-07-09 09:43:00,459 [INFO] ThirdParty:1030 - CMSIS Pack Vendor :STMicroelectronics X-CUBE-NFC10 1.0.0
2025-07-09 09:43:00,459 [INFO] ThirdParty:1030 - CMSIS Pack Vendor :STMicroelectronics X-CUBE-BLEMGR 4.0.0
2025-07-09 09:43:00,459 [INFO] ThirdParty:1030 - CMSIS Pack Vendor :STMicroelectronics X-CUBE-EEPRMA1 5.1.0
2025-07-09 09:43:00,459 [INFO] ThirdParty:1030 - CMSIS Pack Vendor :STMicroelectronics X-CUBE-FREERTOS 1.3.1
2025-07-09 09:43:00,459 [INFO] ThirdParty:1030 - CMSIS Pack Vendor :STMicroelectronics HAL Drivers 0.0.0
2025-07-09 09:43:00,459 [INFO] ThirdParty:1030 - CMSIS Pack Vendor :STMicroelectronics MBEDTLS 2.16.2
2025-07-09 09:43:00,459 [INFO] ThirdParty:1030 - CMSIS Pack Vendor :STMicroelectronics X-CUBE-IPS 3.1.0
2025-07-09 09:43:00,460 [INFO] ThirdParty:1030 - CMSIS Pack Vendor :STMicroelectronics X-CUBE-ALS 1.0.2
2025-07-09 09:43:00,460 [INFO] ThirdParty:1030 - CMSIS Pack Vendor :emotas I-CUBE-CANOPEN 1.3.0
2025-07-09 09:43:00,460 [INFO] ThirdParty:1030 - CMSIS Pack Vendor :STMicroelectronics MBEDTLS 2.14.1
2025-07-09 09:43:00,460 [INFO] ThirdParty:1030 - CMSIS Pack Vendor :ITTIA_DB I-CUBE-ITTIADB 8.9.0
2025-07-09 09:43:00,460 [INFO] ThirdParty:1030 - CMSIS Pack Vendor :portGmbH I-Cube-SoM-uGOAL 1.1.0
2025-07-09 09:43:00,460 [INFO] ThirdParty:1030 - CMSIS Pack Vendor :quantropi X-CUBE-qispace-sdk-base 2.0.0
2025-07-09 09:43:00,460 [INFO] ThirdParty:1030 - CMSIS Pack Vendor :STMicroelectronics X-CUBE-AI 10.0.0
2025-07-09 09:43:00,460 [INFO] ThirdParty:1030 - CMSIS Pack Vendor :STMicroelectronics X-CUBE-ST67W61 1.0.0
2025-07-09 09:43:00,460 [INFO] ThirdParty:1030 - CMSIS Pack Vendor :STMicroelectronics FP-SNS-STAIOTCFT 1.0.0
2025-07-09 09:43:00,460 [INFO] ThirdParty:1030 - CMSIS Pack Vendor :STMicroelectronics ThreadX 1.0.0
2025-07-09 09:43:00,460 [INFO] ThirdParty:1030 - CMSIS Pack Vendor :STMicroelectronics FP-SNS-SMARTAG2 1.2.0
2025-07-09 09:43:00,460 [INFO] ThirdParty:1030 - CMSIS Pack Vendor :STMicroelectronics FP-SNS-FLIGHT1 5.1.0
2025-07-09 09:43:00,460 [INFO] ThirdParty:1030 - CMSIS Pack Vendor :STMicroelectronics X-CUBE-AZRTOS-WL 2.0.0
2025-07-09 09:43:00,460 [INFO] ThirdParty:1030 - CMSIS Pack Vendor :SEGGER I-CUBE-embOS 1.3.1
2025-07-09 09:43:00,460 [INFO] ThirdParty:1030 - CMSIS Pack Vendor :STMicroelectronics X-CUBE-ALGOBUILD 1.4.0
2025-07-09 09:43:00,460 [INFO] ThirdParty:1030 - CMSIS Pack Vendor :STMicroelectronics X-CUBE-DPower 1.3.0
2025-07-09 09:43:00,460 [INFO] ThirdParty:1030 - CMSIS Pack Vendor :STMicroelectronics X-CUBE-MEMS1 11.3.0
2025-07-09 09:43:00,460 [INFO] ThirdParty:1030 - CMSIS Pack Vendor :STMicroelectronics FP-SNS-MOTENV1 5.0.0
2025-07-09 09:43:00,460 [INFO] ThirdParty:1030 - CMSIS Pack Vendor :STMicroelectronics USB_DEVICE 1.0.0
2025-07-09 09:43:00,460 [INFO] ThirdParty:1030 - CMSIS Pack Vendor :STMicroelectronics X-CUBE-AZRTOS-L4 2.0.0
2025-07-09 09:43:00,460 [INFO] ThirdParty:1030 - CMSIS Pack Vendor :STMicroelectronics ThreadX 0.0.2
2025-07-09 09:43:00,460 [INFO] ThirdParty:1030 - CMSIS Pack Vendor :WES I-CUBE-Cesium 1.3.0
2025-07-09 09:43:00,460 [INFO] ThirdParty:1030 - CMSIS Pack Vendor :STMicroelectronics lwIP 2.1.2
2025-07-09 09:43:00,460 [INFO] ThirdParty:1030 - CMSIS Pack Vendor :STMicroelectronics X-CUBE-SFXS2LP1 4.0.0
2025-07-09 09:43:00,460 [INFO] ThirdParty:1030 - CMSIS Pack Vendor :STMicroelectronics X-CUBE-BLE2 3.3.0
2025-07-09 09:43:00,460 [INFO] ThirdParty:1030 - CMSIS Pack Vendor :STMicroelectronics X-CUBE-TOF1 3.4.3
2025-07-09 09:43:00,460 [INFO] ThirdParty:1030 - CMSIS Pack Vendor :STMicroelectronics PDM2PCM 3.2.0
2025-07-09 09:43:00,461 [INFO] ThirdParty:841 - exiting critical section [change project]
2025-07-09 09:43:01,195 [INFO] PinOutPanel:1589 - setPackage(No Configuration,No Configuration)
2025-07-09 09:43:01,197 [INFO] PinOutPanel:1589 - setPackage(STM32H743XIHx,TFBGA240)
2025-07-09 09:43:02,218 [INFO] UtilMem:75 - Before build in PCC Used Memory: 885000192 Bytes (1073741824)
2025-07-09 09:43:03,304 [INFO] UtilMem:75 - After build in PCC Used Memory: 960497664 Bytes (1073741824)
2025-07-09 09:43:03,356 [INFO] IPUIPlugin:80 - create IPUIPlugin
2025-07-09 09:43:03,356 [INFO] IPUIPlugin:80 - create IPUIPlugin
2025-07-09 09:43:03,357 [INFO] IPUIPlugin:80 - create IPUIPlugin
2025-07-09 09:43:03,357 [INFO] IPUIPlugin:80 - create IPUIPlugin
2025-07-09 09:43:03,357 [INFO] IPUIPlugin:80 - create IPUIPlugin
2025-07-09 09:43:03,357 [INFO] IPUIPlugin:80 - create IPUIPlugin
2025-07-09 09:43:03,357 [INFO] IPUIPlugin:80 - create IPUIPlugin
2025-07-09 09:43:03,357 [INFO] IPUIPlugin:80 - create IPUIPlugin
2025-07-09 09:43:03,357 [INFO] IPUIPlugin:80 - create IPUIPlugin
2025-07-09 09:43:03,357 [INFO] IPUIPlugin:80 - create IPUIPlugin
2025-07-09 09:43:03,357 [INFO] IPUIPlugin:80 - create IPUIPlugin
2025-07-09 09:43:03,357 [INFO] IPUIPlugin:80 - create IPUIPlugin
2025-07-09 09:43:03,357 [INFO] IPUIPlugin:80 - create IPUIPlugin
2025-07-09 09:43:03,357 [INFO] IPUIPlugin:80 - create IPUIPlugin
2025-07-09 09:43:03,357 [INFO] IPUIPlugin:80 - create IPUIPlugin
2025-07-09 09:43:03,357 [INFO] IPUIPlugin:80 - create IPUIPlugin
2025-07-09 09:43:03,358 [INFO] IPUIPlugin:80 - create IPUIPlugin
2025-07-09 09:43:03,358 [INFO] IPUIPlugin:80 - create IPUIPlugin
2025-07-09 09:43:03,358 [INFO] IPUIPlugin:80 - create IPUIPlugin
2025-07-09 09:43:03,358 [INFO] IPUIPlugin:80 - create IPUIPlugin
2025-07-09 09:43:03,358 [INFO] IPUIPlugin:80 - create IPUIPlugin
2025-07-09 09:43:03,358 [INFO] IPUIPlugin:80 - create IPUIPlugin
2025-07-09 09:43:03,358 [INFO] IPUIPlugin:80 - create IPUIPlugin
2025-07-09 09:43:03,358 [INFO] IPUIPlugin:80 - create IPUIPlugin
2025-07-09 09:43:03,359 [INFO] IPUIPlugin:80 - create IPUIPlugin
2025-07-09 09:43:03,359 [INFO] IPUIPlugin:80 - create IPUIPlugin
2025-07-09 09:43:03,359 [INFO] IPUIPlugin:80 - create IPUIPlugin
2025-07-09 09:43:03,359 [INFO] IPUIPlugin:80 - create IPUIPlugin
2025-07-09 09:43:03,359 [INFO] IPUIPlugin:80 - create IPUIPlugin
2025-07-09 09:43:03,359 [INFO] IPUIPlugin:80 - create IPUIPlugin
2025-07-09 09:43:03,359 [INFO] IPUIPlugin:80 - create IPUIPlugin
2025-07-09 09:43:03,359 [INFO] IPUIPlugin:80 - create IPUIPlugin
2025-07-09 09:43:03,359 [INFO] IPUIPlugin:80 - create IPUIPlugin
2025-07-09 09:43:03,359 [INFO] IPUIPlugin:80 - create IPUIPlugin
2025-07-09 09:43:03,360 [INFO] IPUIPlugin:80 - create IPUIPlugin
2025-07-09 09:43:03,360 [INFO] IPUIPlugin:80 - create IPUIPlugin
2025-07-09 09:43:03,360 [INFO] IPUIPlugin:80 - create IPUIPlugin
2025-07-09 09:43:03,360 [INFO] IPUIPlugin:80 - create IPUIPlugin
2025-07-09 09:43:03,360 [INFO] IPUIPlugin:80 - create IPUIPlugin
2025-07-09 09:43:03,360 [INFO] IPUIPlugin:80 - create IPUIPlugin
2025-07-09 09:43:03,361 [INFO] IPUIPlugin:80 - create IPUIPlugin
2025-07-09 09:43:03,361 [INFO] IPUIPlugin:80 - create IPUIPlugin
2025-07-09 09:43:03,362 [INFO] IPUIPlugin:80 - create IPUIPlugin
2025-07-09 09:43:03,362 [INFO] IPUIPlugin:80 - create IPUIPlugin
2025-07-09 09:43:03,362 [INFO] IPUIPlugin:80 - create IPUIPlugin
2025-07-09 09:43:03,362 [INFO] IPUIPlugin:80 - create IPUIPlugin
2025-07-09 09:43:03,363 [INFO] IPUIPlugin:80 - create IPUIPlugin
2025-07-09 09:43:03,363 [INFO] IPUIPlugin:80 - create IPUIPlugin
2025-07-09 09:43:03,363 [INFO] IPUIPlugin:80 - create IPUIPlugin
2025-07-09 09:43:03,363 [INFO] IPUIPlugin:80 - create IPUIPlugin
2025-07-09 09:43:03,363 [INFO] IPUIPlugin:80 - create IPUIPlugin
2025-07-09 09:43:03,363 [INFO] IPUIPlugin:80 - create IPUIPlugin
2025-07-09 09:43:03,364 [INFO] IPUIPlugin:80 - create IPUIPlugin
2025-07-09 09:43:03,364 [INFO] IPUIPlugin:80 - create IPUIPlugin
2025-07-09 09:43:03,364 [INFO] IPUIPlugin:80 - create IPUIPlugin
2025-07-09 09:43:03,364 [INFO] IPUIPlugin:80 - create IPUIPlugin
2025-07-09 09:43:03,364 [INFO] IPUIPlugin:80 - create IPUIPlugin
2025-07-09 09:43:03,364 [INFO] IPUIPlugin:80 - create IPUIPlugin
2025-07-09 09:43:03,365 [INFO] IPUIPlugin:80 - create IPUIPlugin
2025-07-09 09:43:03,365 [INFO] IPUIPlugin:80 - create IPUIPlugin
2025-07-09 09:43:03,365 [INFO] IPUIPlugin:80 - create IPUIPlugin
2025-07-09 09:43:03,365 [INFO] IPUIPlugin:80 - create IPUIPlugin
2025-07-09 09:43:03,365 [INFO] IPUIPlugin:80 - create IPUIPlugin
2025-07-09 09:43:03,366 [INFO] IPUIPlugin:80 - create IPUIPlugin
2025-07-09 09:43:03,366 [INFO] IPUIPlugin:80 - create IPUIPlugin
2025-07-09 09:43:03,366 [INFO] IPUIPlugin:80 - create IPUIPlugin
2025-07-09 09:43:03,366 [INFO] IPUIPlugin:80 - create IPUIPlugin
2025-07-09 09:43:03,366 [INFO] IPUIPlugin:80 - create IPUIPlugin
2025-07-09 09:43:03,366 [INFO] IPUIPlugin:80 - create IPUIPlugin
2025-07-09 09:43:03,367 [INFO] IPUIPlugin:80 - create IPUIPlugin
2025-07-09 09:43:03,367 [INFO] IPUIPlugin:80 - create IPUIPlugin
2025-07-09 09:43:03,367 [INFO] IPUIPlugin:80 - create IPUIPlugin
2025-07-09 09:43:03,367 [INFO] IPUIPlugin:80 - create IPUIPlugin
2025-07-09 09:43:03,367 [INFO] IPUIPlugin:80 - create IPUIPlugin
2025-07-09 09:43:03,367 [INFO] IPUIPlugin:80 - create IPUIPlugin
2025-07-09 09:43:03,368 [INFO] IPUIPlugin:80 - create IPUIPlugin
2025-07-09 09:43:03,368 [INFO] IPUIPlugin:80 - create IPUIPlugin
2025-07-09 09:43:03,368 [INFO] IPUIPlugin:80 - create IPUIPlugin
2025-07-09 09:43:03,369 [INFO] IPUIPlugin:80 - create IPUIPlugin
2025-07-09 09:43:03,369 [INFO] IPUIPlugin:80 - create IPUIPlugin
2025-07-09 09:43:03,369 [INFO] IPUIPlugin:80 - create IPUIPlugin
2025-07-09 09:43:03,380 [INFO] IPUIPlugin:80 - create IPUIPlugin
2025-07-09 09:43:03,380 [INFO] IPUIPlugin:80 - create IPUIPlugin
2025-07-09 09:43:03,381 [INFO] IPUIPlugin:80 - create IPUIPlugin
2025-07-09 09:43:03,381 [INFO] IPUIPlugin:80 - create IPUIPlugin
2025-07-09 09:43:03,381 [INFO] IPUIPlugin:80 - create IPUIPlugin
2025-07-09 09:43:03,382 [INFO] IPUIPlugin:80 - create IPUIPlugin
2025-07-09 09:43:03,382 [INFO] IPUIPlugin:80 - create IPUIPlugin
2025-07-09 09:43:03,382 [INFO] IPUIPlugin:80 - create IPUIPlugin
2025-07-09 09:43:03,382 [INFO] IPUIPlugin:80 - create IPUIPlugin
2025-07-09 09:43:03,383 [INFO] IPUIPlugin:80 - create IPUIPlugin
2025-07-09 09:43:03,383 [INFO] IPUIPlugin:80 - create IPUIPlugin
2025-07-09 09:43:03,383 [INFO] IPUIPlugin:80 - create IPUIPlugin
2025-07-09 09:43:03,383 [INFO] IPUIPlugin:80 - create IPUIPlugin
2025-07-09 09:43:03,384 [INFO] IPUIPlugin:80 - create IPUIPlugin
2025-07-09 09:43:03,384 [INFO] IPUIPlugin:80 - create IPUIPlugin
2025-07-09 09:43:03,384 [INFO] IPUIPlugin:80 - create IPUIPlugin
2025-07-09 09:43:03,385 [INFO] IPUIPlugin:80 - create IPUIPlugin
2025-07-09 09:43:03,499 [INFO] ApiDbMcu:508 - Load IP Config File for PDM2PCM
2025-07-09 09:43:03,735 [INFO] CADModel:165 - CPN selected for project levelSTM32H743XIH6
2025-07-09 09:43:03,735 [INFO] CADModel:114 - Register for checkConnection events
2025-07-09 09:43:03,803 [INFO] OpenFileManager:385 - Restore cursor
2025-07-09 09:47:02,205 [INFO] UtilMem:75 - End SaveConfig() Used Memory: 970492888 Bytes (1073741824)
2025-07-09 09:47:04,742 [INFO] UtilMem:75 - End SaveConfig() Used Memory: 694907168 Bytes (1073741824)
2025-07-09 09:47:06,568 [INFO] BlockDiagram:2775 - set Specific Code input for plugin: SPI
2025-07-09 09:47:06,569 [INFO] BlockDiagram:2775 - set Specific Code input for plugin: RCC
2025-07-09 09:47:06,569 [INFO] BlockDiagram:2775 - set Specific Code input for plugin: USART
2025-07-09 09:47:06,569 [INFO] BlockDiagram:2775 - set Specific Code input for plugin: MEMORYMAP
2025-07-09 09:47:06,569 [INFO] BlockDiagram:2775 - set Specific Code input for plugin: SYS
2025-07-09 09:47:06,569 [INFO] BlockDiagram:2775 - set Specific Code input for plugin: NVIC
2025-07-09 09:47:06,569 [INFO] BlockDiagram:2775 - set Specific Code input for plugin: CORTEX_M7
2025-07-09 09:47:06,569 [INFO] BlockDiagram:2775 - set Specific Code input for plugin: DEBUG
2025-07-09 09:47:06,570 [INFO] BlockDiagram:2775 - set Specific Code input for plugin: GPIO
2025-07-09 09:47:06,571 [INFO] CodeGenerator:882 - code generatio: config db path: C:\ST\STM32CubeIDE_1.18.1\STM32CubeIDE\plugins\com.st.stm32cube.common.mx_6.14.1.202504091515\\db\
2025-07-09 09:47:06,800 [INFO] CodeEngine:263 - oldGeneratedFile, C:\harman\STM32Cube\250708_ILI9341_TFT_LCD\MXTmpFiles\license.tmp_save
2025-07-09 09:47:07,355 [INFO] CodeEngine:287 - Generated code: C:\harman\STM32Cube\250708_ILI9341_TFT_LCD\MXTmpFiles\license.tmp
2025-07-09 09:47:07,471 [INFO] CodeEngine:263 - oldGeneratedFile, C:\harman\STM32Cube\250708_ILI9341_TFT_LCD\Core\Src\gpio.c_save
2025-07-09 09:47:07,615 [INFO] CodeEngine:287 - Generated code: C:\harman\STM32Cube\250708_ILI9341_TFT_LCD\Core\Src\gpio.c
2025-07-09 09:47:07,621 [INFO] CodeEngine:263 - oldGeneratedFile, C:\harman\STM32Cube\250708_ILI9341_TFT_LCD\Core\Inc\gpio.h_save
2025-07-09 09:47:07,698 [INFO] CodeEngine:287 - Generated code: C:\harman\STM32Cube\250708_ILI9341_TFT_LCD\Core\Inc\gpio.h
2025-07-09 09:47:07,745 [WARN] IPConfigManager:103 - WARNING: Missing Config File for DEBUG ip!!
2025-07-09 09:47:07,827 [WARN] IPConfigManager:103 - WARNING: Missing Config File for MEMORYMAP ip!!
2025-07-09 09:47:08,036 [INFO] CodeEngine:263 - oldGeneratedFile, C:\harman\STM32Cube\250708_ILI9341_TFT_LCD\MXTmpFiles\cortex.tmp_save
2025-07-09 09:47:08,108 [INFO] CodeEngine:287 - Generated code: C:\harman\STM32Cube\250708_ILI9341_TFT_LCD\MXTmpFiles\cortex.tmp
2025-07-09 09:47:08,120 [INFO] CodeEngine:263 - oldGeneratedFile, C:\harman\STM32Cube\250708_ILI9341_TFT_LCD\Core\Src\memorymap.c_save
2025-07-09 09:47:08,221 [INFO] CodeEngine:287 - Generated code: C:\harman\STM32Cube\250708_ILI9341_TFT_LCD\Core\Src\memorymap.c
2025-07-09 09:47:08,227 [INFO] CodeEngine:263 - oldGeneratedFile, C:\harman\STM32Cube\250708_ILI9341_TFT_LCD\Core\Inc\memorymap.h_save
2025-07-09 09:47:08,300 [INFO] CodeEngine:287 - Generated code: C:\harman\STM32Cube\250708_ILI9341_TFT_LCD\Core\Inc\memorymap.h
2025-07-09 09:47:08,312 [INFO] CodeEngine:263 - oldGeneratedFile, C:\harman\STM32Cube\250708_ILI9341_TFT_LCD\Core\Src\spi.c_save
2025-07-09 09:47:08,414 [INFO] CodeEngine:287 - Generated code: C:\harman\STM32Cube\250708_ILI9341_TFT_LCD\Core\Src\spi.c
2025-07-09 09:47:08,420 [INFO] CodeEngine:263 - oldGeneratedFile, C:\harman\STM32Cube\250708_ILI9341_TFT_LCD\Core\Inc\spi.h_save
2025-07-09 09:47:08,472 [INFO] CodeEngine:287 - Generated code: C:\harman\STM32Cube\250708_ILI9341_TFT_LCD\Core\Inc\spi.h
2025-07-09 09:47:08,485 [INFO] CodeEngine:263 - oldGeneratedFile, C:\harman\STM32Cube\250708_ILI9341_TFT_LCD\Core\Src\usart.c_save
2025-07-09 09:47:08,564 [INFO] CodeEngine:287 - Generated code: C:\harman\STM32Cube\250708_ILI9341_TFT_LCD\Core\Src\usart.c
2025-07-09 09:47:08,570 [INFO] CodeEngine:263 - oldGeneratedFile, C:\harman\STM32Cube\250708_ILI9341_TFT_LCD\Core\Inc\usart.h_save
2025-07-09 09:47:08,619 [INFO] CodeEngine:287 - Generated code: C:\harman\STM32Cube\250708_ILI9341_TFT_LCD\Core\Inc\usart.h
2025-07-09 09:47:08,654 [INFO] CodeEngine:263 - oldGeneratedFile, C:\harman\STM32Cube\250708_ILI9341_TFT_LCD\Core\Src\stm32h7xx_it.c_save
2025-07-09 09:47:08,722 [INFO] CodeEngine:287 - Generated code: C:\harman\STM32Cube\250708_ILI9341_TFT_LCD\Core\Src\stm32h7xx_it.c
2025-07-09 09:47:08,728 [INFO] CodeEngine:263 - oldGeneratedFile, C:\harman\STM32Cube\250708_ILI9341_TFT_LCD\Core\Inc\stm32h7xx_it.h_save
2025-07-09 09:47:08,775 [INFO] CodeEngine:287 - Generated code: C:\harman\STM32Cube\250708_ILI9341_TFT_LCD\Core\Inc\stm32h7xx_it.h
2025-07-09 09:47:08,853 [INFO] CodeEngine:263 - oldGeneratedFile, C:\harman\STM32Cube\250708_ILI9341_TFT_LCD\Core\Src\stm32h7xx_hal_msp.c_save
2025-07-09 09:47:08,922 [INFO] CodeEngine:287 - Generated code: C:\harman\STM32Cube\250708_ILI9341_TFT_LCD\Core\Src\stm32h7xx_hal_msp.c
2025-07-09 09:47:08,927 [INFO] CodeEngine:263 - oldGeneratedFile, C:\harman\STM32Cube\250708_ILI9341_TFT_LCD\MXTmpFiles\system.tmp_save
2025-07-09 09:47:08,973 [INFO] CodeEngine:287 - Generated code: C:\harman\STM32Cube\250708_ILI9341_TFT_LCD\MXTmpFiles\system.tmp
2025-07-09 09:47:08,991 [INFO] CodeEngine:319 - oldGeneratedFile, C:\harman\STM32Cube\250708_ILI9341_TFT_LCD\Core\Inc\stm32h7xx_hal_conf.h_save
2025-07-09 09:47:09,047 [INFO] CodeEngine:343 - Generated code: C:\harman\STM32Cube\250708_ILI9341_TFT_LCD\Core\Inc\stm32h7xx_hal_conf.h
2025-07-09 09:47:09,094 [ERROR] ApiDbMcu:464 - Can't load MEMORYMAP-STM32xx root dir null
2025-07-09 09:47:09,094 [ERROR] ApiDbMcu:536 - Cannot parse MEMORYMAP_Config file : file do not exist
2025-07-09 09:47:09,099 [INFO] ApiDbMcu:508 - Load IP Config File for SPI1
2025-07-09 09:47:09,109 [INFO] ApiDbMcu:508 - Load IP Config File for USART1
2025-07-09 09:47:09,114 [INFO] ApiDbMcu:508 - Load IP Config File for RCC
2025-07-09 09:47:09,127 [INFO] CodeEngine:263 - oldGeneratedFile, C:\harman\STM32Cube\250708_ILI9341_TFT_LCD\Core\Inc\main.h_save
2025-07-09 09:47:09,200 [INFO] CodeEngine:287 - Generated code: C:\harman\STM32Cube\250708_ILI9341_TFT_LCD\Core\Inc\main.h
2025-07-09 09:47:09,208 [INFO] CodeEngine:263 - oldGeneratedFile, C:\harman\STM32Cube\250708_ILI9341_TFT_LCD\Core\Src\main.c_save
2025-07-09 09:47:09,315 [INFO] CodeEngine:287 - Generated code: C:\harman\STM32Cube\250708_ILI9341_TFT_LCD\Core\Src\main.c
2025-07-09 09:47:09,963 [INFO] ProjectBuilder:3324 - Time for Copy HAL[1] : 441mS.
2025-07-09 09:47:09,970 [INFO] ProjectBuilder:4912 - Project Generator version: 4.6.0.1-B1
2025-07-09 09:47:10,037 [INFO] ConfigFileManager:1590 - The Die is : DIE450
2025-07-09 09:47:10,052 [INFO] ApiDbMcu:508 - Load IP Config File for FATFS
2025-07-09 09:47:10,057 [INFO] ApiDbMcu:508 - Load IP Config File for FREERTOS
2025-07-09 09:47:10,060 [INFO] ApiDbMcu:508 - Load IP Config File for LIBJPEG
2025-07-09 09:47:10,065 [INFO] ApiDbMcu:508 - Load IP Config File for LWIP
2025-07-09 09:47:10,070 [INFO] ApiDbMcu:508 - Load IP Config File for MBEDTLS
2025-07-09 09:47:10,077 [INFO] ApiDbMcu:508 - Load IP Config File for USB_DEVICE
2025-07-09 09:47:10,081 [INFO] ApiDbMcu:508 - Load IP Config File for USB_HOST
2025-07-09 09:47:10,403 [INFO] LogOutputStream:77 - [STDOUT_REDIRECT] 
2025-07-09 09:47:11,535 [INFO] ProjectBuilder:5191 - Time for Generating toolchain IDE Files: 1566mS.
2025-07-09 09:47:11,538 [INFO] ProjectBuilder:3181 - Time for Copy CMSIS : 1mS.
2025-07-09 09:47:11,544 [INFO] ProjectBuilder:3181 - Time for Copy CMSIS : 0mS.
2025-07-09 09:55:58,055 [INFO] MainUpdater:2872 - connection check result : 10
2025-07-09 09:55:58,055 [INFO] MainUpdater:2872 - connection check result : 10
2025-07-09 09:55:58,145 [INFO] MicroXplorer:468 - Change Database Path : 
2025-07-09 09:55:58,145 [INFO] MicroXplorer:498 - Change Database Version : DB.6.0.141
2025-07-09 09:55:58,181 [ERROR] ProjectManagerView:395 - 
java.lang.NullPointerException: Cannot invoke "javax.swing.JTextField.getText()" because the return value of "java.util.List.get(int)" is null
	at com.st.microxplorer.plugins.projectmanager.gui.ProjectChoiceTab$9.caretUpdate(ProjectChoiceTab.java:2678) ~[filemanager.jar:?]
	at javax.swing.text.JTextComponent.fireCaretUpdate(JTextComponent.java:408) ~[?:?]
	at javax.swing.text.JTextComponent$MutableCaretEvent.fire(JTextComponent.java:4484) ~[?:?]
	at javax.swing.text.JTextComponent$MutableCaretEvent.stateChanged(JTextComponent.java:4506) ~[?:?]
	at javax.swing.text.DefaultCaret.fireStateChanged(DefaultCaret.java:857) ~[?:?]
	at javax.swing.text.DefaultCaret.changeCaretPosition(DefaultCaret.java:1343) ~[?:?]
	at javax.swing.text.DefaultCaret.handleSetDot(DefaultCaret.java:1242) ~[?:?]
	at javax.swing.text.DefaultCaret.setDot(DefaultCaret.java:1223) ~[?:?]
	at javax.swing.text.DefaultCaret$Handler.insertUpdate(DefaultCaret.java:1819) ~[?:?]
	at javax.swing.text.AbstractDocument.fireInsertUpdate(AbstractDocument.java:227) ~[?:?]
	at javax.swing.text.AbstractDocument.handleInsertString(AbstractDocument.java:781) ~[?:?]
	at javax.swing.text.AbstractDocument.insertString(AbstractDocument.java:740) ~[?:?]
	at javax.swing.text.PlainDocument.insertString(PlainDocument.java:131) ~[?:?]
	at javax.swing.text.AbstractDocument.replace(AbstractDocument.java:699) ~[?:?]
	at javax.swing.text.JTextComponent.setText(JTextComponent.java:1725) ~[?:?]
	at com.st.microxplorer.plugins.projectmanager.gui.ProjectChoiceTab.createHeapStackFields(ProjectChoiceTab.java:979) ~[filemanager.jar:?]
	at com.st.microxplorer.plugins.projectmanager.gui.ProjectChoiceTab.buildLinkSettingsPanel(ProjectChoiceTab.java:3766) ~[filemanager.jar:?]
	at com.st.microxplorer.plugins.projectmanager.gui.ProjectChoiceTab.defineWindowsFields(ProjectChoiceTab.java:1962) ~[filemanager.jar:?]
	at com.st.microxplorer.plugins.projectmanager.gui.ProjectChoiceTab.updateSettings(ProjectChoiceTab.java:555) ~[filemanager.jar:?]
	at com.st.microxplorer.plugins.projectmanager.gui.ProjectSettingsPanel.UpdateDialog(ProjectSettingsPanel.java:245) ~[filemanager.jar:?]
	at com.st.microxplorer.plugins.projectmanager.ProjectManagerView.propertyChange(ProjectManagerView.java:392) ~[filemanager.jar:?]
	at java.beans.PropertyChangeSupport.fire(PropertyChangeSupport.java:343) ~[?:?]
	at java.beans.PropertyChangeSupport.firePropertyChange(PropertyChangeSupport.java:335) ~[?:?]
	at java.beans.PropertyChangeSupport.firePropertyChange(PropertyChangeSupport.java:268) ~[?:?]
	at com.st.microxplorer.util.MXPropertyChangeSupport.firePropertyChange(MXPropertyChangeSupport.java:54) ~[STM32CubeMX.jar:?]
	at com.st.microxplorer.mxsystem.MxSystem.closeConfig(MxSystem.java:899) ~[STM32CubeMX.jar:?]
	at com.st.microxplorer.maingui.MainPanel.closeConfig(MainPanel.java:789) ~[STM32CubeMX.jar:?]
	at com.st.microxplorer.plugins.filemanager.engine.OpenFileManager.loadConfigurationFile(OpenFileManager.java:287) ~[filemanager.jar:?]
	at com.st.microxplorer.plugins.filemanager.engine.MainFileManager.userLoadConfig(MainFileManager.java:341) ~[filemanager.jar:?]
	at com.st.microxplorer.plugins.filemanager.engine.MainFileManager.userLoadConfig(MainFileManager.java:319) ~[filemanager.jar:?]
	at com.st.microxplorer.plugins.filemanager.FileManagerView.getSpecificTask(FileManagerView.java:246) ~[filemanager.jar:?]
	at com.st.stm32cube.common.mx.editor.CubeMxEditor.getMxTabbedPaneInstance(CubeMxEditor.java:1198) ~[com.st.stm32cube.common.mx_6.14.1.202504091515/:?]
	at com.st.stm32cube.common.mx.editor.CubeMxEditor$12$1.createSwingComponent(CubeMxEditor.java:1068) ~[com.st.stm32cube.common.mx_6.14.1.202504091515/:?]
	at com.st.stm32cube.common.mx.oss.core.awtswtbridge.EmbeddedSwingComposite.doComponentCreation(EmbeddedSwingComposite.java:492) ~[com.st.stm32cube.common.mx.oss_6.14.1.202504091515/:?]
	at com.st.stm32cube.common.mx.oss.core.awtswtbridge.EmbeddedSwingComposite$4.run(EmbeddedSwingComposite.java:291) ~[com.st.stm32cube.common.mx.oss_6.14.1.202504091515/:?]
	at com.st.stm32cube.common.mx.oss.core.awtswtbridge.AwtEnvironment$2.run(AwtEnvironment.java:166) ~[com.st.stm32cube.common.mx.oss_6.14.1.202504091515/:?]
	at java.awt.event.InvocationEvent.dispatch(InvocationEvent.java:318) ~[?:?]
	at java.awt.EventQueue.dispatchEventImpl(EventQueue.java:773) ~[?:?]
	at java.awt.EventQueue$4.run(EventQueue.java:720) ~[?:?]
	at java.awt.EventQueue$4.run(EventQueue.java:714) ~[?:?]
	at java.security.AccessController.doPrivileged(AccessController.java:400) ~[?:?]
	at java.security.ProtectionDomain$JavaSecurityAccessImpl.doIntersectionPrivilege(ProtectionDomain.java:87) ~[?:?]
	at java.awt.EventQueue.dispatchEvent(EventQueue.java:742) ~[?:?]
	at java.awt.EventDispatchThread.pumpOneEventForFilters(EventDispatchThread.java:203) ~[?:?]
	at java.awt.EventDispatchThread.pumpEventsForFilter(EventDispatchThread.java:124) ~[?:?]
	at java.awt.EventDispatchThread.pumpEventsForHierarchy(EventDispatchThread.java:113) ~[?:?]
	at java.awt.EventDispatchThread.pumpEvents(EventDispatchThread.java:109) ~[?:?]
	at java.awt.EventDispatchThread.pumpEvents(EventDispatchThread.java:101) ~[?:?]
	at java.awt.EventDispatchThread.run(EventDispatchThread.java:90) ~[?:?]
2025-07-09 09:55:58,202 [WARN] ThirdParty:871 - waiting for thirdparty lock release [close project]
2025-07-09 09:55:58,202 [INFO] ThirdParty:873 - entering critical section [close project]
2025-07-09 09:55:58,202 [INFO] ThirdParty:883 - exiting critical section [close project]
2025-07-09 09:55:58,207 [INFO] PinOutPanel:1589 - setPackage(No Configuration,No Configuration)
2025-07-09 09:55:58,228 [WARN] IpParametersView:155 - Warning: This peripheral hasn't parameters
2025-07-09 09:55:58,242 [WARN] MainPanel:289 - <html><b><center>Warning: This peripheral has no parameters to be configured<br></b></html>
2025-07-09 09:55:58,258 [INFO] UtilMem:75 - Begin LoadConfig() Used Memory: 963021152 Bytes (1073741824)
2025-07-09 09:55:58,258 [INFO] MicroXplorer:468 - Change Database Path : 
2025-07-09 09:55:58,258 [INFO] MicroXplorer:498 - Change Database Version : DB.6.0.141
2025-07-09 09:55:58,258 [INFO] OpenFileManager:354 - Change cursor
2025-07-09 09:55:58,277 [INFO] RulesReader:64 - Compatibility file has been processed (302 Rules)
2025-07-09 09:55:58,283 [INFO] Mcu:2011 - Initializing MCU STM32H743XIHx STM32H743XIHx STM32H743XIH6
2025-07-09 09:56:01,591 [INFO] Context:756 - Trying to add GPIOservice into a context  which must be forbidden
2025-07-09 09:56:03,138 [INFO] ImportTextPane:218 - (OptionalMessage_ERROR) Pin14 (VP_RIF_VS_RIF1) cannot be retrieved for this MCU
2025-07-09 09:56:03,330 [INFO] RtosManager:558 - Registered RTOS mode: class=CMSIS, group=RTOS, mode=CMSIS_V1, owner=FREERTOS
2025-07-09 09:56:03,330 [INFO] RtosManager:558 - Registered RTOS mode: class=CMSIS, group=RTOS2, mode=CMSIS_V2, owner=FREERTOS
2025-07-09 09:56:03,330 [INFO] RtosManager:558 - Registered RTOS mode: class=RTOS, group=Core, mode=CMSIS_V1, owner=FREERTOS
2025-07-09 09:56:03,330 [INFO] RtosManager:558 - Registered RTOS mode: class=RTOS, group=Core, mode=CMSIS_V2, owner=FREERTOS
2025-07-09 09:56:03,330 [WARN] ModelIntegratedComponent:184 - Missing modes for component STMicroelectronics:FreeRTOS:0.0.1:STMicroelectronics:RTOS:FreeRTOS:Core:::10.2.0:
2025-07-09 09:56:03,341 [WARN] ModelIntegratedComponent:63 - No mode defined for component null
2025-07-09 09:56:03,341 [WARN] ModelIntegratedComponent:63 - No mode defined for component null
2025-07-09 09:56:03,341 [WARN] ModelIntegratedComponent:63 - No mode defined for component null
2025-07-09 09:56:03,341 [WARN] ModelIntegratedComponent:63 - No mode defined for component null
2025-07-09 09:56:03,341 [WARN] ModelIntegratedComponent:63 - No mode defined for component null
2025-07-09 09:56:03,341 [WARN] ModelIntegratedComponent:63 - No mode defined for component null
2025-07-09 09:56:03,341 [WARN] ModelIntegratedComponent:63 - No mode defined for component null
2025-07-09 09:56:03,341 [WARN] ModelIntegratedComponent:63 - No mode defined for component null
2025-07-09 09:56:03,341 [WARN] ModelIntegratedComponent:63 - No mode defined for component null
2025-07-09 09:56:03,341 [WARN] ModelIntegratedComponent:63 - No mode defined for component null
2025-07-09 09:56:03,341 [WARN] ModelIntegratedComponent:63 - No mode defined for component null
2025-07-09 09:56:03,341 [WARN] ModelIntegratedComponent:63 - No mode defined for component null
2025-07-09 09:56:03,341 [WARN] ModelIntegratedComponent:63 - No mode defined for component null
2025-07-09 09:56:03,341 [WARN] ModelIntegratedComponent:63 - No mode defined for component null
2025-07-09 09:56:03,341 [WARN] ModelIntegratedComponent:63 - No mode defined for component null
2025-07-09 09:56:03,341 [WARN] ModelIntegratedComponent:63 - No mode defined for component null
2025-07-09 09:56:03,341 [WARN] ModelIntegratedComponent:63 - No mode defined for component null
2025-07-09 09:56:03,342 [WARN] ModelIntegratedComponent:63 - No mode defined for component null
2025-07-09 09:56:03,342 [WARN] ModelIntegratedComponent:63 - No mode defined for component null
2025-07-09 09:56:03,342 [WARN] ModelIntegratedComponent:63 - No mode defined for component null
2025-07-09 09:56:03,342 [WARN] ModelIntegratedComponent:63 - No mode defined for component null
2025-07-09 09:56:03,342 [WARN] ModelIntegratedComponent:63 - No mode defined for component null
2025-07-09 09:56:03,342 [WARN] ModelIntegratedComponent:63 - No mode defined for component null
2025-07-09 09:56:03,342 [WARN] ModelIntegratedComponent:63 - No mode defined for component null
2025-07-09 09:56:03,342 [WARN] ModelIntegratedComponent:63 - No mode defined for component null
2025-07-09 09:56:03,342 [WARN] ModelIntegratedComponent:63 - No mode defined for component null
2025-07-09 09:56:03,342 [WARN] ModelIntegratedComponent:63 - No mode defined for component null
2025-07-09 09:56:03,342 [WARN] ModelIntegratedComponent:63 - No mode defined for component null
2025-07-09 09:56:03,342 [WARN] ModelIntegratedComponent:63 - No mode defined for component null
2025-07-09 09:56:03,342 [WARN] ModelIntegratedComponent:63 - No mode defined for component null
2025-07-09 09:56:03,342 [WARN] ModelIntegratedComponent:63 - No mode defined for component null
2025-07-09 09:56:03,342 [WARN] ModelIntegratedComponent:63 - No mode defined for component null
2025-07-09 09:56:03,342 [WARN] ModelIntegratedComponent:63 - No mode defined for component null
2025-07-09 09:56:03,342 [WARN] ModelIntegratedComponent:63 - No mode defined for component null
2025-07-09 09:56:03,342 [WARN] ModelIntegratedComponent:63 - No mode defined for component null
2025-07-09 09:56:03,342 [WARN] ModelPack:524 - Component already loaded: STMicroelectronics:HAL Drivers:0.0.0:STMicroelectronics:Device:STMicro_Driver:XSPI:HAL::0.0.1:HAL_XSPI
2025-07-09 09:56:03,402 [INFO] ThirdPartyModel:298 - Start build external matchings
2025-07-09 09:56:03,787 [INFO] ThirdPartyModel:316 - End build external matchings
2025-07-09 09:56:03,802 [INFO] ImportTextPane:218 - (OptionalMessage_ERROR) IP (RCC) : Parameter (DFSDMACLkFreq_Value) has invalid value (480000000)
2025-07-09 09:56:03,806 [INFO] ImportTextPane:218 - (OptionalMessage_ERROR) IP (RCC) : Parameter (FDCANFreq_Value) has invalid value (480000000)
2025-07-09 09:56:03,806 [INFO] ImportTextPane:218 - (OptionalMessage_ERROR) IP (RCC) : Invalid parameter (FamilyName)
2025-07-09 09:56:03,806 [INFO] ImportTextPane:218 - (OptionalMessage_ERROR) IP (RCC) : Parameter (SAI1Freq_Value) has invalid value (480000000)
2025-07-09 09:56:03,807 [INFO] ImportTextPane:218 - (OptionalMessage_ERROR) IP (RCC) : Parameter (SAI23Freq_Value) has invalid value (480000000)
2025-07-09 09:56:03,807 [INFO] ImportTextPane:218 - (OptionalMessage_ERROR) IP (RCC) : Parameter (SAI4AFreq_Value) has invalid value (480000000)
2025-07-09 09:56:03,807 [INFO] ImportTextPane:218 - (OptionalMessage_ERROR) IP (RCC) : Parameter (SAI4BFreq_Value) has invalid value (480000000)
2025-07-09 09:56:03,807 [INFO] ImportTextPane:218 - (OptionalMessage_ERROR) IP (RCC) : Parameter (SDMMCFreq_Value) has invalid value (480000000)
2025-07-09 09:56:03,807 [INFO] ImportTextPane:218 - (OptionalMessage_ERROR) IP (RCC) : Parameter (SPDIFRXFreq_Value) has invalid value (480000000)
2025-07-09 09:56:03,807 [INFO] ImportTextPane:218 - (OptionalMessage_ERROR) IP (RCC) : Parameter (USBFreq_Value) has invalid value (480000000)
2025-07-09 09:56:04,537 [INFO] UtilMem:75 - End LoadConfig() Used Memory: 994680888 Bytes (1073741824)
2025-07-09 09:56:04,594 [WARN] ThirdParty:833 - waiting for thirdparty lock release [change project]
2025-07-09 09:56:04,594 [INFO] ThirdParty:835 - entering critical section [change project]
2025-07-09 09:56:04,594 [INFO] ThirdParty:1030 - CMSIS Pack Vendor :STMicroelectronics X-CUBE-PM33A1 1.0.0
2025-07-09 09:56:04,594 [INFO] ThirdParty:1030 - CMSIS Pack Vendor :STMicroelectronics USBPD 4.1
2025-07-09 09:56:04,594 [INFO] ThirdParty:1030 - CMSIS Pack Vendor :STMicroelectronics X-CUBE-AZRTOS-H7 3.3.0
2025-07-09 09:56:04,594 [INFO] ThirdParty:1030 - CMSIS Pack Vendor :STMicroelectronics X-CUBE-NFC9 1.0.0
2025-07-09 09:56:04,594 [INFO] ThirdParty:1030 - CMSIS Pack Vendor :wolfSSL I-CUBE-wolfSSL 5.8.0
2025-07-09 09:56:04,594 [INFO] ThirdParty:1030 - CMSIS Pack Vendor :STMicroelectronics USB_HOST 2.0.0
2025-07-09 09:56:04,594 [INFO] ThirdParty:1030 - CMSIS Pack Vendor :STMicroelectronics FP-SNS-MOTENVWB1 1.4.0
2025-07-09 09:56:04,594 [INFO] ThirdParty:1030 - CMSIS Pack Vendor :STMicroelectronics X-CUBE-AZRTOS-F4 1.1.0
2025-07-09 09:56:04,594 [INFO] ThirdParty:1030 - CMSIS Pack Vendor :STMicroelectronics LIBJPEG 8.0.0
2025-07-09 09:56:04,594 [INFO] ThirdParty:1030 - CMSIS Pack Vendor :STMicroelectronics FP-ATR-ASTRA1 2.0.2
2025-07-09 09:56:04,594 [INFO] ThirdParty:1030 - CMSIS Pack Vendor :STMicroelectronics X-CUBE-BLE1 7.1.0
2025-07-09 09:56:04,594 [INFO] ThirdParty:1030 - CMSIS Pack Vendor :Avnet-IotConnect X-CUBE-IoTC-DA16k-PMOD 1.0.0
2025-07-09 09:56:04,594 [INFO] ThirdParty:1030 - CMSIS Pack Vendor :STMicroelectronics X-CUBE-SMBUS 2.1.0
2025-07-09 09:56:04,594 [INFO] ThirdParty:1030 - CMSIS Pack Vendor :wolfSSL I-CUBE-wolfMQTT 1.19.2
2025-07-09 09:56:04,594 [INFO] ThirdParty:1030 - CMSIS Pack Vendor :STMicroelectronics USB_DEVICE 3.0.0
2025-07-09 09:56:04,594 [INFO] ThirdParty:1030 - CMSIS Pack Vendor :STMicroelectronics X-CUBE-ISPU 2.1.0
2025-07-09 09:56:04,594 [INFO] ThirdParty:1030 - CMSIS Pack Vendor :STMicroelectronics X-CUBE-AZRTOS-WB 2.0.0
2025-07-09 09:56:04,594 [INFO] ThirdParty:1030 - CMSIS Pack Vendor :STMicroelectronics X-CUBE-ST60 1.0.0
2025-07-09 09:56:04,594 [INFO] ThirdParty:1030 - CMSIS Pack Vendor :STMicroelectronics X-CUBE-GNSS1 7.0.1
2025-07-09 09:56:04,594 [INFO] ThirdParty:1030 - CMSIS Pack Vendor :STMicroelectronics X-CUBE-AZRTOS-F7 1.1.0
2025-07-09 09:56:04,594 [INFO] ThirdParty:1030 - CMSIS Pack Vendor :STMicroelectronics X-CUBE-AZRTOS-L5 2.0.0
2025-07-09 09:56:04,594 [INFO] ThirdParty:1030 - CMSIS Pack Vendor :STMicroelectronics X-CUBE-TOUCHGFX 4.25.0
2025-07-09 09:56:04,594 [INFO] ThirdParty:1030 - CMSIS Pack Vendor :STMicroelectronics USB_DEVICE 2.0.0
2025-07-09 09:56:04,594 [INFO] ThirdParty:1030 - CMSIS Pack Vendor :STMicroelectronics X-CUBE-NFC6 3.1.0
2025-07-09 09:56:04,594 [INFO] ThirdParty:1030 - CMSIS Pack Vendor :STMicroelectronics X-CUBE-AI 10.1.0
2025-07-09 09:56:04,594 [INFO] ThirdParty:1030 - CMSIS Pack Vendor :STMicroelectronics FP-SNS-STBOX1 2.0.0
2025-07-09 09:56:04,594 [INFO] ThirdParty:1030 - CMSIS Pack Vendor :STMicroelectronics X-CUBE-MEMS1 11.2.0
2025-07-09 09:56:04,594 [INFO] ThirdParty:1030 - CMSIS Pack Vendor :STMicroelectronics FreeRTOS 0.0.1
2025-07-09 09:56:04,594 [INFO] ThirdParty:1030 - CMSIS Pack Vendor :STMicroelectronics X-CUBE-AZRTOS-G0 1.1.0
2025-07-09 09:56:04,594 [INFO] ThirdParty:1030 - CMSIS Pack Vendor :STMicroelectronics X-CUBE-SAFEA1 1.2.2
2025-07-09 09:56:04,594 [INFO] ThirdParty:1030 - CMSIS Pack Vendor :STMicroelectronics X-CUBE-NFC4 3.0.0
2025-07-09 09:56:04,594 [INFO] ThirdParty:1030 - CMSIS Pack Vendor :STMicroelectronics X-CUBE-SUBG2 5.0.0
2025-07-09 09:56:04,594 [INFO] ThirdParty:1030 - CMSIS Pack Vendor :STMicroelectronics X-CUBE-AZRTOS-H7RS 1.1.0
2025-07-09 09:56:04,595 [INFO] ThirdParty:1030 - CMSIS Pack Vendor :STMicroelectronics STM32_WPAN 1.0.0
2025-07-09 09:56:04,595 [INFO] ThirdParty:1030 - CMSIS Pack Vendor :EmbeddedOffice I-CUBE-FS-RTOS 1.0.1
2025-07-09 09:56:04,595 [INFO] ThirdParty:1030 - CMSIS Pack Vendor :STMicroelectronics lwIP 2.0.3
2025-07-09 09:56:04,595 [INFO] ThirdParty:1030 - CMSIS Pack Vendor :Cesanta I-CUBE-Mongoose 7.13.0
2025-07-09 09:56:04,595 [INFO] ThirdParty:1030 - CMSIS Pack Vendor :STMicroelectronics USB_HOST 1.0.0
2025-07-09 09:56:04,595 [INFO] ThirdParty:1030 - CMSIS Pack Vendor :Infineon AIROC-Wi-Fi-Bluetooth-STM32 1.7.0
2025-07-09 09:56:04,595 [INFO] ThirdParty:1030 - CMSIS Pack Vendor :STMicroelectronics X-CUBE-AZRTOS-G4 2.0.0
2025-07-09 09:56:04,595 [INFO] ThirdParty:1030 - CMSIS Pack Vendor :STMicroelectronics X-CUBE-WB05N 2.0.0
2025-07-09 09:56:04,595 [INFO] ThirdParty:1030 - CMSIS Pack Vendor :STMicroelectronics PDM2PCM 3.1.0
2025-07-09 09:56:04,595 [INFO] ThirdParty:1030 - CMSIS Pack Vendor :STMicroelectronics PDM2PCM 3.3.0
2025-07-09 09:56:04,595 [INFO] ThirdParty:1030 - CMSIS Pack Vendor :wolfSSL I-CUBE-wolfTPM 3.8.0
2025-07-09 09:56:04,595 [INFO] ThirdParty:1030 - CMSIS Pack Vendor :STMicroelectronics X-CUBE-AZRTOS-H7 3.4.0
2025-07-09 09:56:04,595 [INFO] ThirdParty:1030 - CMSIS Pack Vendor :STMicroelectronics X-CUBE-DISPLAY 3.0.0
2025-07-09 09:56:04,595 [INFO] ThirdParty:1030 - CMSIS Pack Vendor :wolfSSL I-CUBE-wolfSSH 1.4.20
2025-07-09 09:56:04,595 [INFO] ThirdParty:1030 - CMSIS Pack Vendor :STMicroelectronics X-CUBE-NFC7 2.0.0
2025-07-09 09:56:04,595 [INFO] ThirdParty:1030 - CMSIS Pack Vendor :STMicroelectronics X-CUBE-TCPP 4.2.0
2025-07-09 09:56:04,595 [INFO] ThirdParty:1030 - CMSIS Pack Vendor :RealThread X-CUBE-RT-Thread_Nano 4.1.1
2025-07-09 09:56:04,595 [INFO] ThirdParty:1030 - CMSIS Pack Vendor :STMicroelectronics FP-ATR-SIGFOX1 3.2.0
2025-07-09 09:56:04,595 [INFO] ThirdParty:1030 - CMSIS Pack Vendor :STMicroelectronics X-CUBE-NFC10 1.0.0
2025-07-09 09:56:04,595 [INFO] ThirdParty:1030 - CMSIS Pack Vendor :STMicroelectronics X-CUBE-BLEMGR 4.0.0
2025-07-09 09:56:04,595 [INFO] ThirdParty:1030 - CMSIS Pack Vendor :STMicroelectronics X-CUBE-EEPRMA1 5.1.0
2025-07-09 09:56:04,595 [INFO] ThirdParty:1030 - CMSIS Pack Vendor :STMicroelectronics X-CUBE-FREERTOS 1.3.1
2025-07-09 09:56:04,595 [INFO] ThirdParty:1030 - CMSIS Pack Vendor :STMicroelectronics HAL Drivers 0.0.0
2025-07-09 09:56:04,595 [INFO] ThirdParty:1030 - CMSIS Pack Vendor :STMicroelectronics MBEDTLS 2.16.2
2025-07-09 09:56:04,595 [INFO] ThirdParty:1030 - CMSIS Pack Vendor :STMicroelectronics X-CUBE-IPS 3.1.0
2025-07-09 09:56:04,595 [INFO] ThirdParty:1030 - CMSIS Pack Vendor :STMicroelectronics X-CUBE-ALS 1.0.2
2025-07-09 09:56:04,595 [INFO] ThirdParty:1030 - CMSIS Pack Vendor :emotas I-CUBE-CANOPEN 1.3.0
2025-07-09 09:56:04,595 [INFO] ThirdParty:1030 - CMSIS Pack Vendor :STMicroelectronics MBEDTLS 2.14.1
2025-07-09 09:56:04,595 [INFO] ThirdParty:1030 - CMSIS Pack Vendor :ITTIA_DB I-CUBE-ITTIADB 8.9.0
2025-07-09 09:56:04,595 [INFO] ThirdParty:1030 - CMSIS Pack Vendor :portGmbH I-Cube-SoM-uGOAL 1.1.0
2025-07-09 09:56:04,595 [INFO] ThirdParty:1030 - CMSIS Pack Vendor :quantropi X-CUBE-qispace-sdk-base 2.0.0
2025-07-09 09:56:04,595 [INFO] ThirdParty:1030 - CMSIS Pack Vendor :STMicroelectronics X-CUBE-AI 10.0.0
2025-07-09 09:56:04,595 [INFO] ThirdParty:1030 - CMSIS Pack Vendor :STMicroelectronics X-CUBE-ST67W61 1.0.0
2025-07-09 09:56:04,595 [INFO] ThirdParty:1030 - CMSIS Pack Vendor :STMicroelectronics FP-SNS-STAIOTCFT 1.0.0
2025-07-09 09:56:04,595 [INFO] ThirdParty:1030 - CMSIS Pack Vendor :STMicroelectronics ThreadX 1.0.0
2025-07-09 09:56:04,595 [INFO] ThirdParty:1030 - CMSIS Pack Vendor :STMicroelectronics FP-SNS-SMARTAG2 1.2.0
2025-07-09 09:56:04,595 [INFO] ThirdParty:1030 - CMSIS Pack Vendor :STMicroelectronics FP-SNS-FLIGHT1 5.1.0
2025-07-09 09:56:04,595 [INFO] ThirdParty:1030 - CMSIS Pack Vendor :STMicroelectronics X-CUBE-AZRTOS-WL 2.0.0
2025-07-09 09:56:04,595 [INFO] ThirdParty:1030 - CMSIS Pack Vendor :SEGGER I-CUBE-embOS 1.3.1
2025-07-09 09:56:04,595 [INFO] ThirdParty:1030 - CMSIS Pack Vendor :STMicroelectronics X-CUBE-ALGOBUILD 1.4.0
2025-07-09 09:56:04,595 [INFO] ThirdParty:1030 - CMSIS Pack Vendor :STMicroelectronics X-CUBE-DPower 1.3.0
2025-07-09 09:56:04,595 [INFO] ThirdParty:1030 - CMSIS Pack Vendor :STMicroelectronics X-CUBE-MEMS1 11.3.0
2025-07-09 09:56:04,595 [INFO] ThirdParty:1030 - CMSIS Pack Vendor :STMicroelectronics FP-SNS-MOTENV1 5.0.0
2025-07-09 09:56:04,595 [INFO] ThirdParty:1030 - CMSIS Pack Vendor :STMicroelectronics USB_DEVICE 1.0.0
2025-07-09 09:56:04,595 [INFO] ThirdParty:1030 - CMSIS Pack Vendor :STMicroelectronics X-CUBE-AZRTOS-L4 2.0.0
2025-07-09 09:56:04,595 [INFO] ThirdParty:1030 - CMSIS Pack Vendor :STMicroelectronics ThreadX 0.0.2
2025-07-09 09:56:04,595 [INFO] ThirdParty:1030 - CMSIS Pack Vendor :WES I-CUBE-Cesium 1.3.0
2025-07-09 09:56:04,595 [INFO] ThirdParty:1030 - CMSIS Pack Vendor :STMicroelectronics lwIP 2.1.2
2025-07-09 09:56:04,595 [INFO] ThirdParty:1030 - CMSIS Pack Vendor :STMicroelectronics X-CUBE-SFXS2LP1 4.0.0
2025-07-09 09:56:04,595 [INFO] ThirdParty:1030 - CMSIS Pack Vendor :STMicroelectronics X-CUBE-BLE2 3.3.0
2025-07-09 09:56:04,595 [INFO] ThirdParty:1030 - CMSIS Pack Vendor :STMicroelectronics X-CUBE-TOF1 3.4.3
2025-07-09 09:56:04,596 [INFO] ThirdParty:1030 - CMSIS Pack Vendor :STMicroelectronics PDM2PCM 3.2.0
2025-07-09 09:56:04,596 [INFO] ThirdParty:841 - exiting critical section [change project]
2025-07-09 09:56:05,179 [INFO] PinOutPanel:1589 - setPackage(No Configuration,No Configuration)
2025-07-09 09:56:05,180 [INFO] PinOutPanel:1589 - setPackage(STM32H743XIHx,TFBGA240)
2025-07-09 09:56:05,811 [INFO] UtilMem:75 - Before build in PCC Used Memory: 942608704 Bytes (1073741824)
2025-07-09 09:56:06,179 [INFO] UtilMem:75 - After build in PCC Used Memory: 797203040 Bytes (1073741824)
2025-07-09 09:56:06,233 [INFO] IPUIPlugin:80 - create IPUIPlugin
2025-07-09 09:56:06,233 [INFO] IPUIPlugin:80 - create IPUIPlugin
2025-07-09 09:56:06,233 [INFO] IPUIPlugin:80 - create IPUIPlugin
2025-07-09 09:56:06,233 [INFO] IPUIPlugin:80 - create IPUIPlugin
2025-07-09 09:56:06,233 [INFO] IPUIPlugin:80 - create IPUIPlugin
2025-07-09 09:56:06,233 [INFO] IPUIPlugin:80 - create IPUIPlugin
2025-07-09 09:56:06,233 [INFO] IPUIPlugin:80 - create IPUIPlugin
2025-07-09 09:56:06,233 [INFO] IPUIPlugin:80 - create IPUIPlugin
2025-07-09 09:56:06,233 [INFO] IPUIPlugin:80 - create IPUIPlugin
2025-07-09 09:56:06,233 [INFO] IPUIPlugin:80 - create IPUIPlugin
2025-07-09 09:56:06,234 [INFO] IPUIPlugin:80 - create IPUIPlugin
2025-07-09 09:56:06,234 [INFO] IPUIPlugin:80 - create IPUIPlugin
2025-07-09 09:56:06,234 [INFO] IPUIPlugin:80 - create IPUIPlugin
2025-07-09 09:56:06,234 [INFO] IPUIPlugin:80 - create IPUIPlugin
2025-07-09 09:56:06,234 [INFO] IPUIPlugin:80 - create IPUIPlugin
2025-07-09 09:56:06,234 [INFO] IPUIPlugin:80 - create IPUIPlugin
2025-07-09 09:56:06,234 [INFO] IPUIPlugin:80 - create IPUIPlugin
2025-07-09 09:56:06,234 [INFO] IPUIPlugin:80 - create IPUIPlugin
2025-07-09 09:56:06,234 [INFO] IPUIPlugin:80 - create IPUIPlugin
2025-07-09 09:56:06,234 [INFO] IPUIPlugin:80 - create IPUIPlugin
2025-07-09 09:56:06,234 [INFO] IPUIPlugin:80 - create IPUIPlugin
2025-07-09 09:56:06,234 [INFO] IPUIPlugin:80 - create IPUIPlugin
2025-07-09 09:56:06,235 [INFO] IPUIPlugin:80 - create IPUIPlugin
2025-07-09 09:56:06,235 [INFO] IPUIPlugin:80 - create IPUIPlugin
2025-07-09 09:56:06,235 [INFO] IPUIPlugin:80 - create IPUIPlugin
2025-07-09 09:56:06,235 [INFO] IPUIPlugin:80 - create IPUIPlugin
2025-07-09 09:56:06,235 [INFO] IPUIPlugin:80 - create IPUIPlugin
2025-07-09 09:56:06,235 [INFO] IPUIPlugin:80 - create IPUIPlugin
2025-07-09 09:56:06,235 [INFO] IPUIPlugin:80 - create IPUIPlugin
2025-07-09 09:56:06,235 [INFO] IPUIPlugin:80 - create IPUIPlugin
2025-07-09 09:56:06,235 [INFO] IPUIPlugin:80 - create IPUIPlugin
2025-07-09 09:56:06,235 [INFO] IPUIPlugin:80 - create IPUIPlugin
2025-07-09 09:56:06,236 [INFO] IPUIPlugin:80 - create IPUIPlugin
2025-07-09 09:56:06,236 [INFO] IPUIPlugin:80 - create IPUIPlugin
2025-07-09 09:56:06,236 [INFO] IPUIPlugin:80 - create IPUIPlugin
2025-07-09 09:56:06,237 [INFO] IPUIPlugin:80 - create IPUIPlugin
2025-07-09 09:56:06,237 [INFO] IPUIPlugin:80 - create IPUIPlugin
2025-07-09 09:56:06,237 [INFO] IPUIPlugin:80 - create IPUIPlugin
2025-07-09 09:56:06,237 [INFO] IPUIPlugin:80 - create IPUIPlugin
2025-07-09 09:56:06,237 [INFO] IPUIPlugin:80 - create IPUIPlugin
2025-07-09 09:56:06,237 [INFO] IPUIPlugin:80 - create IPUIPlugin
2025-07-09 09:56:06,238 [INFO] IPUIPlugin:80 - create IPUIPlugin
2025-07-09 09:56:06,238 [INFO] IPUIPlugin:80 - create IPUIPlugin
2025-07-09 09:56:06,238 [INFO] IPUIPlugin:80 - create IPUIPlugin
2025-07-09 09:56:06,238 [INFO] IPUIPlugin:80 - create IPUIPlugin
2025-07-09 09:56:06,238 [INFO] IPUIPlugin:80 - create IPUIPlugin
2025-07-09 09:56:06,238 [INFO] IPUIPlugin:80 - create IPUIPlugin
2025-07-09 09:56:06,239 [INFO] IPUIPlugin:80 - create IPUIPlugin
2025-07-09 09:56:06,239 [INFO] IPUIPlugin:80 - create IPUIPlugin
2025-07-09 09:56:06,240 [INFO] IPUIPlugin:80 - create IPUIPlugin
2025-07-09 09:56:06,240 [INFO] IPUIPlugin:80 - create IPUIPlugin
2025-07-09 09:56:06,240 [INFO] IPUIPlugin:80 - create IPUIPlugin
2025-07-09 09:56:06,241 [INFO] IPUIPlugin:80 - create IPUIPlugin
2025-07-09 09:56:06,241 [INFO] IPUIPlugin:80 - create IPUIPlugin
2025-07-09 09:56:06,241 [INFO] IPUIPlugin:80 - create IPUIPlugin
2025-07-09 09:56:06,242 [INFO] IPUIPlugin:80 - create IPUIPlugin
2025-07-09 09:56:06,242 [INFO] IPUIPlugin:80 - create IPUIPlugin
2025-07-09 09:56:06,242 [INFO] IPUIPlugin:80 - create IPUIPlugin
2025-07-09 09:56:06,243 [INFO] IPUIPlugin:80 - create IPUIPlugin
2025-07-09 09:56:06,243 [INFO] IPUIPlugin:80 - create IPUIPlugin
2025-07-09 09:56:06,244 [INFO] IPUIPlugin:80 - create IPUIPlugin
2025-07-09 09:56:06,244 [INFO] IPUIPlugin:80 - create IPUIPlugin
2025-07-09 09:56:06,244 [INFO] IPUIPlugin:80 - create IPUIPlugin
2025-07-09 09:56:06,245 [INFO] IPUIPlugin:80 - create IPUIPlugin
2025-07-09 09:56:06,245 [INFO] IPUIPlugin:80 - create IPUIPlugin
2025-07-09 09:56:06,245 [INFO] IPUIPlugin:80 - create IPUIPlugin
2025-07-09 09:56:06,246 [INFO] IPUIPlugin:80 - create IPUIPlugin
2025-07-09 09:56:06,247 [INFO] IPUIPlugin:80 - create IPUIPlugin
2025-07-09 09:56:06,247 [INFO] IPUIPlugin:80 - create IPUIPlugin
2025-07-09 09:56:06,247 [INFO] IPUIPlugin:80 - create IPUIPlugin
2025-07-09 09:56:06,248 [INFO] IPUIPlugin:80 - create IPUIPlugin
2025-07-09 09:56:06,248 [INFO] IPUIPlugin:80 - create IPUIPlugin
2025-07-09 09:56:06,248 [INFO] IPUIPlugin:80 - create IPUIPlugin
2025-07-09 09:56:06,249 [INFO] IPUIPlugin:80 - create IPUIPlugin
2025-07-09 09:56:06,249 [INFO] IPUIPlugin:80 - create IPUIPlugin
2025-07-09 09:56:06,249 [INFO] IPUIPlugin:80 - create IPUIPlugin
2025-07-09 09:56:06,249 [INFO] IPUIPlugin:80 - create IPUIPlugin
2025-07-09 09:56:06,250 [INFO] IPUIPlugin:80 - create IPUIPlugin
2025-07-09 09:56:06,250 [INFO] IPUIPlugin:80 - create IPUIPlugin
2025-07-09 09:56:06,250 [INFO] IPUIPlugin:80 - create IPUIPlugin
2025-07-09 09:56:06,250 [INFO] IPUIPlugin:80 - create IPUIPlugin
2025-07-09 09:56:06,251 [INFO] IPUIPlugin:80 - create IPUIPlugin
2025-07-09 09:56:06,251 [INFO] IPUIPlugin:80 - create IPUIPlugin
2025-07-09 09:56:06,251 [INFO] IPUIPlugin:80 - create IPUIPlugin
2025-07-09 09:56:06,252 [INFO] IPUIPlugin:80 - create IPUIPlugin
2025-07-09 09:56:06,252 [INFO] IPUIPlugin:80 - create IPUIPlugin
2025-07-09 09:56:06,253 [INFO] IPUIPlugin:80 - create IPUIPlugin
2025-07-09 09:56:06,254 [INFO] IPUIPlugin:80 - create IPUIPlugin
2025-07-09 09:56:06,254 [INFO] IPUIPlugin:80 - create IPUIPlugin
2025-07-09 09:56:06,255 [INFO] IPUIPlugin:80 - create IPUIPlugin
2025-07-09 09:56:06,255 [INFO] IPUIPlugin:80 - create IPUIPlugin
2025-07-09 09:56:06,256 [INFO] IPUIPlugin:80 - create IPUIPlugin
2025-07-09 09:56:06,256 [INFO] IPUIPlugin:80 - create IPUIPlugin
2025-07-09 09:56:06,257 [INFO] IPUIPlugin:80 - create IPUIPlugin
2025-07-09 09:56:06,257 [INFO] IPUIPlugin:80 - create IPUIPlugin
2025-07-09 09:56:06,257 [INFO] IPUIPlugin:80 - create IPUIPlugin
2025-07-09 09:56:06,258 [INFO] IPUIPlugin:80 - create IPUIPlugin
2025-07-09 09:56:06,258 [INFO] IPUIPlugin:80 - create IPUIPlugin
2025-07-09 09:56:06,280 [INFO] ApiDbMcu:508 - Load IP Config File for PDM2PCM
2025-07-09 09:56:06,401 [INFO] CADModel:165 - CPN selected for project levelSTM32H743XIH6
2025-07-09 09:56:06,401 [INFO] CADModel:114 - Register for checkConnection events
2025-07-09 09:56:06,601 [INFO] OpenFileManager:385 - Restore cursor
2025-07-09 10:19:59,531 [INFO] MainUpdater:2872 - connection check result : 10
2025-07-09 10:19:59,531 [INFO] MainUpdater:2872 - connection check result : 10
2025-07-09 10:19:59,629 [INFO] MicroXplorer:468 - Change Database Path : 
2025-07-09 10:19:59,629 [INFO] MicroXplorer:498 - Change Database Version : DB.6.0.141
2025-07-09 10:19:59,688 [ERROR] ProjectManagerView:395 - 
java.lang.NullPointerException: Cannot invoke "javax.swing.JTextField.getText()" because the return value of "java.util.List.get(int)" is null
	at com.st.microxplorer.plugins.projectmanager.gui.ProjectChoiceTab$9.caretUpdate(ProjectChoiceTab.java:2678) ~[filemanager.jar:?]
	at javax.swing.text.JTextComponent.fireCaretUpdate(JTextComponent.java:408) ~[?:?]
	at javax.swing.text.JTextComponent$MutableCaretEvent.fire(JTextComponent.java:4484) ~[?:?]
	at javax.swing.text.JTextComponent$MutableCaretEvent.stateChanged(JTextComponent.java:4506) ~[?:?]
	at javax.swing.text.DefaultCaret.fireStateChanged(DefaultCaret.java:857) ~[?:?]
	at javax.swing.text.DefaultCaret.changeCaretPosition(DefaultCaret.java:1343) ~[?:?]
	at javax.swing.text.DefaultCaret.handleSetDot(DefaultCaret.java:1242) ~[?:?]
	at javax.swing.text.DefaultCaret.setDot(DefaultCaret.java:1223) ~[?:?]
	at javax.swing.text.DefaultCaret$Handler.insertUpdate(DefaultCaret.java:1819) ~[?:?]
	at javax.swing.text.AbstractDocument.fireInsertUpdate(AbstractDocument.java:227) ~[?:?]
	at javax.swing.text.AbstractDocument.handleInsertString(AbstractDocument.java:781) ~[?:?]
	at javax.swing.text.AbstractDocument.insertString(AbstractDocument.java:740) ~[?:?]
	at javax.swing.text.PlainDocument.insertString(PlainDocument.java:131) ~[?:?]
	at javax.swing.text.AbstractDocument.replace(AbstractDocument.java:699) ~[?:?]
	at javax.swing.text.JTextComponent.setText(JTextComponent.java:1725) ~[?:?]
	at com.st.microxplorer.plugins.projectmanager.gui.ProjectChoiceTab.createHeapStackFields(ProjectChoiceTab.java:979) ~[filemanager.jar:?]
	at com.st.microxplorer.plugins.projectmanager.gui.ProjectChoiceTab.buildLinkSettingsPanel(ProjectChoiceTab.java:3766) ~[filemanager.jar:?]
	at com.st.microxplorer.plugins.projectmanager.gui.ProjectChoiceTab.defineWindowsFields(ProjectChoiceTab.java:1962) ~[filemanager.jar:?]
	at com.st.microxplorer.plugins.projectmanager.gui.ProjectChoiceTab.updateSettings(ProjectChoiceTab.java:555) ~[filemanager.jar:?]
	at com.st.microxplorer.plugins.projectmanager.gui.ProjectSettingsPanel.UpdateDialog(ProjectSettingsPanel.java:245) ~[filemanager.jar:?]
	at com.st.microxplorer.plugins.projectmanager.ProjectManagerView.propertyChange(ProjectManagerView.java:392) ~[filemanager.jar:?]
	at java.beans.PropertyChangeSupport.fire(PropertyChangeSupport.java:343) ~[?:?]
	at java.beans.PropertyChangeSupport.firePropertyChange(PropertyChangeSupport.java:335) ~[?:?]
	at java.beans.PropertyChangeSupport.firePropertyChange(PropertyChangeSupport.java:268) ~[?:?]
	at com.st.microxplorer.util.MXPropertyChangeSupport.firePropertyChange(MXPropertyChangeSupport.java:54) ~[STM32CubeMX.jar:?]
	at com.st.microxplorer.mxsystem.MxSystem.closeConfig(MxSystem.java:899) ~[STM32CubeMX.jar:?]
	at com.st.microxplorer.maingui.MainPanel.closeConfig(MainPanel.java:789) ~[STM32CubeMX.jar:?]
	at com.st.microxplorer.plugins.filemanager.engine.OpenFileManager.loadConfigurationFile(OpenFileManager.java:287) ~[filemanager.jar:?]
	at com.st.microxplorer.plugins.filemanager.engine.MainFileManager.userLoadConfig(MainFileManager.java:341) ~[filemanager.jar:?]
	at com.st.microxplorer.plugins.filemanager.engine.MainFileManager.userLoadConfig(MainFileManager.java:319) ~[filemanager.jar:?]
	at com.st.microxplorer.plugins.filemanager.FileManagerView.getSpecificTask(FileManagerView.java:246) ~[filemanager.jar:?]
	at com.st.stm32cube.common.mx.editor.CubeMxEditor.getMxTabbedPaneInstance(CubeMxEditor.java:1198) ~[com.st.stm32cube.common.mx_6.14.1.202504091515/:?]
	at com.st.stm32cube.common.mx.editor.CubeMxEditor$12$1.createSwingComponent(CubeMxEditor.java:1068) ~[com.st.stm32cube.common.mx_6.14.1.202504091515/:?]
	at com.st.stm32cube.common.mx.oss.core.awtswtbridge.EmbeddedSwingComposite.doComponentCreation(EmbeddedSwingComposite.java:492) ~[com.st.stm32cube.common.mx.oss_6.14.1.202504091515/:?]
	at com.st.stm32cube.common.mx.oss.core.awtswtbridge.EmbeddedSwingComposite$4.run(EmbeddedSwingComposite.java:291) ~[com.st.stm32cube.common.mx.oss_6.14.1.202504091515/:?]
	at com.st.stm32cube.common.mx.oss.core.awtswtbridge.AwtEnvironment$2.run(AwtEnvironment.java:166) ~[com.st.stm32cube.common.mx.oss_6.14.1.202504091515/:?]
	at java.awt.event.InvocationEvent.dispatch(InvocationEvent.java:318) ~[?:?]
	at java.awt.EventQueue.dispatchEventImpl(EventQueue.java:773) ~[?:?]
	at java.awt.EventQueue$4.run(EventQueue.java:720) ~[?:?]
	at java.awt.EventQueue$4.run(EventQueue.java:714) ~[?:?]
	at java.security.AccessController.doPrivileged(AccessController.java:400) ~[?:?]
	at java.security.ProtectionDomain$JavaSecurityAccessImpl.doIntersectionPrivilege(ProtectionDomain.java:87) ~[?:?]
	at java.awt.EventQueue.dispatchEvent(EventQueue.java:742) ~[?:?]
	at java.awt.EventDispatchThread.pumpOneEventForFilters(EventDispatchThread.java:203) ~[?:?]
	at java.awt.EventDispatchThread.pumpEventsForFilter(EventDispatchThread.java:124) ~[?:?]
	at java.awt.EventDispatchThread.pumpEventsForHierarchy(EventDispatchThread.java:113) ~[?:?]
	at java.awt.EventDispatchThread.pumpEvents(EventDispatchThread.java:109) ~[?:?]
	at java.awt.EventDispatchThread.pumpEvents(EventDispatchThread.java:101) ~[?:?]
	at java.awt.EventDispatchThread.run(EventDispatchThread.java:90) ~[?:?]
2025-07-09 10:19:59,692 [WARN] ThirdParty:871 - waiting for thirdparty lock release [close project]
2025-07-09 10:19:59,692 [INFO] ThirdParty:873 - entering critical section [close project]
2025-07-09 10:19:59,692 [INFO] ThirdParty:883 - exiting critical section [close project]
2025-07-09 10:19:59,697 [INFO] PinOutPanel:1589 - setPackage(No Configuration,No Configuration)
2025-07-09 10:19:59,725 [WARN] IpParametersView:155 - Warning: This peripheral hasn't parameters
2025-07-09 10:19:59,748 [WARN] MainPanel:289 - <html><b><center>Warning: This peripheral has no parameters to be configured<br></b></html>
2025-07-09 10:19:59,759 [INFO] UtilMem:75 - Begin LoadConfig() Used Memory: 867837304 Bytes (1073741824)
2025-07-09 10:19:59,760 [INFO] MicroXplorer:468 - Change Database Path : 
2025-07-09 10:19:59,760 [INFO] MicroXplorer:498 - Change Database Version : DB.6.0.141
2025-07-09 10:19:59,761 [INFO] OpenFileManager:354 - Change cursor
2025-07-09 10:19:59,793 [INFO] Mcu:2011 - Initializing MCU STM32H743XIHx STM32H743XIHx STM32H743XIH6
2025-07-09 10:20:04,064 [INFO] Context:756 - Trying to add GPIOservice into a context  which must be forbidden
2025-07-09 10:20:05,471 [INFO] ImportTextPane:218 - (OptionalMessage_ERROR) Pin14 (VP_RIF_VS_RIF1) cannot be retrieved for this MCU
2025-07-09 10:20:05,664 [INFO] RtosManager:558 - Registered RTOS mode: class=CMSIS, group=RTOS, mode=CMSIS_V1, owner=FREERTOS
2025-07-09 10:20:05,665 [INFO] RtosManager:558 - Registered RTOS mode: class=CMSIS, group=RTOS2, mode=CMSIS_V2, owner=FREERTOS
2025-07-09 10:20:05,665 [INFO] RtosManager:558 - Registered RTOS mode: class=RTOS, group=Core, mode=CMSIS_V1, owner=FREERTOS
2025-07-09 10:20:05,665 [INFO] RtosManager:558 - Registered RTOS mode: class=RTOS, group=Core, mode=CMSIS_V2, owner=FREERTOS
2025-07-09 10:20:05,665 [WARN] ModelIntegratedComponent:184 - Missing modes for component STMicroelectronics:FreeRTOS:0.0.1:STMicroelectronics:RTOS:FreeRTOS:Core:::10.2.0:
2025-07-09 10:20:05,675 [WARN] ModelIntegratedComponent:63 - No mode defined for component null
2025-07-09 10:20:05,675 [WARN] ModelIntegratedComponent:63 - No mode defined for component null
2025-07-09 10:20:05,675 [WARN] ModelIntegratedComponent:63 - No mode defined for component null
2025-07-09 10:20:05,675 [WARN] ModelIntegratedComponent:63 - No mode defined for component null
2025-07-09 10:20:05,675 [WARN] ModelIntegratedComponent:63 - No mode defined for component null
2025-07-09 10:20:05,675 [WARN] ModelIntegratedComponent:63 - No mode defined for component null
2025-07-09 10:20:05,675 [WARN] ModelIntegratedComponent:63 - No mode defined for component null
2025-07-09 10:20:05,675 [WARN] ModelIntegratedComponent:63 - No mode defined for component null
2025-07-09 10:20:05,675 [WARN] ModelIntegratedComponent:63 - No mode defined for component null
2025-07-09 10:20:05,676 [WARN] ModelIntegratedComponent:63 - No mode defined for component null
2025-07-09 10:20:05,676 [WARN] ModelIntegratedComponent:63 - No mode defined for component null
2025-07-09 10:20:05,676 [WARN] ModelIntegratedComponent:63 - No mode defined for component null
2025-07-09 10:20:05,676 [WARN] ModelIntegratedComponent:63 - No mode defined for component null
2025-07-09 10:20:05,676 [WARN] ModelIntegratedComponent:63 - No mode defined for component null
2025-07-09 10:20:05,676 [WARN] ModelIntegratedComponent:63 - No mode defined for component null
2025-07-09 10:20:05,676 [WARN] ModelIntegratedComponent:63 - No mode defined for component null
2025-07-09 10:20:05,676 [WARN] ModelIntegratedComponent:63 - No mode defined for component null
2025-07-09 10:20:05,676 [WARN] ModelIntegratedComponent:63 - No mode defined for component null
2025-07-09 10:20:05,676 [WARN] ModelIntegratedComponent:63 - No mode defined for component null
2025-07-09 10:20:05,676 [WARN] ModelIntegratedComponent:63 - No mode defined for component null
2025-07-09 10:20:05,676 [WARN] ModelIntegratedComponent:63 - No mode defined for component null
2025-07-09 10:20:05,676 [WARN] ModelIntegratedComponent:63 - No mode defined for component null
2025-07-09 10:20:05,676 [WARN] ModelIntegratedComponent:63 - No mode defined for component null
2025-07-09 10:20:05,676 [WARN] ModelIntegratedComponent:63 - No mode defined for component null
2025-07-09 10:20:05,676 [WARN] ModelIntegratedComponent:63 - No mode defined for component null
2025-07-09 10:20:05,676 [WARN] ModelIntegratedComponent:63 - No mode defined for component null
2025-07-09 10:20:05,676 [WARN] ModelIntegratedComponent:63 - No mode defined for component null
2025-07-09 10:20:05,676 [WARN] ModelIntegratedComponent:63 - No mode defined for component null
2025-07-09 10:20:05,676 [WARN] ModelIntegratedComponent:63 - No mode defined for component null
2025-07-09 10:20:05,676 [WARN] ModelIntegratedComponent:63 - No mode defined for component null
2025-07-09 10:20:05,677 [WARN] ModelIntegratedComponent:63 - No mode defined for component null
2025-07-09 10:20:05,677 [WARN] ModelIntegratedComponent:63 - No mode defined for component null
2025-07-09 10:20:05,677 [WARN] ModelIntegratedComponent:63 - No mode defined for component null
2025-07-09 10:20:05,677 [WARN] ModelIntegratedComponent:63 - No mode defined for component null
2025-07-09 10:20:05,677 [WARN] ModelIntegratedComponent:63 - No mode defined for component null
2025-07-09 10:20:05,677 [WARN] ModelPack:524 - Component already loaded: STMicroelectronics:HAL Drivers:0.0.0:STMicroelectronics:Device:STMicro_Driver:XSPI:HAL::0.0.1:HAL_XSPI
2025-07-09 10:20:05,737 [INFO] ThirdPartyModel:298 - Start build external matchings
2025-07-09 10:20:06,146 [INFO] ThirdPartyModel:316 - End build external matchings
2025-07-09 10:20:06,169 [INFO] ImportTextPane:218 - (OptionalMessage_ERROR) IP (RCC) : Parameter (DFSDMACLkFreq_Value) has invalid value (480000000)
2025-07-09 10:20:06,174 [INFO] ImportTextPane:218 - (OptionalMessage_ERROR) IP (RCC) : Parameter (FDCANFreq_Value) has invalid value (480000000)
2025-07-09 10:20:06,174 [INFO] ImportTextPane:218 - (OptionalMessage_ERROR) IP (RCC) : Invalid parameter (FamilyName)
2025-07-09 10:20:06,174 [INFO] ImportTextPane:218 - (OptionalMessage_ERROR) IP (RCC) : Parameter (SAI1Freq_Value) has invalid value (480000000)
2025-07-09 10:20:06,174 [INFO] ImportTextPane:218 - (OptionalMessage_ERROR) IP (RCC) : Parameter (SAI23Freq_Value) has invalid value (480000000)
2025-07-09 10:20:06,174 [INFO] ImportTextPane:218 - (OptionalMessage_ERROR) IP (RCC) : Parameter (SAI4AFreq_Value) has invalid value (480000000)
2025-07-09 10:20:06,174 [INFO] ImportTextPane:218 - (OptionalMessage_ERROR) IP (RCC) : Parameter (SAI4BFreq_Value) has invalid value (480000000)
2025-07-09 10:20:06,174 [INFO] ImportTextPane:218 - (OptionalMessage_ERROR) IP (RCC) : Parameter (SDMMCFreq_Value) has invalid value (480000000)
2025-07-09 10:20:06,175 [INFO] ImportTextPane:218 - (OptionalMessage_ERROR) IP (RCC) : Parameter (SPDIFRXFreq_Value) has invalid value (480000000)
2025-07-09 10:20:06,175 [INFO] ImportTextPane:218 - (OptionalMessage_ERROR) IP (RCC) : Parameter (USBFreq_Value) has invalid value (480000000)
2025-07-09 10:20:06,975 [INFO] UtilMem:75 - End LoadConfig() Used Memory: 921627472 Bytes (1073741824)
2025-07-09 10:20:06,993 [WARN] ThirdParty:833 - waiting for thirdparty lock release [change project]
2025-07-09 10:20:06,994 [INFO] ThirdParty:835 - entering critical section [change project]
2025-07-09 10:20:06,994 [INFO] ThirdParty:1030 - CMSIS Pack Vendor :STMicroelectronics X-CUBE-PM33A1 1.0.0
2025-07-09 10:20:06,994 [INFO] ThirdParty:1030 - CMSIS Pack Vendor :STMicroelectronics USBPD 4.1
2025-07-09 10:20:06,994 [INFO] ThirdParty:1030 - CMSIS Pack Vendor :STMicroelectronics X-CUBE-AZRTOS-H7 3.3.0
2025-07-09 10:20:06,994 [INFO] ThirdParty:1030 - CMSIS Pack Vendor :STMicroelectronics X-CUBE-NFC9 1.0.0
2025-07-09 10:20:06,994 [INFO] ThirdParty:1030 - CMSIS Pack Vendor :wolfSSL I-CUBE-wolfSSL 5.8.0
2025-07-09 10:20:06,995 [INFO] ThirdParty:1030 - CMSIS Pack Vendor :STMicroelectronics USB_HOST 2.0.0
2025-07-09 10:20:06,995 [INFO] ThirdParty:1030 - CMSIS Pack Vendor :STMicroelectronics FP-SNS-MOTENVWB1 1.4.0
2025-07-09 10:20:06,995 [INFO] ThirdParty:1030 - CMSIS Pack Vendor :STMicroelectronics X-CUBE-AZRTOS-F4 1.1.0
2025-07-09 10:20:06,995 [INFO] ThirdParty:1030 - CMSIS Pack Vendor :STMicroelectronics LIBJPEG 8.0.0
2025-07-09 10:20:06,995 [INFO] ThirdParty:1030 - CMSIS Pack Vendor :STMicroelectronics FP-ATR-ASTRA1 2.0.2
2025-07-09 10:20:06,995 [INFO] ThirdParty:1030 - CMSIS Pack Vendor :STMicroelectronics X-CUBE-BLE1 7.1.0
2025-07-09 10:20:06,995 [INFO] ThirdParty:1030 - CMSIS Pack Vendor :Avnet-IotConnect X-CUBE-IoTC-DA16k-PMOD 1.0.0
2025-07-09 10:20:06,995 [INFO] ThirdParty:1030 - CMSIS Pack Vendor :STMicroelectronics X-CUBE-SMBUS 2.1.0
2025-07-09 10:20:06,995 [INFO] ThirdParty:1030 - CMSIS Pack Vendor :wolfSSL I-CUBE-wolfMQTT 1.19.2
2025-07-09 10:20:06,995 [INFO] ThirdParty:1030 - CMSIS Pack Vendor :STMicroelectronics USB_DEVICE 3.0.0
2025-07-09 10:20:06,995 [INFO] ThirdParty:1030 - CMSIS Pack Vendor :STMicroelectronics X-CUBE-ISPU 2.1.0
2025-07-09 10:20:06,995 [INFO] ThirdParty:1030 - CMSIS Pack Vendor :STMicroelectronics X-CUBE-AZRTOS-WB 2.0.0
2025-07-09 10:20:06,995 [INFO] ThirdParty:1030 - CMSIS Pack Vendor :STMicroelectronics X-CUBE-ST60 1.0.0
2025-07-09 10:20:06,995 [INFO] ThirdParty:1030 - CMSIS Pack Vendor :STMicroelectronics X-CUBE-GNSS1 7.0.1
2025-07-09 10:20:06,995 [INFO] ThirdParty:1030 - CMSIS Pack Vendor :STMicroelectronics X-CUBE-AZRTOS-F7 1.1.0
2025-07-09 10:20:06,995 [INFO] ThirdParty:1030 - CMSIS Pack Vendor :STMicroelectronics X-CUBE-AZRTOS-L5 2.0.0
2025-07-09 10:20:06,996 [INFO] ThirdParty:1030 - CMSIS Pack Vendor :STMicroelectronics X-CUBE-TOUCHGFX 4.25.0
2025-07-09 10:20:06,996 [INFO] ThirdParty:1030 - CMSIS Pack Vendor :STMicroelectronics USB_DEVICE 2.0.0
2025-07-09 10:20:06,997 [INFO] ThirdParty:1030 - CMSIS Pack Vendor :STMicroelectronics X-CUBE-NFC6 3.1.0
2025-07-09 10:20:06,997 [INFO] ThirdParty:1030 - CMSIS Pack Vendor :STMicroelectronics X-CUBE-AI 10.1.0
2025-07-09 10:20:06,998 [INFO] ThirdParty:1030 - CMSIS Pack Vendor :STMicroelectronics FP-SNS-STBOX1 2.0.0
2025-07-09 10:20:06,998 [INFO] ThirdParty:1030 - CMSIS Pack Vendor :STMicroelectronics X-CUBE-MEMS1 11.2.0
2025-07-09 10:20:06,998 [INFO] ThirdParty:1030 - CMSIS Pack Vendor :STMicroelectronics FreeRTOS 0.0.1
2025-07-09 10:20:06,999 [INFO] ThirdParty:1030 - CMSIS Pack Vendor :STMicroelectronics X-CUBE-AZRTOS-G0 1.1.0
2025-07-09 10:20:06,999 [INFO] ThirdParty:1030 - CMSIS Pack Vendor :STMicroelectronics X-CUBE-SAFEA1 1.2.2
2025-07-09 10:20:06,999 [INFO] ThirdParty:1030 - CMSIS Pack Vendor :STMicroelectronics X-CUBE-NFC4 3.0.0
2025-07-09 10:20:06,999 [INFO] ThirdParty:1030 - CMSIS Pack Vendor :STMicroelectronics X-CUBE-SUBG2 5.0.0
2025-07-09 10:20:07,000 [INFO] ThirdParty:1030 - CMSIS Pack Vendor :STMicroelectronics X-CUBE-AZRTOS-H7RS 1.1.0
2025-07-09 10:20:07,000 [INFO] ThirdParty:1030 - CMSIS Pack Vendor :STMicroelectronics STM32_WPAN 1.0.0
2025-07-09 10:20:07,000 [INFO] ThirdParty:1030 - CMSIS Pack Vendor :EmbeddedOffice I-CUBE-FS-RTOS 1.0.1
2025-07-09 10:20:07,000 [INFO] ThirdParty:1030 - CMSIS Pack Vendor :STMicroelectronics lwIP 2.0.3
2025-07-09 10:20:07,000 [INFO] ThirdParty:1030 - CMSIS Pack Vendor :Cesanta I-CUBE-Mongoose 7.13.0
2025-07-09 10:20:07,000 [INFO] ThirdParty:1030 - CMSIS Pack Vendor :STMicroelectronics USB_HOST 1.0.0
2025-07-09 10:20:07,000 [INFO] ThirdParty:1030 - CMSIS Pack Vendor :Infineon AIROC-Wi-Fi-Bluetooth-STM32 1.7.0
2025-07-09 10:20:07,001 [INFO] ThirdParty:1030 - CMSIS Pack Vendor :STMicroelectronics X-CUBE-AZRTOS-G4 2.0.0
2025-07-09 10:20:07,001 [INFO] ThirdParty:1030 - CMSIS Pack Vendor :STMicroelectronics X-CUBE-WB05N 2.0.0
2025-07-09 10:20:07,001 [INFO] ThirdParty:1030 - CMSIS Pack Vendor :STMicroelectronics PDM2PCM 3.1.0
2025-07-09 10:20:07,001 [INFO] ThirdParty:1030 - CMSIS Pack Vendor :STMicroelectronics PDM2PCM 3.3.0
2025-07-09 10:20:07,001 [INFO] ThirdParty:1030 - CMSIS Pack Vendor :wolfSSL I-CUBE-wolfTPM 3.8.0
2025-07-09 10:20:07,001 [INFO] ThirdParty:1030 - CMSIS Pack Vendor :STMicroelectronics X-CUBE-AZRTOS-H7 3.4.0
2025-07-09 10:20:07,001 [INFO] ThirdParty:1030 - CMSIS Pack Vendor :STMicroelectronics X-CUBE-DISPLAY 3.0.0
2025-07-09 10:20:07,001 [INFO] ThirdParty:1030 - CMSIS Pack Vendor :wolfSSL I-CUBE-wolfSSH 1.4.20
2025-07-09 10:20:07,001 [INFO] ThirdParty:1030 - CMSIS Pack Vendor :STMicroelectronics X-CUBE-NFC7 2.0.0
2025-07-09 10:20:07,001 [INFO] ThirdParty:1030 - CMSIS Pack Vendor :STMicroelectronics X-CUBE-TCPP 4.2.0
2025-07-09 10:20:07,001 [INFO] ThirdParty:1030 - CMSIS Pack Vendor :RealThread X-CUBE-RT-Thread_Nano 4.1.1
2025-07-09 10:20:07,001 [INFO] ThirdParty:1030 - CMSIS Pack Vendor :STMicroelectronics FP-ATR-SIGFOX1 3.2.0
2025-07-09 10:20:07,001 [INFO] ThirdParty:1030 - CMSIS Pack Vendor :STMicroelectronics X-CUBE-NFC10 1.0.0
2025-07-09 10:20:07,001 [INFO] ThirdParty:1030 - CMSIS Pack Vendor :STMicroelectronics X-CUBE-BLEMGR 4.0.0
2025-07-09 10:20:07,001 [INFO] ThirdParty:1030 - CMSIS Pack Vendor :STMicroelectronics X-CUBE-EEPRMA1 5.1.0
2025-07-09 10:20:07,002 [INFO] ThirdParty:1030 - CMSIS Pack Vendor :STMicroelectronics X-CUBE-FREERTOS 1.3.1
2025-07-09 10:20:07,002 [INFO] ThirdParty:1030 - CMSIS Pack Vendor :STMicroelectronics HAL Drivers 0.0.0
2025-07-09 10:20:07,002 [INFO] ThirdParty:1030 - CMSIS Pack Vendor :STMicroelectronics MBEDTLS 2.16.2
2025-07-09 10:20:07,002 [INFO] ThirdParty:1030 - CMSIS Pack Vendor :STMicroelectronics X-CUBE-IPS 3.1.0
2025-07-09 10:20:07,002 [INFO] ThirdParty:1030 - CMSIS Pack Vendor :STMicroelectronics X-CUBE-ALS 1.0.2
2025-07-09 10:20:07,002 [INFO] ThirdParty:1030 - CMSIS Pack Vendor :emotas I-CUBE-CANOPEN 1.3.0
2025-07-09 10:20:07,002 [INFO] ThirdParty:1030 - CMSIS Pack Vendor :STMicroelectronics MBEDTLS 2.14.1
2025-07-09 10:20:07,002 [INFO] ThirdParty:1030 - CMSIS Pack Vendor :ITTIA_DB I-CUBE-ITTIADB 8.9.0
2025-07-09 10:20:07,002 [INFO] ThirdParty:1030 - CMSIS Pack Vendor :portGmbH I-Cube-SoM-uGOAL 1.1.0
2025-07-09 10:20:07,002 [INFO] ThirdParty:1030 - CMSIS Pack Vendor :quantropi X-CUBE-qispace-sdk-base 2.0.0
2025-07-09 10:20:07,002 [INFO] ThirdParty:1030 - CMSIS Pack Vendor :STMicroelectronics X-CUBE-AI 10.0.0
2025-07-09 10:20:07,002 [INFO] ThirdParty:1030 - CMSIS Pack Vendor :STMicroelectronics X-CUBE-ST67W61 1.0.0
2025-07-09 10:20:07,002 [INFO] ThirdParty:1030 - CMSIS Pack Vendor :STMicroelectronics FP-SNS-STAIOTCFT 1.0.0
2025-07-09 10:20:07,002 [INFO] ThirdParty:1030 - CMSIS Pack Vendor :STMicroelectronics ThreadX 1.0.0
2025-07-09 10:20:07,002 [INFO] ThirdParty:1030 - CMSIS Pack Vendor :STMicroelectronics FP-SNS-SMARTAG2 1.2.0
2025-07-09 10:20:07,002 [INFO] ThirdParty:1030 - CMSIS Pack Vendor :STMicroelectronics FP-SNS-FLIGHT1 5.1.0
2025-07-09 10:20:07,002 [INFO] ThirdParty:1030 - CMSIS Pack Vendor :STMicroelectronics X-CUBE-AZRTOS-WL 2.0.0
2025-07-09 10:20:07,002 [INFO] ThirdParty:1030 - CMSIS Pack Vendor :SEGGER I-CUBE-embOS 1.3.1
2025-07-09 10:20:07,002 [INFO] ThirdParty:1030 - CMSIS Pack Vendor :STMicroelectronics X-CUBE-ALGOBUILD 1.4.0
2025-07-09 10:20:07,002 [INFO] ThirdParty:1030 - CMSIS Pack Vendor :STMicroelectronics X-CUBE-DPower 1.3.0
2025-07-09 10:20:07,002 [INFO] ThirdParty:1030 - CMSIS Pack Vendor :STMicroelectronics X-CUBE-MEMS1 11.3.0
2025-07-09 10:20:07,002 [INFO] ThirdParty:1030 - CMSIS Pack Vendor :STMicroelectronics FP-SNS-MOTENV1 5.0.0
2025-07-09 10:20:07,002 [INFO] ThirdParty:1030 - CMSIS Pack Vendor :STMicroelectronics USB_DEVICE 1.0.0
2025-07-09 10:20:07,002 [INFO] ThirdParty:1030 - CMSIS Pack Vendor :STMicroelectronics X-CUBE-AZRTOS-L4 2.0.0
2025-07-09 10:20:07,002 [INFO] ThirdParty:1030 - CMSIS Pack Vendor :STMicroelectronics ThreadX 0.0.2
2025-07-09 10:20:07,002 [INFO] ThirdParty:1030 - CMSIS Pack Vendor :WES I-CUBE-Cesium 1.3.0
2025-07-09 10:20:07,002 [INFO] ThirdParty:1030 - CMSIS Pack Vendor :STMicroelectronics lwIP 2.1.2
2025-07-09 10:20:07,002 [INFO] ThirdParty:1030 - CMSIS Pack Vendor :STMicroelectronics X-CUBE-SFXS2LP1 4.0.0
2025-07-09 10:20:07,002 [INFO] ThirdParty:1030 - CMSIS Pack Vendor :STMicroelectronics X-CUBE-BLE2 3.3.0
2025-07-09 10:20:07,002 [INFO] ThirdParty:1030 - CMSIS Pack Vendor :STMicroelectronics X-CUBE-TOF1 3.4.3
2025-07-09 10:20:07,002 [INFO] ThirdParty:1030 - CMSIS Pack Vendor :STMicroelectronics PDM2PCM 3.2.0
2025-07-09 10:20:07,002 [INFO] ThirdParty:841 - exiting critical section [change project]
2025-07-09 10:20:07,572 [INFO] PinOutPanel:1589 - setPackage(No Configuration,No Configuration)
2025-07-09 10:20:07,574 [INFO] PinOutPanel:1589 - setPackage(STM32H743XIHx,TFBGA240)
2025-07-09 10:20:08,460 [INFO] UtilMem:75 - Before build in PCC Used Memory: 803606848 Bytes (1073741824)
2025-07-09 10:20:08,934 [INFO] UtilMem:75 - After build in PCC Used Memory: 868618576 Bytes (1073741824)
2025-07-09 10:20:08,972 [INFO] IPUIPlugin:80 - create IPUIPlugin
2025-07-09 10:20:08,972 [INFO] IPUIPlugin:80 - create IPUIPlugin
2025-07-09 10:20:08,972 [INFO] IPUIPlugin:80 - create IPUIPlugin
2025-07-09 10:20:08,972 [INFO] IPUIPlugin:80 - create IPUIPlugin
2025-07-09 10:20:08,973 [INFO] IPUIPlugin:80 - create IPUIPlugin
2025-07-09 10:20:08,973 [INFO] IPUIPlugin:80 - create IPUIPlugin
2025-07-09 10:20:08,974 [INFO] IPUIPlugin:80 - create IPUIPlugin
2025-07-09 10:20:08,974 [INFO] IPUIPlugin:80 - create IPUIPlugin
2025-07-09 10:20:08,974 [INFO] IPUIPlugin:80 - create IPUIPlugin
2025-07-09 10:20:08,974 [INFO] IPUIPlugin:80 - create IPUIPlugin
2025-07-09 10:20:08,975 [INFO] IPUIPlugin:80 - create IPUIPlugin
2025-07-09 10:20:08,975 [INFO] IPUIPlugin:80 - create IPUIPlugin
2025-07-09 10:20:08,975 [INFO] IPUIPlugin:80 - create IPUIPlugin
2025-07-09 10:20:08,975 [INFO] IPUIPlugin:80 - create IPUIPlugin
2025-07-09 10:20:08,975 [INFO] IPUIPlugin:80 - create IPUIPlugin
2025-07-09 10:20:08,975 [INFO] IPUIPlugin:80 - create IPUIPlugin
2025-07-09 10:20:08,975 [INFO] IPUIPlugin:80 - create IPUIPlugin
2025-07-09 10:20:08,975 [INFO] IPUIPlugin:80 - create IPUIPlugin
2025-07-09 10:20:08,975 [INFO] IPUIPlugin:80 - create IPUIPlugin
2025-07-09 10:20:08,975 [INFO] IPUIPlugin:80 - create IPUIPlugin
2025-07-09 10:20:08,975 [INFO] IPUIPlugin:80 - create IPUIPlugin
2025-07-09 10:20:08,975 [INFO] IPUIPlugin:80 - create IPUIPlugin
2025-07-09 10:20:08,975 [INFO] IPUIPlugin:80 - create IPUIPlugin
2025-07-09 10:20:08,976 [INFO] IPUIPlugin:80 - create IPUIPlugin
2025-07-09 10:20:08,976 [INFO] IPUIPlugin:80 - create IPUIPlugin
2025-07-09 10:20:08,976 [INFO] IPUIPlugin:80 - create IPUIPlugin
2025-07-09 10:20:08,976 [INFO] IPUIPlugin:80 - create IPUIPlugin
2025-07-09 10:20:08,976 [INFO] IPUIPlugin:80 - create IPUIPlugin
2025-07-09 10:20:08,976 [INFO] IPUIPlugin:80 - create IPUIPlugin
2025-07-09 10:20:08,976 [INFO] IPUIPlugin:80 - create IPUIPlugin
2025-07-09 10:20:08,977 [INFO] IPUIPlugin:80 - create IPUIPlugin
2025-07-09 10:20:08,977 [INFO] IPUIPlugin:80 - create IPUIPlugin
2025-07-09 10:20:08,977 [INFO] IPUIPlugin:80 - create IPUIPlugin
2025-07-09 10:20:08,977 [INFO] IPUIPlugin:80 - create IPUIPlugin
2025-07-09 10:20:08,978 [INFO] IPUIPlugin:80 - create IPUIPlugin
2025-07-09 10:20:08,978 [INFO] IPUIPlugin:80 - create IPUIPlugin
2025-07-09 10:20:08,978 [INFO] IPUIPlugin:80 - create IPUIPlugin
2025-07-09 10:20:08,978 [INFO] IPUIPlugin:80 - create IPUIPlugin
2025-07-09 10:20:08,978 [INFO] IPUIPlugin:80 - create IPUIPlugin
2025-07-09 10:20:08,978 [INFO] IPUIPlugin:80 - create IPUIPlugin
2025-07-09 10:20:08,979 [INFO] IPUIPlugin:80 - create IPUIPlugin
2025-07-09 10:20:08,979 [INFO] IPUIPlugin:80 - create IPUIPlugin
2025-07-09 10:20:08,979 [INFO] IPUIPlugin:80 - create IPUIPlugin
2025-07-09 10:20:08,979 [INFO] IPUIPlugin:80 - create IPUIPlugin
2025-07-09 10:20:08,979 [INFO] IPUIPlugin:80 - create IPUIPlugin
2025-07-09 10:20:08,979 [INFO] IPUIPlugin:80 - create IPUIPlugin
2025-07-09 10:20:08,980 [INFO] IPUIPlugin:80 - create IPUIPlugin
2025-07-09 10:20:08,980 [INFO] IPUIPlugin:80 - create IPUIPlugin
2025-07-09 10:20:08,980 [INFO] IPUIPlugin:80 - create IPUIPlugin
2025-07-09 10:20:08,980 [INFO] IPUIPlugin:80 - create IPUIPlugin
2025-07-09 10:20:08,980 [INFO] IPUIPlugin:80 - create IPUIPlugin
2025-07-09 10:20:08,981 [INFO] IPUIPlugin:80 - create IPUIPlugin
2025-07-09 10:20:08,981 [INFO] IPUIPlugin:80 - create IPUIPlugin
2025-07-09 10:20:08,981 [INFO] IPUIPlugin:80 - create IPUIPlugin
2025-07-09 10:20:08,981 [INFO] IPUIPlugin:80 - create IPUIPlugin
2025-07-09 10:20:08,981 [INFO] IPUIPlugin:80 - create IPUIPlugin
2025-07-09 10:20:08,981 [INFO] IPUIPlugin:80 - create IPUIPlugin
2025-07-09 10:20:08,982 [INFO] IPUIPlugin:80 - create IPUIPlugin
2025-07-09 10:20:08,982 [INFO] IPUIPlugin:80 - create IPUIPlugin
2025-07-09 10:20:08,982 [INFO] IPUIPlugin:80 - create IPUIPlugin
2025-07-09 10:20:08,982 [INFO] IPUIPlugin:80 - create IPUIPlugin
2025-07-09 10:20:08,982 [INFO] IPUIPlugin:80 - create IPUIPlugin
2025-07-09 10:20:08,983 [INFO] IPUIPlugin:80 - create IPUIPlugin
2025-07-09 10:20:08,983 [INFO] IPUIPlugin:80 - create IPUIPlugin
2025-07-09 10:20:08,983 [INFO] IPUIPlugin:80 - create IPUIPlugin
2025-07-09 10:20:08,983 [INFO] IPUIPlugin:80 - create IPUIPlugin
2025-07-09 10:20:08,983 [INFO] IPUIPlugin:80 - create IPUIPlugin
2025-07-09 10:20:08,983 [INFO] IPUIPlugin:80 - create IPUIPlugin
2025-07-09 10:20:08,984 [INFO] IPUIPlugin:80 - create IPUIPlugin
2025-07-09 10:20:08,984 [INFO] IPUIPlugin:80 - create IPUIPlugin
2025-07-09 10:20:08,985 [INFO] IPUIPlugin:80 - create IPUIPlugin
2025-07-09 10:20:08,985 [INFO] IPUIPlugin:80 - create IPUIPlugin
2025-07-09 10:20:08,986 [INFO] IPUIPlugin:80 - create IPUIPlugin
2025-07-09 10:20:08,987 [INFO] IPUIPlugin:80 - create IPUIPlugin
2025-07-09 10:20:08,987 [INFO] IPUIPlugin:80 - create IPUIPlugin
2025-07-09 10:20:08,987 [INFO] IPUIPlugin:80 - create IPUIPlugin
2025-07-09 10:20:08,987 [INFO] IPUIPlugin:80 - create IPUIPlugin
2025-07-09 10:20:08,987 [INFO] IPUIPlugin:80 - create IPUIPlugin
2025-07-09 10:20:08,988 [INFO] IPUIPlugin:80 - create IPUIPlugin
2025-07-09 10:20:08,988 [INFO] IPUIPlugin:80 - create IPUIPlugin
2025-07-09 10:20:08,988 [INFO] IPUIPlugin:80 - create IPUIPlugin
2025-07-09 10:20:08,988 [INFO] IPUIPlugin:80 - create IPUIPlugin
2025-07-09 10:20:08,988 [INFO] IPUIPlugin:80 - create IPUIPlugin
2025-07-09 10:20:08,989 [INFO] IPUIPlugin:80 - create IPUIPlugin
2025-07-09 10:20:08,989 [INFO] IPUIPlugin:80 - create IPUIPlugin
2025-07-09 10:20:08,989 [INFO] IPUIPlugin:80 - create IPUIPlugin
2025-07-09 10:20:08,989 [INFO] IPUIPlugin:80 - create IPUIPlugin
2025-07-09 10:20:08,990 [INFO] IPUIPlugin:80 - create IPUIPlugin
2025-07-09 10:20:08,990 [INFO] IPUIPlugin:80 - create IPUIPlugin
2025-07-09 10:20:08,990 [INFO] IPUIPlugin:80 - create IPUIPlugin
2025-07-09 10:20:08,990 [INFO] IPUIPlugin:80 - create IPUIPlugin
2025-07-09 10:20:08,990 [INFO] IPUIPlugin:80 - create IPUIPlugin
2025-07-09 10:20:08,991 [INFO] IPUIPlugin:80 - create IPUIPlugin
2025-07-09 10:20:08,992 [INFO] IPUIPlugin:80 - create IPUIPlugin
2025-07-09 10:20:08,993 [INFO] IPUIPlugin:80 - create IPUIPlugin
2025-07-09 10:20:08,994 [INFO] IPUIPlugin:80 - create IPUIPlugin
2025-07-09 10:20:08,995 [INFO] IPUIPlugin:80 - create IPUIPlugin
2025-07-09 10:20:08,995 [INFO] IPUIPlugin:80 - create IPUIPlugin
2025-07-09 10:20:09,009 [INFO] ApiDbMcu:508 - Load IP Config File for PDM2PCM
2025-07-09 10:20:09,097 [INFO] CADModel:165 - CPN selected for project levelSTM32H743XIH6
2025-07-09 10:20:09,098 [INFO] CADModel:114 - Register for checkConnection events
2025-07-09 10:20:09,223 [INFO] OpenFileManager:385 - Restore cursor
2025-07-09 10:30:20,249 [INFO] MainUpdater:2872 - connection check result : 10
2025-07-09 10:30:20,249 [INFO] MainUpdater:2872 - connection check result : 10
2025-07-09 10:30:20,408 [INFO] MicroXplorer:468 - Change Database Path : 
2025-07-09 10:30:20,408 [INFO] MicroXplorer:498 - Change Database Version : DB.6.0.141
2025-07-09 10:30:20,486 [ERROR] ProjectManagerView:395 - 
java.lang.NullPointerException: Cannot invoke "javax.swing.JTextField.getText()" because the return value of "java.util.List.get(int)" is null
	at com.st.microxplorer.plugins.projectmanager.gui.ProjectChoiceTab$9.caretUpdate(ProjectChoiceTab.java:2678) ~[filemanager.jar:?]
	at javax.swing.text.JTextComponent.fireCaretUpdate(JTextComponent.java:408) ~[?:?]
	at javax.swing.text.JTextComponent$MutableCaretEvent.fire(JTextComponent.java:4484) ~[?:?]
	at javax.swing.text.JTextComponent$MutableCaretEvent.stateChanged(JTextComponent.java:4506) ~[?:?]
	at javax.swing.text.DefaultCaret.fireStateChanged(DefaultCaret.java:857) ~[?:?]
	at javax.swing.text.DefaultCaret.changeCaretPosition(DefaultCaret.java:1343) ~[?:?]
	at javax.swing.text.DefaultCaret.handleSetDot(DefaultCaret.java:1242) ~[?:?]
	at javax.swing.text.DefaultCaret.setDot(DefaultCaret.java:1223) ~[?:?]
	at javax.swing.text.DefaultCaret$Handler.insertUpdate(DefaultCaret.java:1819) ~[?:?]
	at javax.swing.text.AbstractDocument.fireInsertUpdate(AbstractDocument.java:227) ~[?:?]
	at javax.swing.text.AbstractDocument.handleInsertString(AbstractDocument.java:781) ~[?:?]
	at javax.swing.text.AbstractDocument.insertString(AbstractDocument.java:740) ~[?:?]
	at javax.swing.text.PlainDocument.insertString(PlainDocument.java:131) ~[?:?]
	at javax.swing.text.AbstractDocument.replace(AbstractDocument.java:699) ~[?:?]
	at javax.swing.text.JTextComponent.setText(JTextComponent.java:1725) ~[?:?]
	at com.st.microxplorer.plugins.projectmanager.gui.ProjectChoiceTab.createHeapStackFields(ProjectChoiceTab.java:979) ~[filemanager.jar:?]
	at com.st.microxplorer.plugins.projectmanager.gui.ProjectChoiceTab.buildLinkSettingsPanel(ProjectChoiceTab.java:3766) ~[filemanager.jar:?]
	at com.st.microxplorer.plugins.projectmanager.gui.ProjectChoiceTab.defineWindowsFields(ProjectChoiceTab.java:1962) ~[filemanager.jar:?]
	at com.st.microxplorer.plugins.projectmanager.gui.ProjectChoiceTab.updateSettings(ProjectChoiceTab.java:555) ~[filemanager.jar:?]
	at com.st.microxplorer.plugins.projectmanager.gui.ProjectSettingsPanel.UpdateDialog(ProjectSettingsPanel.java:245) ~[filemanager.jar:?]
	at com.st.microxplorer.plugins.projectmanager.ProjectManagerView.propertyChange(ProjectManagerView.java:392) ~[filemanager.jar:?]
	at java.beans.PropertyChangeSupport.fire(PropertyChangeSupport.java:343) ~[?:?]
	at java.beans.PropertyChangeSupport.firePropertyChange(PropertyChangeSupport.java:335) ~[?:?]
	at java.beans.PropertyChangeSupport.firePropertyChange(PropertyChangeSupport.java:268) ~[?:?]
	at com.st.microxplorer.util.MXPropertyChangeSupport.firePropertyChange(MXPropertyChangeSupport.java:54) ~[STM32CubeMX.jar:?]
	at com.st.microxplorer.mxsystem.MxSystem.closeConfig(MxSystem.java:899) ~[STM32CubeMX.jar:?]
	at com.st.microxplorer.maingui.MainPanel.closeConfig(MainPanel.java:789) ~[STM32CubeMX.jar:?]
	at com.st.microxplorer.plugins.filemanager.engine.OpenFileManager.loadConfigurationFile(OpenFileManager.java:287) ~[filemanager.jar:?]
	at com.st.microxplorer.plugins.filemanager.engine.MainFileManager.userLoadConfig(MainFileManager.java:341) ~[filemanager.jar:?]
	at com.st.microxplorer.plugins.filemanager.engine.MainFileManager.userLoadConfig(MainFileManager.java:319) ~[filemanager.jar:?]
	at com.st.microxplorer.plugins.filemanager.FileManagerView.getSpecificTask(FileManagerView.java:246) ~[filemanager.jar:?]
	at com.st.stm32cube.common.mx.editor.CubeMxEditor.getMxTabbedPaneInstance(CubeMxEditor.java:1198) ~[com.st.stm32cube.common.mx_6.14.1.202504091515/:?]
	at com.st.stm32cube.common.mx.editor.CubeMxEditor$12$1.createSwingComponent(CubeMxEditor.java:1068) ~[com.st.stm32cube.common.mx_6.14.1.202504091515/:?]
	at com.st.stm32cube.common.mx.oss.core.awtswtbridge.EmbeddedSwingComposite.doComponentCreation(EmbeddedSwingComposite.java:492) ~[com.st.stm32cube.common.mx.oss_6.14.1.202504091515/:?]
	at com.st.stm32cube.common.mx.oss.core.awtswtbridge.EmbeddedSwingComposite$4.run(EmbeddedSwingComposite.java:291) ~[com.st.stm32cube.common.mx.oss_6.14.1.202504091515/:?]
	at com.st.stm32cube.common.mx.oss.core.awtswtbridge.AwtEnvironment$2.run(AwtEnvironment.java:166) ~[com.st.stm32cube.common.mx.oss_6.14.1.202504091515/:?]
	at java.awt.event.InvocationEvent.dispatch(InvocationEvent.java:318) ~[?:?]
	at java.awt.EventQueue.dispatchEventImpl(EventQueue.java:773) ~[?:?]
	at java.awt.EventQueue$4.run(EventQueue.java:720) ~[?:?]
	at java.awt.EventQueue$4.run(EventQueue.java:714) ~[?:?]
	at java.security.AccessController.doPrivileged(AccessController.java:400) ~[?:?]
	at java.security.ProtectionDomain$JavaSecurityAccessImpl.doIntersectionPrivilege(ProtectionDomain.java:87) ~[?:?]
	at java.awt.EventQueue.dispatchEvent(EventQueue.java:742) ~[?:?]
	at java.awt.EventDispatchThread.pumpOneEventForFilters(EventDispatchThread.java:203) ~[?:?]
	at java.awt.EventDispatchThread.pumpEventsForFilter(EventDispatchThread.java:124) ~[?:?]
	at java.awt.EventDispatchThread.pumpEventsForHierarchy(EventDispatchThread.java:113) ~[?:?]
	at java.awt.EventDispatchThread.pumpEvents(EventDispatchThread.java:109) ~[?:?]
	at java.awt.EventDispatchThread.pumpEvents(EventDispatchThread.java:101) ~[?:?]
	at java.awt.EventDispatchThread.run(EventDispatchThread.java:90) ~[?:?]
2025-07-09 10:30:20,490 [WARN] ThirdParty:871 - waiting for thirdparty lock release [close project]
2025-07-09 10:30:20,491 [INFO] ThirdParty:873 - entering critical section [close project]
2025-07-09 10:30:20,491 [INFO] ThirdParty:883 - exiting critical section [close project]
2025-07-09 10:30:20,505 [INFO] PinOutPanel:1589 - setPackage(No Configuration,No Configuration)
2025-07-09 10:30:20,548 [WARN] IpParametersView:155 - Warning: This peripheral hasn't parameters
2025-07-09 10:30:20,578 [WARN] MainPanel:289 - <html><b><center>Warning: This peripheral has no parameters to be configured<br></b></html>
2025-07-09 10:30:20,599 [INFO] UtilMem:75 - Begin LoadConfig() Used Memory: 883347376 Bytes (1073741824)
2025-07-09 10:30:20,601 [INFO] MicroXplorer:468 - Change Database Path : 
2025-07-09 10:30:20,601 [INFO] MicroXplorer:498 - Change Database Version : DB.6.0.141
2025-07-09 10:30:20,601 [INFO] OpenFileManager:354 - Change cursor
2025-07-09 10:30:20,645 [INFO] Mcu:2011 - Initializing MCU STM32H743XIHx STM32H743XIHx STM32H743XIH6
2025-07-09 10:30:25,585 [INFO] Context:756 - Trying to add GPIOservice into a context  which must be forbidden
2025-07-09 10:30:27,418 [INFO] ImportTextPane:218 - (OptionalMessage_ERROR) Pin14 (VP_RIF_VS_RIF1) cannot be retrieved for this MCU
2025-07-09 10:30:27,689 [INFO] RtosManager:558 - Registered RTOS mode: class=CMSIS, group=RTOS, mode=CMSIS_V1, owner=FREERTOS
2025-07-09 10:30:27,690 [INFO] RtosManager:558 - Registered RTOS mode: class=CMSIS, group=RTOS2, mode=CMSIS_V2, owner=FREERTOS
2025-07-09 10:30:27,690 [INFO] RtosManager:558 - Registered RTOS mode: class=RTOS, group=Core, mode=CMSIS_V1, owner=FREERTOS
2025-07-09 10:30:27,690 [INFO] RtosManager:558 - Registered RTOS mode: class=RTOS, group=Core, mode=CMSIS_V2, owner=FREERTOS
2025-07-09 10:30:27,690 [WARN] ModelIntegratedComponent:184 - Missing modes for component STMicroelectronics:FreeRTOS:0.0.1:STMicroelectronics:RTOS:FreeRTOS:Core:::10.2.0:
2025-07-09 10:30:27,705 [WARN] ModelIntegratedComponent:63 - No mode defined for component null
2025-07-09 10:30:27,706 [WARN] ModelIntegratedComponent:63 - No mode defined for component null
2025-07-09 10:30:27,706 [WARN] ModelIntegratedComponent:63 - No mode defined for component null
2025-07-09 10:30:27,706 [WARN] ModelIntegratedComponent:63 - No mode defined for component null
2025-07-09 10:30:27,706 [WARN] ModelIntegratedComponent:63 - No mode defined for component null
2025-07-09 10:30:27,706 [WARN] ModelIntegratedComponent:63 - No mode defined for component null
2025-07-09 10:30:27,706 [WARN] ModelIntegratedComponent:63 - No mode defined for component null
2025-07-09 10:30:27,706 [WARN] ModelIntegratedComponent:63 - No mode defined for component null
2025-07-09 10:30:27,706 [WARN] ModelIntegratedComponent:63 - No mode defined for component null
2025-07-09 10:30:27,706 [WARN] ModelIntegratedComponent:63 - No mode defined for component null
2025-07-09 10:30:27,707 [WARN] ModelIntegratedComponent:63 - No mode defined for component null
2025-07-09 10:30:27,707 [WARN] ModelIntegratedComponent:63 - No mode defined for component null
2025-07-09 10:30:27,707 [WARN] ModelIntegratedComponent:63 - No mode defined for component null
2025-07-09 10:30:27,707 [WARN] ModelIntegratedComponent:63 - No mode defined for component null
2025-07-09 10:30:27,708 [WARN] ModelIntegratedComponent:63 - No mode defined for component null
2025-07-09 10:30:27,708 [WARN] ModelIntegratedComponent:63 - No mode defined for component null
2025-07-09 10:30:27,708 [WARN] ModelIntegratedComponent:63 - No mode defined for component null
2025-07-09 10:30:27,708 [WARN] ModelIntegratedComponent:63 - No mode defined for component null
2025-07-09 10:30:27,709 [WARN] ModelIntegratedComponent:63 - No mode defined for component null
2025-07-09 10:30:27,709 [WARN] ModelIntegratedComponent:63 - No mode defined for component null
2025-07-09 10:30:27,709 [WARN] ModelIntegratedComponent:63 - No mode defined for component null
2025-07-09 10:30:27,709 [WARN] ModelIntegratedComponent:63 - No mode defined for component null
2025-07-09 10:30:27,709 [WARN] ModelIntegratedComponent:63 - No mode defined for component null
2025-07-09 10:30:27,709 [WARN] ModelIntegratedComponent:63 - No mode defined for component null
2025-07-09 10:30:27,709 [WARN] ModelIntegratedComponent:63 - No mode defined for component null
2025-07-09 10:30:27,709 [WARN] ModelIntegratedComponent:63 - No mode defined for component null
2025-07-09 10:30:27,709 [WARN] ModelIntegratedComponent:63 - No mode defined for component null
2025-07-09 10:30:27,709 [WARN] ModelIntegratedComponent:63 - No mode defined for component null
2025-07-09 10:30:27,709 [WARN] ModelIntegratedComponent:63 - No mode defined for component null
2025-07-09 10:30:27,709 [WARN] ModelIntegratedComponent:63 - No mode defined for component null
2025-07-09 10:30:27,709 [WARN] ModelIntegratedComponent:63 - No mode defined for component null
2025-07-09 10:30:27,709 [WARN] ModelIntegratedComponent:63 - No mode defined for component null
2025-07-09 10:30:27,709 [WARN] ModelIntegratedComponent:63 - No mode defined for component null
2025-07-09 10:30:27,709 [WARN] ModelIntegratedComponent:63 - No mode defined for component null
2025-07-09 10:30:27,709 [WARN] ModelIntegratedComponent:63 - No mode defined for component null
2025-07-09 10:30:27,710 [WARN] ModelPack:524 - Component already loaded: STMicroelectronics:HAL Drivers:0.0.0:STMicroelectronics:Device:STMicro_Driver:XSPI:HAL::0.0.1:HAL_XSPI
2025-07-09 10:30:27,779 [INFO] ThirdPartyModel:298 - Start build external matchings
2025-07-09 10:30:28,287 [INFO] ThirdPartyModel:316 - End build external matchings
2025-07-09 10:30:28,305 [INFO] ImportTextPane:218 - (OptionalMessage_ERROR) IP (RCC) : Parameter (DFSDMACLkFreq_Value) has invalid value (480000000)
2025-07-09 10:30:28,312 [INFO] ImportTextPane:218 - (OptionalMessage_ERROR) IP (RCC) : Parameter (FDCANFreq_Value) has invalid value (480000000)
2025-07-09 10:30:28,313 [INFO] ImportTextPane:218 - (OptionalMessage_ERROR) IP (RCC) : Invalid parameter (FamilyName)
2025-07-09 10:30:28,313 [INFO] ImportTextPane:218 - (OptionalMessage_ERROR) IP (RCC) : Parameter (SAI1Freq_Value) has invalid value (480000000)
2025-07-09 10:30:28,313 [INFO] ImportTextPane:218 - (OptionalMessage_ERROR) IP (RCC) : Parameter (SAI23Freq_Value) has invalid value (480000000)
2025-07-09 10:30:28,313 [INFO] ImportTextPane:218 - (OptionalMessage_ERROR) IP (RCC) : Parameter (SAI4AFreq_Value) has invalid value (480000000)
2025-07-09 10:30:28,313 [INFO] ImportTextPane:218 - (OptionalMessage_ERROR) IP (RCC) : Parameter (SAI4BFreq_Value) has invalid value (480000000)
2025-07-09 10:30:28,313 [INFO] ImportTextPane:218 - (OptionalMessage_ERROR) IP (RCC) : Parameter (SDMMCFreq_Value) has invalid value (480000000)
2025-07-09 10:30:28,313 [INFO] ImportTextPane:218 - (OptionalMessage_ERROR) IP (RCC) : Parameter (SPDIFRXFreq_Value) has invalid value (480000000)
2025-07-09 10:30:28,313 [INFO] ImportTextPane:218 - (OptionalMessage_ERROR) IP (RCC) : Parameter (USBFreq_Value) has invalid value (480000000)
2025-07-09 10:30:29,074 [INFO] UtilMem:75 - End LoadConfig() Used Memory: 999020456 Bytes (1073741824)
2025-07-09 10:30:29,093 [WARN] ThirdParty:833 - waiting for thirdparty lock release [change project]
2025-07-09 10:30:29,094 [INFO] ThirdParty:835 - entering critical section [change project]
2025-07-09 10:30:29,094 [INFO] ThirdParty:1030 - CMSIS Pack Vendor :STMicroelectronics X-CUBE-PM33A1 1.0.0
2025-07-09 10:30:29,094 [INFO] ThirdParty:1030 - CMSIS Pack Vendor :STMicroelectronics USBPD 4.1
2025-07-09 10:30:29,094 [INFO] ThirdParty:1030 - CMSIS Pack Vendor :STMicroelectronics X-CUBE-AZRTOS-H7 3.3.0
2025-07-09 10:30:29,094 [INFO] ThirdParty:1030 - CMSIS Pack Vendor :STMicroelectronics X-CUBE-NFC9 1.0.0
2025-07-09 10:30:29,094 [INFO] ThirdParty:1030 - CMSIS Pack Vendor :wolfSSL I-CUBE-wolfSSL 5.8.0
2025-07-09 10:30:29,094 [INFO] ThirdParty:1030 - CMSIS Pack Vendor :STMicroelectronics USB_HOST 2.0.0
2025-07-09 10:30:29,094 [INFO] ThirdParty:1030 - CMSIS Pack Vendor :STMicroelectronics FP-SNS-MOTENVWB1 1.4.0
2025-07-09 10:30:29,094 [INFO] ThirdParty:1030 - CMSIS Pack Vendor :STMicroelectronics X-CUBE-AZRTOS-F4 1.1.0
2025-07-09 10:30:29,094 [INFO] ThirdParty:1030 - CMSIS Pack Vendor :STMicroelectronics LIBJPEG 8.0.0
2025-07-09 10:30:29,094 [INFO] ThirdParty:1030 - CMSIS Pack Vendor :STMicroelectronics FP-ATR-ASTRA1 2.0.2
2025-07-09 10:30:29,094 [INFO] ThirdParty:1030 - CMSIS Pack Vendor :STMicroelectronics X-CUBE-BLE1 7.1.0
2025-07-09 10:30:29,095 [INFO] ThirdParty:1030 - CMSIS Pack Vendor :Avnet-IotConnect X-CUBE-IoTC-DA16k-PMOD 1.0.0
2025-07-09 10:30:29,095 [INFO] ThirdParty:1030 - CMSIS Pack Vendor :STMicroelectronics X-CUBE-SMBUS 2.1.0
2025-07-09 10:30:29,095 [INFO] ThirdParty:1030 - CMSIS Pack Vendor :wolfSSL I-CUBE-wolfMQTT 1.19.2
2025-07-09 10:30:29,095 [INFO] ThirdParty:1030 - CMSIS Pack Vendor :STMicroelectronics USB_DEVICE 3.0.0
2025-07-09 10:30:29,095 [INFO] ThirdParty:1030 - CMSIS Pack Vendor :STMicroelectronics X-CUBE-ISPU 2.1.0
2025-07-09 10:30:29,095 [INFO] ThirdParty:1030 - CMSIS Pack Vendor :STMicroelectronics X-CUBE-AZRTOS-WB 2.0.0
2025-07-09 10:30:29,095 [INFO] ThirdParty:1030 - CMSIS Pack Vendor :STMicroelectronics X-CUBE-ST60 1.0.0
2025-07-09 10:30:29,095 [INFO] ThirdParty:1030 - CMSIS Pack Vendor :STMicroelectronics X-CUBE-GNSS1 7.0.1
2025-07-09 10:30:29,095 [INFO] ThirdParty:1030 - CMSIS Pack Vendor :STMicroelectronics X-CUBE-AZRTOS-F7 1.1.0
2025-07-09 10:30:29,095 [INFO] ThirdParty:1030 - CMSIS Pack Vendor :STMicroelectronics X-CUBE-AZRTOS-L5 2.0.0
2025-07-09 10:30:29,096 [INFO] ThirdParty:1030 - CMSIS Pack Vendor :STMicroelectronics X-CUBE-TOUCHGFX 4.25.0
2025-07-09 10:30:29,096 [INFO] ThirdParty:1030 - CMSIS Pack Vendor :STMicroelectronics USB_DEVICE 2.0.0
2025-07-09 10:30:29,096 [INFO] ThirdParty:1030 - CMSIS Pack Vendor :STMicroelectronics X-CUBE-NFC6 3.1.0
2025-07-09 10:30:29,096 [INFO] ThirdParty:1030 - CMSIS Pack Vendor :STMicroelectronics X-CUBE-AI 10.1.0
2025-07-09 10:30:29,096 [INFO] ThirdParty:1030 - CMSIS Pack Vendor :STMicroelectronics FP-SNS-STBOX1 2.0.0
2025-07-09 10:30:29,096 [INFO] ThirdParty:1030 - CMSIS Pack Vendor :STMicroelectronics X-CUBE-MEMS1 11.2.0
2025-07-09 10:30:29,096 [INFO] ThirdParty:1030 - CMSIS Pack Vendor :STMicroelectronics FreeRTOS 0.0.1
2025-07-09 10:30:29,096 [INFO] ThirdParty:1030 - CMSIS Pack Vendor :STMicroelectronics X-CUBE-AZRTOS-G0 1.1.0
2025-07-09 10:30:29,096 [INFO] ThirdParty:1030 - CMSIS Pack Vendor :STMicroelectronics X-CUBE-SAFEA1 1.2.2
2025-07-09 10:30:29,096 [INFO] ThirdParty:1030 - CMSIS Pack Vendor :STMicroelectronics X-CUBE-NFC4 3.0.0
2025-07-09 10:30:29,096 [INFO] ThirdParty:1030 - CMSIS Pack Vendor :STMicroelectronics X-CUBE-SUBG2 5.0.0
2025-07-09 10:30:29,097 [INFO] ThirdParty:1030 - CMSIS Pack Vendor :STMicroelectronics X-CUBE-AZRTOS-H7RS 1.1.0
2025-07-09 10:30:29,097 [INFO] ThirdParty:1030 - CMSIS Pack Vendor :STMicroelectronics STM32_WPAN 1.0.0
2025-07-09 10:30:29,097 [INFO] ThirdParty:1030 - CMSIS Pack Vendor :EmbeddedOffice I-CUBE-FS-RTOS 1.0.1
2025-07-09 10:30:29,097 [INFO] ThirdParty:1030 - CMSIS Pack Vendor :STMicroelectronics lwIP 2.0.3
2025-07-09 10:30:29,097 [INFO] ThirdParty:1030 - CMSIS Pack Vendor :Cesanta I-CUBE-Mongoose 7.13.0
2025-07-09 10:30:29,097 [INFO] ThirdParty:1030 - CMSIS Pack Vendor :STMicroelectronics USB_HOST 1.0.0
2025-07-09 10:30:29,097 [INFO] ThirdParty:1030 - CMSIS Pack Vendor :Infineon AIROC-Wi-Fi-Bluetooth-STM32 1.7.0
2025-07-09 10:30:29,097 [INFO] ThirdParty:1030 - CMSIS Pack Vendor :STMicroelectronics X-CUBE-AZRTOS-G4 2.0.0
2025-07-09 10:30:29,097 [INFO] ThirdParty:1030 - CMSIS Pack Vendor :STMicroelectronics X-CUBE-WB05N 2.0.0
2025-07-09 10:30:29,097 [INFO] ThirdParty:1030 - CMSIS Pack Vendor :STMicroelectronics PDM2PCM 3.1.0
2025-07-09 10:30:29,097 [INFO] ThirdParty:1030 - CMSIS Pack Vendor :STMicroelectronics PDM2PCM 3.3.0
2025-07-09 10:30:29,098 [INFO] ThirdParty:1030 - CMSIS Pack Vendor :wolfSSL I-CUBE-wolfTPM 3.8.0
2025-07-09 10:30:29,098 [INFO] ThirdParty:1030 - CMSIS Pack Vendor :STMicroelectronics X-CUBE-AZRTOS-H7 3.4.0
2025-07-09 10:30:29,098 [INFO] ThirdParty:1030 - CMSIS Pack Vendor :STMicroelectronics X-CUBE-DISPLAY 3.0.0
2025-07-09 10:30:29,098 [INFO] ThirdParty:1030 - CMSIS Pack Vendor :wolfSSL I-CUBE-wolfSSH 1.4.20
2025-07-09 10:30:29,098 [INFO] ThirdParty:1030 - CMSIS Pack Vendor :STMicroelectronics X-CUBE-NFC7 2.0.0
2025-07-09 10:30:29,098 [INFO] ThirdParty:1030 - CMSIS Pack Vendor :STMicroelectronics X-CUBE-TCPP 4.2.0
2025-07-09 10:30:29,099 [INFO] ThirdParty:1030 - CMSIS Pack Vendor :RealThread X-CUBE-RT-Thread_Nano 4.1.1
2025-07-09 10:30:29,099 [INFO] ThirdParty:1030 - CMSIS Pack Vendor :STMicroelectronics FP-ATR-SIGFOX1 3.2.0
2025-07-09 10:30:29,099 [INFO] ThirdParty:1030 - CMSIS Pack Vendor :STMicroelectronics X-CUBE-NFC10 1.0.0
2025-07-09 10:30:29,099 [INFO] ThirdParty:1030 - CMSIS Pack Vendor :STMicroelectronics X-CUBE-BLEMGR 4.0.0
2025-07-09 10:30:29,099 [INFO] ThirdParty:1030 - CMSIS Pack Vendor :STMicroelectronics X-CUBE-EEPRMA1 5.1.0
2025-07-09 10:30:29,100 [INFO] ThirdParty:1030 - CMSIS Pack Vendor :STMicroelectronics X-CUBE-FREERTOS 1.3.1
2025-07-09 10:30:29,100 [INFO] ThirdParty:1030 - CMSIS Pack Vendor :STMicroelectronics HAL Drivers 0.0.0
2025-07-09 10:30:29,100 [INFO] ThirdParty:1030 - CMSIS Pack Vendor :STMicroelectronics MBEDTLS 2.16.2
2025-07-09 10:30:29,100 [INFO] ThirdParty:1030 - CMSIS Pack Vendor :STMicroelectronics X-CUBE-IPS 3.1.0
2025-07-09 10:30:29,100 [INFO] ThirdParty:1030 - CMSIS Pack Vendor :STMicroelectronics X-CUBE-ALS 1.0.2
2025-07-09 10:30:29,100 [INFO] ThirdParty:1030 - CMSIS Pack Vendor :emotas I-CUBE-CANOPEN 1.3.0
2025-07-09 10:30:29,100 [INFO] ThirdParty:1030 - CMSIS Pack Vendor :STMicroelectronics MBEDTLS 2.14.1
2025-07-09 10:30:29,100 [INFO] ThirdParty:1030 - CMSIS Pack Vendor :ITTIA_DB I-CUBE-ITTIADB 8.9.0
2025-07-09 10:30:29,101 [INFO] ThirdParty:1030 - CMSIS Pack Vendor :portGmbH I-Cube-SoM-uGOAL 1.1.0
2025-07-09 10:30:29,101 [INFO] ThirdParty:1030 - CMSIS Pack Vendor :quantropi X-CUBE-qispace-sdk-base 2.0.0
2025-07-09 10:30:29,101 [INFO] ThirdParty:1030 - CMSIS Pack Vendor :STMicroelectronics X-CUBE-AI 10.0.0
2025-07-09 10:30:29,101 [INFO] ThirdParty:1030 - CMSIS Pack Vendor :STMicroelectronics X-CUBE-ST67W61 1.0.0
2025-07-09 10:30:29,101 [INFO] ThirdParty:1030 - CMSIS Pack Vendor :STMicroelectronics FP-SNS-STAIOTCFT 1.0.0
2025-07-09 10:30:29,101 [INFO] ThirdParty:1030 - CMSIS Pack Vendor :STMicroelectronics ThreadX 1.0.0
2025-07-09 10:30:29,101 [INFO] ThirdParty:1030 - CMSIS Pack Vendor :STMicroelectronics FP-SNS-SMARTAG2 1.2.0
2025-07-09 10:30:29,101 [INFO] ThirdParty:1030 - CMSIS Pack Vendor :STMicroelectronics FP-SNS-FLIGHT1 5.1.0
2025-07-09 10:30:29,102 [INFO] ThirdParty:1030 - CMSIS Pack Vendor :STMicroelectronics X-CUBE-AZRTOS-WL 2.0.0
2025-07-09 10:30:29,102 [INFO] ThirdParty:1030 - CMSIS Pack Vendor :SEGGER I-CUBE-embOS 1.3.1
2025-07-09 10:30:29,102 [INFO] ThirdParty:1030 - CMSIS Pack Vendor :STMicroelectronics X-CUBE-ALGOBUILD 1.4.0
2025-07-09 10:30:29,102 [INFO] ThirdParty:1030 - CMSIS Pack Vendor :STMicroelectronics X-CUBE-DPower 1.3.0
2025-07-09 10:30:29,102 [INFO] ThirdParty:1030 - CMSIS Pack Vendor :STMicroelectronics X-CUBE-MEMS1 11.3.0
2025-07-09 10:30:29,102 [INFO] ThirdParty:1030 - CMSIS Pack Vendor :STMicroelectronics FP-SNS-MOTENV1 5.0.0
2025-07-09 10:30:29,102 [INFO] ThirdParty:1030 - CMSIS Pack Vendor :STMicroelectronics USB_DEVICE 1.0.0
2025-07-09 10:30:29,102 [INFO] ThirdParty:1030 - CMSIS Pack Vendor :STMicroelectronics X-CUBE-AZRTOS-L4 2.0.0
2025-07-09 10:30:29,102 [INFO] ThirdParty:1030 - CMSIS Pack Vendor :STMicroelectronics ThreadX 0.0.2
2025-07-09 10:30:29,102 [INFO] ThirdParty:1030 - CMSIS Pack Vendor :WES I-CUBE-Cesium 1.3.0
2025-07-09 10:30:29,102 [INFO] ThirdParty:1030 - CMSIS Pack Vendor :STMicroelectronics lwIP 2.1.2
2025-07-09 10:30:29,102 [INFO] ThirdParty:1030 - CMSIS Pack Vendor :STMicroelectronics X-CUBE-SFXS2LP1 4.0.0
2025-07-09 10:30:29,102 [INFO] ThirdParty:1030 - CMSIS Pack Vendor :STMicroelectronics X-CUBE-BLE2 3.3.0
2025-07-09 10:30:29,102 [INFO] ThirdParty:1030 - CMSIS Pack Vendor :STMicroelectronics X-CUBE-TOF1 3.4.3
2025-07-09 10:30:29,102 [INFO] ThirdParty:1030 - CMSIS Pack Vendor :STMicroelectronics PDM2PCM 3.2.0
2025-07-09 10:30:29,102 [INFO] ThirdParty:841 - exiting critical section [change project]
2025-07-09 10:30:29,852 [INFO] PinOutPanel:1589 - setPackage(No Configuration,No Configuration)
2025-07-09 10:30:29,854 [INFO] PinOutPanel:1589 - setPackage(STM32H743XIHx,TFBGA240)
2025-07-09 10:30:30,564 [INFO] UtilMem:75 - Before build in PCC Used Memory: 936645376 Bytes (1073741824)
2025-07-09 10:30:30,984 [INFO] UtilMem:75 - After build in PCC Used Memory: 1001655040 Bytes (1073741824)
2025-07-09 10:30:31,041 [INFO] IPUIPlugin:80 - create IPUIPlugin
2025-07-09 10:30:31,042 [INFO] IPUIPlugin:80 - create IPUIPlugin
2025-07-09 10:30:31,042 [INFO] IPUIPlugin:80 - create IPUIPlugin
2025-07-09 10:30:31,042 [INFO] IPUIPlugin:80 - create IPUIPlugin
2025-07-09 10:30:31,042 [INFO] IPUIPlugin:80 - create IPUIPlugin
2025-07-09 10:30:31,042 [INFO] IPUIPlugin:80 - create IPUIPlugin
2025-07-09 10:30:31,043 [INFO] IPUIPlugin:80 - create IPUIPlugin
2025-07-09 10:30:31,043 [INFO] IPUIPlugin:80 - create IPUIPlugin
2025-07-09 10:30:31,043 [INFO] IPUIPlugin:80 - create IPUIPlugin
2025-07-09 10:30:31,043 [INFO] IPUIPlugin:80 - create IPUIPlugin
2025-07-09 10:30:31,043 [INFO] IPUIPlugin:80 - create IPUIPlugin
2025-07-09 10:30:31,043 [INFO] IPUIPlugin:80 - create IPUIPlugin
2025-07-09 10:30:31,044 [INFO] IPUIPlugin:80 - create IPUIPlugin
2025-07-09 10:30:31,044 [INFO] IPUIPlugin:80 - create IPUIPlugin
2025-07-09 10:30:31,044 [INFO] IPUIPlugin:80 - create IPUIPlugin
2025-07-09 10:30:31,044 [INFO] IPUIPlugin:80 - create IPUIPlugin
2025-07-09 10:30:31,044 [INFO] IPUIPlugin:80 - create IPUIPlugin
2025-07-09 10:30:31,044 [INFO] IPUIPlugin:80 - create IPUIPlugin
2025-07-09 10:30:31,044 [INFO] IPUIPlugin:80 - create IPUIPlugin
2025-07-09 10:30:31,044 [INFO] IPUIPlugin:80 - create IPUIPlugin
2025-07-09 10:30:31,045 [INFO] IPUIPlugin:80 - create IPUIPlugin
2025-07-09 10:30:31,045 [INFO] IPUIPlugin:80 - create IPUIPlugin
2025-07-09 10:30:31,045 [INFO] IPUIPlugin:80 - create IPUIPlugin
2025-07-09 10:30:31,045 [INFO] IPUIPlugin:80 - create IPUIPlugin
2025-07-09 10:30:31,045 [INFO] IPUIPlugin:80 - create IPUIPlugin
2025-07-09 10:30:31,045 [INFO] IPUIPlugin:80 - create IPUIPlugin
2025-07-09 10:30:31,045 [INFO] IPUIPlugin:80 - create IPUIPlugin
2025-07-09 10:30:31,045 [INFO] IPUIPlugin:80 - create IPUIPlugin
2025-07-09 10:30:31,046 [INFO] IPUIPlugin:80 - create IPUIPlugin
2025-07-09 10:30:31,046 [INFO] IPUIPlugin:80 - create IPUIPlugin
2025-07-09 10:30:31,046 [INFO] IPUIPlugin:80 - create IPUIPlugin
2025-07-09 10:30:31,047 [INFO] IPUIPlugin:80 - create IPUIPlugin
2025-07-09 10:30:31,047 [INFO] IPUIPlugin:80 - create IPUIPlugin
2025-07-09 10:30:31,047 [INFO] IPUIPlugin:80 - create IPUIPlugin
2025-07-09 10:30:31,048 [INFO] IPUIPlugin:80 - create IPUIPlugin
2025-07-09 10:30:31,048 [INFO] IPUIPlugin:80 - create IPUIPlugin
2025-07-09 10:30:31,048 [INFO] IPUIPlugin:80 - create IPUIPlugin
2025-07-09 10:30:31,049 [INFO] IPUIPlugin:80 - create IPUIPlugin
2025-07-09 10:30:31,049 [INFO] IPUIPlugin:80 - create IPUIPlugin
2025-07-09 10:30:31,050 [INFO] IPUIPlugin:80 - create IPUIPlugin
2025-07-09 10:30:31,051 [INFO] IPUIPlugin:80 - create IPUIPlugin
2025-07-09 10:30:31,051 [INFO] IPUIPlugin:80 - create IPUIPlugin
2025-07-09 10:30:31,051 [INFO] IPUIPlugin:80 - create IPUIPlugin
2025-07-09 10:30:31,052 [INFO] IPUIPlugin:80 - create IPUIPlugin
2025-07-09 10:30:31,052 [INFO] IPUIPlugin:80 - create IPUIPlugin
2025-07-09 10:30:31,052 [INFO] IPUIPlugin:80 - create IPUIPlugin
2025-07-09 10:30:31,053 [INFO] IPUIPlugin:80 - create IPUIPlugin
2025-07-09 10:30:31,053 [INFO] IPUIPlugin:80 - create IPUIPlugin
2025-07-09 10:30:31,053 [INFO] IPUIPlugin:80 - create IPUIPlugin
2025-07-09 10:30:31,054 [INFO] IPUIPlugin:80 - create IPUIPlugin
2025-07-09 10:30:31,054 [INFO] IPUIPlugin:80 - create IPUIPlugin
2025-07-09 10:30:31,055 [INFO] IPUIPlugin:80 - create IPUIPlugin
2025-07-09 10:30:31,056 [INFO] IPUIPlugin:80 - create IPUIPlugin
2025-07-09 10:30:31,056 [INFO] IPUIPlugin:80 - create IPUIPlugin
2025-07-09 10:30:31,057 [INFO] IPUIPlugin:80 - create IPUIPlugin
2025-07-09 10:30:31,057 [INFO] IPUIPlugin:80 - create IPUIPlugin
2025-07-09 10:30:31,058 [INFO] IPUIPlugin:80 - create IPUIPlugin
2025-07-09 10:30:31,058 [INFO] IPUIPlugin:80 - create IPUIPlugin
2025-07-09 10:30:31,059 [INFO] IPUIPlugin:80 - create IPUIPlugin
2025-07-09 10:30:31,059 [INFO] IPUIPlugin:80 - create IPUIPlugin
2025-07-09 10:30:31,059 [INFO] IPUIPlugin:80 - create IPUIPlugin
2025-07-09 10:30:31,060 [INFO] IPUIPlugin:80 - create IPUIPlugin
2025-07-09 10:30:31,060 [INFO] IPUIPlugin:80 - create IPUIPlugin
2025-07-09 10:30:31,061 [INFO] IPUIPlugin:80 - create IPUIPlugin
2025-07-09 10:30:31,061 [INFO] IPUIPlugin:80 - create IPUIPlugin
2025-07-09 10:30:31,062 [INFO] IPUIPlugin:80 - create IPUIPlugin
2025-07-09 10:30:31,062 [INFO] IPUIPlugin:80 - create IPUIPlugin
2025-07-09 10:30:31,062 [INFO] IPUIPlugin:80 - create IPUIPlugin
2025-07-09 10:30:31,063 [INFO] IPUIPlugin:80 - create IPUIPlugin
2025-07-09 10:30:31,063 [INFO] IPUIPlugin:80 - create IPUIPlugin
2025-07-09 10:30:31,064 [INFO] IPUIPlugin:80 - create IPUIPlugin
2025-07-09 10:30:31,064 [INFO] IPUIPlugin:80 - create IPUIPlugin
2025-07-09 10:30:31,065 [INFO] IPUIPlugin:80 - create IPUIPlugin
2025-07-09 10:30:31,065 [INFO] IPUIPlugin:80 - create IPUIPlugin
2025-07-09 10:30:31,066 [INFO] IPUIPlugin:80 - create IPUIPlugin
2025-07-09 10:30:31,066 [INFO] IPUIPlugin:80 - create IPUIPlugin
2025-07-09 10:30:31,066 [INFO] IPUIPlugin:80 - create IPUIPlugin
2025-07-09 10:30:31,068 [INFO] IPUIPlugin:80 - create IPUIPlugin
2025-07-09 10:30:31,068 [INFO] IPUIPlugin:80 - create IPUIPlugin
2025-07-09 10:30:31,069 [INFO] IPUIPlugin:80 - create IPUIPlugin
2025-07-09 10:30:31,070 [INFO] IPUIPlugin:80 - create IPUIPlugin
2025-07-09 10:30:31,070 [INFO] IPUIPlugin:80 - create IPUIPlugin
2025-07-09 10:30:31,071 [INFO] IPUIPlugin:80 - create IPUIPlugin
2025-07-09 10:30:31,072 [INFO] IPUIPlugin:80 - create IPUIPlugin
2025-07-09 10:30:31,072 [INFO] IPUIPlugin:80 - create IPUIPlugin
2025-07-09 10:30:31,073 [INFO] IPUIPlugin:80 - create IPUIPlugin
2025-07-09 10:30:31,073 [INFO] IPUIPlugin:80 - create IPUIPlugin
2025-07-09 10:30:31,074 [INFO] IPUIPlugin:80 - create IPUIPlugin
2025-07-09 10:30:31,075 [INFO] IPUIPlugin:80 - create IPUIPlugin
2025-07-09 10:30:31,075 [INFO] IPUIPlugin:80 - create IPUIPlugin
2025-07-09 10:30:31,075 [INFO] IPUIPlugin:80 - create IPUIPlugin
2025-07-09 10:30:31,076 [INFO] IPUIPlugin:80 - create IPUIPlugin
2025-07-09 10:30:31,077 [INFO] IPUIPlugin:80 - create IPUIPlugin
2025-07-09 10:30:31,077 [INFO] IPUIPlugin:80 - create IPUIPlugin
2025-07-09 10:30:31,078 [INFO] IPUIPlugin:80 - create IPUIPlugin
2025-07-09 10:30:31,079 [INFO] IPUIPlugin:80 - create IPUIPlugin
2025-07-09 10:30:31,079 [INFO] IPUIPlugin:80 - create IPUIPlugin
2025-07-09 10:30:31,080 [INFO] IPUIPlugin:80 - create IPUIPlugin
2025-07-09 10:30:31,106 [INFO] ApiDbMcu:508 - Load IP Config File for PDM2PCM
2025-07-09 10:30:31,227 [INFO] CADModel:165 - CPN selected for project levelSTM32H743XIH6
2025-07-09 10:30:31,227 [INFO] CADModel:114 - Register for checkConnection events
2025-07-09 10:30:31,400 [INFO] OpenFileManager:385 - Restore cursor
2025-07-09 10:30:48,695 [INFO] Gpio:277 - dependency for GPIO [DEBUG, RCC, SPI1, USART1]
2025-07-09 10:30:50,101 [WARN] IP:400 - Request for DSIHOST not yet added in STM32CubeMX or not available for this CPN
2025-07-09 10:30:50,101 [WARN] IP:400 - Request for DSIHOST not yet added in STM32CubeMX or not available for this CPN
2025-07-09 10:30:50,206 [INFO] MdmaTabbedPanel:213 - Cannot restore the selected Tab for MDMA
2025-07-09 10:31:02,983 [WARN] MainPanel:289 - <html><b><center>Warning: This peripheral has no parameters to be configured<br></b></html>
2025-07-09 10:31:17,855 [INFO] Gpio:277 - dependency for GPIO [DEBUG, RCC, SPI1, USART1]
2025-07-09 10:31:35,803 [INFO] UtilMem:75 - End SaveConfig() Used Memory: 877980192 Bytes (1073741824)
2025-07-09 10:31:37,436 [INFO] UtilMem:75 - End SaveConfig() Used Memory: 980219688 Bytes (1073741824)
2025-07-09 10:31:38,001 [INFO] BlockDiagram:2775 - set Specific Code input for plugin: SPI
2025-07-09 10:31:38,001 [INFO] BlockDiagram:2775 - set Specific Code input for plugin: RCC
2025-07-09 10:31:38,001 [INFO] BlockDiagram:2775 - set Specific Code input for plugin: USART
2025-07-09 10:31:38,001 [INFO] BlockDiagram:2775 - set Specific Code input for plugin: MEMORYMAP
2025-07-09 10:31:38,001 [INFO] BlockDiagram:2775 - set Specific Code input for plugin: SYS
2025-07-09 10:31:38,001 [INFO] BlockDiagram:2775 - set Specific Code input for plugin: NVIC
2025-07-09 10:31:38,001 [INFO] BlockDiagram:2775 - set Specific Code input for plugin: CORTEX_M7
2025-07-09 10:31:38,001 [INFO] BlockDiagram:2775 - set Specific Code input for plugin: DEBUG
2025-07-09 10:31:38,002 [INFO] BlockDiagram:2775 - set Specific Code input for plugin: GPIO
2025-07-09 10:31:38,003 [INFO] CodeGenerator:882 - code generatio: config db path: C:\ST\STM32CubeIDE_1.18.1\STM32CubeIDE\plugins\com.st.stm32cube.common.mx_6.14.1.202504091515\\db\
2025-07-09 10:31:38,305 [INFO] CodeEngine:263 - oldGeneratedFile, C:\harman\STM32Cube\250708_ILI9341_TFT_LCD\MXTmpFiles\license.tmp_save
2025-07-09 10:31:38,501 [INFO] CodeEngine:287 - Generated code: C:\harman\STM32Cube\250708_ILI9341_TFT_LCD\MXTmpFiles\license.tmp
2025-07-09 10:31:38,552 [INFO] CodeEngine:263 - oldGeneratedFile, C:\harman\STM32Cube\250708_ILI9341_TFT_LCD\Core\Src\gpio.c_save
2025-07-09 10:31:38,679 [INFO] CodeEngine:287 - Generated code: C:\harman\STM32Cube\250708_ILI9341_TFT_LCD\Core\Src\gpio.c
2025-07-09 10:31:38,685 [INFO] CodeEngine:263 - oldGeneratedFile, C:\harman\STM32Cube\250708_ILI9341_TFT_LCD\Core\Inc\gpio.h_save
2025-07-09 10:31:38,756 [INFO] CodeEngine:287 - Generated code: C:\harman\STM32Cube\250708_ILI9341_TFT_LCD\Core\Inc\gpio.h
2025-07-09 10:31:38,805 [WARN] IPConfigManager:103 - WARNING: Missing Config File for DEBUG ip!!
2025-07-09 10:31:38,842 [WARN] IPConfigManager:103 - WARNING: Missing Config File for MEMORYMAP ip!!
2025-07-09 10:31:39,025 [INFO] CodeEngine:263 - oldGeneratedFile, C:\harman\STM32Cube\250708_ILI9341_TFT_LCD\MXTmpFiles\cortex.tmp_save
2025-07-09 10:31:39,101 [INFO] CodeEngine:287 - Generated code: C:\harman\STM32Cube\250708_ILI9341_TFT_LCD\MXTmpFiles\cortex.tmp
2025-07-09 10:31:39,112 [INFO] CodeEngine:263 - oldGeneratedFile, C:\harman\STM32Cube\250708_ILI9341_TFT_LCD\Core\Src\memorymap.c_save
2025-07-09 10:31:39,203 [INFO] CodeEngine:287 - Generated code: C:\harman\STM32Cube\250708_ILI9341_TFT_LCD\Core\Src\memorymap.c
2025-07-09 10:31:39,210 [INFO] CodeEngine:263 - oldGeneratedFile, C:\harman\STM32Cube\250708_ILI9341_TFT_LCD\Core\Inc\memorymap.h_save
2025-07-09 10:31:39,284 [INFO] CodeEngine:287 - Generated code: C:\harman\STM32Cube\250708_ILI9341_TFT_LCD\Core\Inc\memorymap.h
2025-07-09 10:31:39,298 [INFO] CodeEngine:263 - oldGeneratedFile, C:\harman\STM32Cube\250708_ILI9341_TFT_LCD\Core\Src\spi.c_save
2025-07-09 10:31:39,408 [INFO] CodeEngine:287 - Generated code: C:\harman\STM32Cube\250708_ILI9341_TFT_LCD\Core\Src\spi.c
2025-07-09 10:31:39,415 [INFO] CodeEngine:263 - oldGeneratedFile, C:\harman\STM32Cube\250708_ILI9341_TFT_LCD\Core\Inc\spi.h_save
2025-07-09 10:31:39,481 [INFO] CodeEngine:287 - Generated code: C:\harman\STM32Cube\250708_ILI9341_TFT_LCD\Core\Inc\spi.h
2025-07-09 10:31:39,494 [INFO] CodeEngine:263 - oldGeneratedFile, C:\harman\STM32Cube\250708_ILI9341_TFT_LCD\Core\Src\usart.c_save
2025-07-09 10:31:39,583 [INFO] CodeEngine:287 - Generated code: C:\harman\STM32Cube\250708_ILI9341_TFT_LCD\Core\Src\usart.c
2025-07-09 10:31:39,592 [INFO] CodeEngine:263 - oldGeneratedFile, C:\harman\STM32Cube\250708_ILI9341_TFT_LCD\Core\Inc\usart.h_save
2025-07-09 10:31:39,644 [INFO] CodeEngine:287 - Generated code: C:\harman\STM32Cube\250708_ILI9341_TFT_LCD\Core\Inc\usart.h
2025-07-09 10:31:39,661 [INFO] CodeEngine:263 - oldGeneratedFile, C:\harman\STM32Cube\250708_ILI9341_TFT_LCD\Core\Src\stm32h7xx_it.c_save
2025-07-09 10:31:39,833 [INFO] CodeEngine:287 - Generated code: C:\harman\STM32Cube\250708_ILI9341_TFT_LCD\Core\Src\stm32h7xx_it.c
2025-07-09 10:31:39,838 [INFO] CodeEngine:263 - oldGeneratedFile, C:\harman\STM32Cube\250708_ILI9341_TFT_LCD\Core\Inc\stm32h7xx_it.h_save
2025-07-09 10:31:39,884 [INFO] CodeEngine:287 - Generated code: C:\harman\STM32Cube\250708_ILI9341_TFT_LCD\Core\Inc\stm32h7xx_it.h
2025-07-09 10:31:39,968 [INFO] CodeEngine:263 - oldGeneratedFile, C:\harman\STM32Cube\250708_ILI9341_TFT_LCD\Core\Src\stm32h7xx_hal_msp.c_save
2025-07-09 10:31:40,034 [INFO] CodeEngine:287 - Generated code: C:\harman\STM32Cube\250708_ILI9341_TFT_LCD\Core\Src\stm32h7xx_hal_msp.c
2025-07-09 10:31:40,038 [INFO] CodeEngine:263 - oldGeneratedFile, C:\harman\STM32Cube\250708_ILI9341_TFT_LCD\MXTmpFiles\system.tmp_save
2025-07-09 10:31:40,078 [INFO] CodeEngine:287 - Generated code: C:\harman\STM32Cube\250708_ILI9341_TFT_LCD\MXTmpFiles\system.tmp
2025-07-09 10:31:40,090 [INFO] CodeEngine:319 - oldGeneratedFile, C:\harman\STM32Cube\250708_ILI9341_TFT_LCD\Core\Inc\stm32h7xx_hal_conf.h_save
2025-07-09 10:31:40,142 [INFO] CodeEngine:343 - Generated code: C:\harman\STM32Cube\250708_ILI9341_TFT_LCD\Core\Inc\stm32h7xx_hal_conf.h
2025-07-09 10:31:40,173 [ERROR] ApiDbMcu:464 - Can't load MEMORYMAP-STM32xx root dir null
2025-07-09 10:31:40,173 [ERROR] ApiDbMcu:536 - Cannot parse MEMORYMAP_Config file : file do not exist
2025-07-09 10:31:40,177 [INFO] ApiDbMcu:508 - Load IP Config File for SPI1
2025-07-09 10:31:40,185 [INFO] ApiDbMcu:508 - Load IP Config File for USART1
2025-07-09 10:31:40,190 [INFO] ApiDbMcu:508 - Load IP Config File for RCC
2025-07-09 10:31:40,199 [INFO] CodeEngine:263 - oldGeneratedFile, C:\harman\STM32Cube\250708_ILI9341_TFT_LCD\Core\Inc\main.h_save
2025-07-09 10:31:40,267 [INFO] CodeEngine:287 - Generated code: C:\harman\STM32Cube\250708_ILI9341_TFT_LCD\Core\Inc\main.h
2025-07-09 10:31:40,273 [INFO] CodeEngine:263 - oldGeneratedFile, C:\harman\STM32Cube\250708_ILI9341_TFT_LCD\Core\Src\main.c_save
2025-07-09 10:31:40,352 [INFO] CodeEngine:287 - Generated code: C:\harman\STM32Cube\250708_ILI9341_TFT_LCD\Core\Src\main.c
2025-07-09 10:31:40,666 [INFO] ProjectBuilder:3324 - Time for Copy HAL[1] : 203mS.
2025-07-09 10:31:40,670 [INFO] ProjectBuilder:4912 - Project Generator version: 4.6.0.1-B1
2025-07-09 10:31:40,727 [INFO] ConfigFileManager:1590 - The Die is : DIE450
2025-07-09 10:31:40,729 [INFO] ApiDbMcu:508 - Load IP Config File for FATFS
2025-07-09 10:31:40,733 [INFO] ApiDbMcu:508 - Load IP Config File for FREERTOS
2025-07-09 10:31:40,735 [INFO] ApiDbMcu:508 - Load IP Config File for LIBJPEG
2025-07-09 10:31:40,740 [INFO] ApiDbMcu:508 - Load IP Config File for LWIP
2025-07-09 10:31:40,744 [INFO] ApiDbMcu:508 - Load IP Config File for MBEDTLS
2025-07-09 10:31:40,749 [INFO] ApiDbMcu:508 - Load IP Config File for USB_DEVICE
2025-07-09 10:31:40,752 [INFO] ApiDbMcu:508 - Load IP Config File for USB_HOST
2025-07-09 10:31:41,883 [INFO] ProjectBuilder:5191 - Time for Generating toolchain IDE Files: 1212mS.
2025-07-09 10:31:41,885 [INFO] ProjectBuilder:3181 - Time for Copy CMSIS : 1mS.
2025-07-09 10:31:41,890 [INFO] ProjectBuilder:3181 - Time for Copy CMSIS : 0mS.
2025-07-09 10:31:59,699 [INFO] NvicIntPanel:101 - NVIC parent = com.st.microxplorer.plugins.ip.nvic.MultiNvicIntPanel[,0,0,0x0,invalid,layout=javax.swing.BoxLayout,alignmentX=0.0,alignmentY=0.0,border=,flags=9,maximumSize=,minimumSize=,preferredSize=]
2025-07-09 10:31:59,828 [INFO] NvicIntPanel:101 - NVIC parent = com.st.microxplorer.plugins.ip.nvic.MultiNvicIntPanel[,0,0,0x0,invalid,layout=javax.swing.BoxLayout,alignmentX=0.0,alignmentY=0.0,border=,flags=9,maximumSize=,minimumSize=,preferredSize=]
2025-07-09 10:32:02,411 [INFO] NvicIntPanel:101 - NVIC parent = com.st.microxplorer.plugins.ip.nvic.MultiNvicIntPanel[,0,0,0x0,invalid,layout=javax.swing.BoxLayout,alignmentX=0.0,alignmentY=0.0,border=,flags=9,maximumSize=,minimumSize=,preferredSize=]
2025-07-09 10:32:02,512 [INFO] NvicIntPanel:101 - NVIC parent = com.st.microxplorer.plugins.ip.nvic.MultiNvicIntPanel[,0,0,0x0,invalid,layout=javax.swing.BoxLayout,alignmentX=0.0,alignmentY=0.0,border=,flags=9,maximumSize=,minimumSize=,preferredSize=]
2025-07-09 10:32:10,264 [INFO] UtilMem:75 - End SaveConfig() Used Memory: 951248184 Bytes (1073741824)
2025-07-09 10:32:11,698 [INFO] UtilMem:75 - End SaveConfig() Used Memory: 1001057592 Bytes (1073741824)
2025-07-09 10:32:11,819 [INFO] BlockDiagram:2775 - set Specific Code input for plugin: SPI
2025-07-09 10:32:11,819 [INFO] BlockDiagram:2775 - set Specific Code input for plugin: RCC
2025-07-09 10:32:11,819 [INFO] BlockDiagram:2775 - set Specific Code input for plugin: USART
2025-07-09 10:32:11,819 [INFO] BlockDiagram:2775 - set Specific Code input for plugin: MEMORYMAP
2025-07-09 10:32:11,819 [INFO] BlockDiagram:2775 - set Specific Code input for plugin: SYS
2025-07-09 10:32:11,819 [INFO] BlockDiagram:2775 - set Specific Code input for plugin: NVIC
2025-07-09 10:32:11,820 [INFO] BlockDiagram:2775 - set Specific Code input for plugin: CORTEX_M7
2025-07-09 10:32:11,820 [INFO] BlockDiagram:2775 - set Specific Code input for plugin: DEBUG
2025-07-09 10:32:11,820 [INFO] BlockDiagram:2775 - set Specific Code input for plugin: GPIO
2025-07-09 10:32:11,822 [INFO] CodeGenerator:882 - code generatio: config db path: C:\ST\STM32CubeIDE_1.18.1\STM32CubeIDE\plugins\com.st.stm32cube.common.mx_6.14.1.202504091515\\db\
2025-07-09 10:32:11,942 [INFO] CodeEngine:263 - oldGeneratedFile, C:\harman\STM32Cube\250708_ILI9341_TFT_LCD\MXTmpFiles\license.tmp_save
2025-07-09 10:32:12,009 [INFO] CodeEngine:287 - Generated code: C:\harman\STM32Cube\250708_ILI9341_TFT_LCD\MXTmpFiles\license.tmp
2025-07-09 10:32:12,070 [INFO] CodeEngine:263 - oldGeneratedFile, C:\harman\STM32Cube\250708_ILI9341_TFT_LCD\Core\Src\gpio.c_save
2025-07-09 10:32:12,133 [INFO] CodeEngine:287 - Generated code: C:\harman\STM32Cube\250708_ILI9341_TFT_LCD\Core\Src\gpio.c
2025-07-09 10:32:12,141 [INFO] CodeEngine:263 - oldGeneratedFile, C:\harman\STM32Cube\250708_ILI9341_TFT_LCD\Core\Inc\gpio.h_save
2025-07-09 10:32:12,199 [INFO] CodeEngine:287 - Generated code: C:\harman\STM32Cube\250708_ILI9341_TFT_LCD\Core\Inc\gpio.h
2025-07-09 10:32:12,233 [WARN] IPConfigManager:103 - WARNING: Missing Config File for DEBUG ip!!
2025-07-09 10:32:12,282 [WARN] IPConfigManager:103 - WARNING: Missing Config File for MEMORYMAP ip!!
2025-07-09 10:32:12,429 [INFO] CodeEngine:263 - oldGeneratedFile, C:\harman\STM32Cube\250708_ILI9341_TFT_LCD\MXTmpFiles\cortex.tmp_save
2025-07-09 10:32:12,473 [INFO] CodeEngine:287 - Generated code: C:\harman\STM32Cube\250708_ILI9341_TFT_LCD\MXTmpFiles\cortex.tmp
2025-07-09 10:32:12,484 [INFO] CodeEngine:263 - oldGeneratedFile, C:\harman\STM32Cube\250708_ILI9341_TFT_LCD\Core\Src\memorymap.c_save
2025-07-09 10:32:12,544 [INFO] CodeEngine:287 - Generated code: C:\harman\STM32Cube\250708_ILI9341_TFT_LCD\Core\Src\memorymap.c
2025-07-09 10:32:12,549 [INFO] CodeEngine:263 - oldGeneratedFile, C:\harman\STM32Cube\250708_ILI9341_TFT_LCD\Core\Inc\memorymap.h_save
2025-07-09 10:32:12,595 [INFO] CodeEngine:287 - Generated code: C:\harman\STM32Cube\250708_ILI9341_TFT_LCD\Core\Inc\memorymap.h
2025-07-09 10:32:12,606 [INFO] CodeEngine:263 - oldGeneratedFile, C:\harman\STM32Cube\250708_ILI9341_TFT_LCD\Core\Src\spi.c_save
2025-07-09 10:32:12,683 [INFO] CodeEngine:287 - Generated code: C:\harman\STM32Cube\250708_ILI9341_TFT_LCD\Core\Src\spi.c
2025-07-09 10:32:12,688 [INFO] CodeEngine:263 - oldGeneratedFile, C:\harman\STM32Cube\250708_ILI9341_TFT_LCD\Core\Inc\spi.h_save
2025-07-09 10:32:12,732 [INFO] CodeEngine:287 - Generated code: C:\harman\STM32Cube\250708_ILI9341_TFT_LCD\Core\Inc\spi.h
2025-07-09 10:32:12,742 [INFO] CodeEngine:263 - oldGeneratedFile, C:\harman\STM32Cube\250708_ILI9341_TFT_LCD\Core\Src\usart.c_save
2025-07-09 10:32:12,795 [INFO] CodeEngine:287 - Generated code: C:\harman\STM32Cube\250708_ILI9341_TFT_LCD\Core\Src\usart.c
2025-07-09 10:32:12,800 [INFO] CodeEngine:263 - oldGeneratedFile, C:\harman\STM32Cube\250708_ILI9341_TFT_LCD\Core\Inc\usart.h_save
2025-07-09 10:32:12,848 [INFO] CodeEngine:287 - Generated code: C:\harman\STM32Cube\250708_ILI9341_TFT_LCD\Core\Inc\usart.h
2025-07-09 10:32:12,862 [INFO] CodeEngine:263 - oldGeneratedFile, C:\harman\STM32Cube\250708_ILI9341_TFT_LCD\Core\Src\stm32h7xx_it.c_save
2025-07-09 10:32:12,906 [INFO] CodeEngine:287 - Generated code: C:\harman\STM32Cube\250708_ILI9341_TFT_LCD\Core\Src\stm32h7xx_it.c
2025-07-09 10:32:12,912 [INFO] CodeEngine:263 - oldGeneratedFile, C:\harman\STM32Cube\250708_ILI9341_TFT_LCD\Core\Inc\stm32h7xx_it.h_save
2025-07-09 10:32:12,949 [INFO] CodeEngine:287 - Generated code: C:\harman\STM32Cube\250708_ILI9341_TFT_LCD\Core\Inc\stm32h7xx_it.h
2025-07-09 10:32:13,005 [INFO] CodeEngine:263 - oldGeneratedFile, C:\harman\STM32Cube\250708_ILI9341_TFT_LCD\Core\Src\stm32h7xx_hal_msp.c_save
2025-07-09 10:32:13,057 [INFO] CodeEngine:287 - Generated code: C:\harman\STM32Cube\250708_ILI9341_TFT_LCD\Core\Src\stm32h7xx_hal_msp.c
2025-07-09 10:32:13,060 [INFO] CodeEngine:263 - oldGeneratedFile, C:\harman\STM32Cube\250708_ILI9341_TFT_LCD\MXTmpFiles\system.tmp_save
2025-07-09 10:32:13,093 [INFO] CodeEngine:287 - Generated code: C:\harman\STM32Cube\250708_ILI9341_TFT_LCD\MXTmpFiles\system.tmp
2025-07-09 10:32:13,103 [INFO] CodeEngine:319 - oldGeneratedFile, C:\harman\STM32Cube\250708_ILI9341_TFT_LCD\Core\Inc\stm32h7xx_hal_conf.h_save
2025-07-09 10:32:13,144 [INFO] CodeEngine:343 - Generated code: C:\harman\STM32Cube\250708_ILI9341_TFT_LCD\Core\Inc\stm32h7xx_hal_conf.h
2025-07-09 10:32:13,169 [ERROR] ApiDbMcu:464 - Can't load MEMORYMAP-STM32xx root dir null
2025-07-09 10:32:13,170 [ERROR] ApiDbMcu:536 - Cannot parse MEMORYMAP_Config file : file do not exist
2025-07-09 10:32:13,180 [INFO] CodeEngine:263 - oldGeneratedFile, C:\harman\STM32Cube\250708_ILI9341_TFT_LCD\Core\Inc\main.h_save
2025-07-09 10:32:13,224 [INFO] CodeEngine:287 - Generated code: C:\harman\STM32Cube\250708_ILI9341_TFT_LCD\Core\Inc\main.h
2025-07-09 10:32:13,231 [INFO] CodeEngine:263 - oldGeneratedFile, C:\harman\STM32Cube\250708_ILI9341_TFT_LCD\Core\Src\main.c_save
2025-07-09 10:32:13,295 [INFO] CodeEngine:287 - Generated code: C:\harman\STM32Cube\250708_ILI9341_TFT_LCD\Core\Src\main.c
2025-07-09 10:32:13,659 [INFO] ProjectBuilder:3324 - Time for Copy HAL[1] : 234mS.
2025-07-09 10:32:13,663 [INFO] ProjectBuilder:4912 - Project Generator version: 4.6.0.1-B1
2025-07-09 10:32:13,714 [INFO] ConfigFileManager:1590 - The Die is : DIE450
2025-07-09 10:32:14,511 [INFO] ProjectBuilder:5191 - Time for Generating toolchain IDE Files: 848mS.
2025-07-09 10:32:14,513 [INFO] ProjectBuilder:3181 - Time for Copy CMSIS : 2mS.
2025-07-09 10:32:14,530 [INFO] ProjectBuilder:3181 - Time for Copy CMSIS : 0mS.
2025-07-09 10:34:45,877 [INFO] NvicIntPanel:101 - NVIC parent = com.st.microxplorer.plugins.ip.nvic.MultiNvicIntPanel[,0,0,0x0,invalid,layout=javax.swing.BoxLayout,alignmentX=0.0,alignmentY=0.0,border=,flags=9,maximumSize=,minimumSize=,preferredSize=]
2025-07-09 10:34:46,005 [INFO] NvicIntPanel:101 - NVIC parent = com.st.microxplorer.plugins.ip.nvic.MultiNvicIntPanel[,0,0,0x0,invalid,layout=javax.swing.BoxLayout,alignmentX=0.0,alignmentY=0.0,border=,flags=9,maximumSize=,minimumSize=,preferredSize=]
2025-07-09 10:34:50,376 [INFO] UtilMem:75 - End SaveConfig() Used Memory: 973556224 Bytes (1073741824)
2025-07-09 10:34:51,462 [INFO] UtilMem:75 - End SaveConfig() Used Memory: 829949952 Bytes (1073741824)
2025-07-09 10:34:51,557 [INFO] BlockDiagram:2775 - set Specific Code input for plugin: SPI
2025-07-09 10:34:51,557 [INFO] BlockDiagram:2775 - set Specific Code input for plugin: RCC
2025-07-09 10:34:51,557 [INFO] BlockDiagram:2775 - set Specific Code input for plugin: USART
2025-07-09 10:34:51,557 [INFO] BlockDiagram:2775 - set Specific Code input for plugin: MEMORYMAP
2025-07-09 10:34:51,557 [INFO] BlockDiagram:2775 - set Specific Code input for plugin: SYS
2025-07-09 10:34:51,557 [INFO] BlockDiagram:2775 - set Specific Code input for plugin: NVIC
2025-07-09 10:34:51,558 [INFO] BlockDiagram:2775 - set Specific Code input for plugin: CORTEX_M7
2025-07-09 10:34:51,558 [INFO] BlockDiagram:2775 - set Specific Code input for plugin: DEBUG
2025-07-09 10:34:51,558 [INFO] BlockDiagram:2775 - set Specific Code input for plugin: GPIO
2025-07-09 10:34:51,559 [INFO] CodeGenerator:882 - code generatio: config db path: C:\ST\STM32CubeIDE_1.18.1\STM32CubeIDE\plugins\com.st.stm32cube.common.mx_6.14.1.202504091515\\db\
2025-07-09 10:34:51,670 [INFO] CodeEngine:263 - oldGeneratedFile, C:\harman\STM32Cube\250708_ILI9341_TFT_LCD\MXTmpFiles\license.tmp_save
2025-07-09 10:34:51,714 [INFO] CodeEngine:287 - Generated code: C:\harman\STM32Cube\250708_ILI9341_TFT_LCD\MXTmpFiles\license.tmp
2025-07-09 10:34:51,747 [INFO] CodeEngine:263 - oldGeneratedFile, C:\harman\STM32Cube\250708_ILI9341_TFT_LCD\Core\Src\gpio.c_save
2025-07-09 10:34:51,833 [INFO] CodeEngine:287 - Generated code: C:\harman\STM32Cube\250708_ILI9341_TFT_LCD\Core\Src\gpio.c
2025-07-09 10:34:51,838 [INFO] CodeEngine:263 - oldGeneratedFile, C:\harman\STM32Cube\250708_ILI9341_TFT_LCD\Core\Inc\gpio.h_save
2025-07-09 10:34:51,880 [INFO] CodeEngine:287 - Generated code: C:\harman\STM32Cube\250708_ILI9341_TFT_LCD\Core\Inc\gpio.h
2025-07-09 10:34:51,911 [WARN] IPConfigManager:103 - WARNING: Missing Config File for DEBUG ip!!
2025-07-09 10:34:51,945 [WARN] IPConfigManager:103 - WARNING: Missing Config File for MEMORYMAP ip!!
2025-07-09 10:34:52,093 [INFO] CodeEngine:263 - oldGeneratedFile, C:\harman\STM32Cube\250708_ILI9341_TFT_LCD\MXTmpFiles\cortex.tmp_save
2025-07-09 10:34:52,132 [INFO] CodeEngine:287 - Generated code: C:\harman\STM32Cube\250708_ILI9341_TFT_LCD\MXTmpFiles\cortex.tmp
2025-07-09 10:34:52,140 [INFO] CodeEngine:263 - oldGeneratedFile, C:\harman\STM32Cube\250708_ILI9341_TFT_LCD\Core\Src\memorymap.c_save
2025-07-09 10:34:52,193 [INFO] CodeEngine:287 - Generated code: C:\harman\STM32Cube\250708_ILI9341_TFT_LCD\Core\Src\memorymap.c
2025-07-09 10:34:52,198 [INFO] CodeEngine:263 - oldGeneratedFile, C:\harman\STM32Cube\250708_ILI9341_TFT_LCD\Core\Inc\memorymap.h_save
2025-07-09 10:34:52,237 [INFO] CodeEngine:287 - Generated code: C:\harman\STM32Cube\250708_ILI9341_TFT_LCD\Core\Inc\memorymap.h
2025-07-09 10:34:52,247 [INFO] CodeEngine:263 - oldGeneratedFile, C:\harman\STM32Cube\250708_ILI9341_TFT_LCD\Core\Src\spi.c_save
2025-07-09 10:34:52,311 [INFO] CodeEngine:287 - Generated code: C:\harman\STM32Cube\250708_ILI9341_TFT_LCD\Core\Src\spi.c
2025-07-09 10:34:52,316 [INFO] CodeEngine:263 - oldGeneratedFile, C:\harman\STM32Cube\250708_ILI9341_TFT_LCD\Core\Inc\spi.h_save
2025-07-09 10:34:52,353 [INFO] CodeEngine:287 - Generated code: C:\harman\STM32Cube\250708_ILI9341_TFT_LCD\Core\Inc\spi.h
2025-07-09 10:34:52,362 [INFO] CodeEngine:263 - oldGeneratedFile, C:\harman\STM32Cube\250708_ILI9341_TFT_LCD\Core\Src\usart.c_save
2025-07-09 10:34:52,413 [INFO] CodeEngine:287 - Generated code: C:\harman\STM32Cube\250708_ILI9341_TFT_LCD\Core\Src\usart.c
2025-07-09 10:34:52,417 [INFO] CodeEngine:263 - oldGeneratedFile, C:\harman\STM32Cube\250708_ILI9341_TFT_LCD\Core\Inc\usart.h_save
2025-07-09 10:34:52,453 [INFO] CodeEngine:287 - Generated code: C:\harman\STM32Cube\250708_ILI9341_TFT_LCD\Core\Inc\usart.h
2025-07-09 10:34:52,463 [INFO] CodeEngine:263 - oldGeneratedFile, C:\harman\STM32Cube\250708_ILI9341_TFT_LCD\Core\Src\stm32h7xx_it.c_save
2025-07-09 10:34:52,501 [INFO] CodeEngine:287 - Generated code: C:\harman\STM32Cube\250708_ILI9341_TFT_LCD\Core\Src\stm32h7xx_it.c
2025-07-09 10:34:52,508 [INFO] CodeEngine:263 - oldGeneratedFile, C:\harman\STM32Cube\250708_ILI9341_TFT_LCD\Core\Inc\stm32h7xx_it.h_save
2025-07-09 10:34:52,551 [INFO] CodeEngine:287 - Generated code: C:\harman\STM32Cube\250708_ILI9341_TFT_LCD\Core\Inc\stm32h7xx_it.h
2025-07-09 10:34:52,603 [INFO] CodeEngine:263 - oldGeneratedFile, C:\harman\STM32Cube\250708_ILI9341_TFT_LCD\Core\Src\stm32h7xx_hal_msp.c_save
2025-07-09 10:34:52,657 [INFO] CodeEngine:287 - Generated code: C:\harman\STM32Cube\250708_ILI9341_TFT_LCD\Core\Src\stm32h7xx_hal_msp.c
2025-07-09 10:34:52,660 [INFO] CodeEngine:263 - oldGeneratedFile, C:\harman\STM32Cube\250708_ILI9341_TFT_LCD\MXTmpFiles\system.tmp_save
2025-07-09 10:34:52,694 [INFO] CodeEngine:287 - Generated code: C:\harman\STM32Cube\250708_ILI9341_TFT_LCD\MXTmpFiles\system.tmp
2025-07-09 10:34:52,702 [INFO] CodeEngine:319 - oldGeneratedFile, C:\harman\STM32Cube\250708_ILI9341_TFT_LCD\Core\Inc\stm32h7xx_hal_conf.h_save
2025-07-09 10:34:52,742 [INFO] CodeEngine:343 - Generated code: C:\harman\STM32Cube\250708_ILI9341_TFT_LCD\Core\Inc\stm32h7xx_hal_conf.h
2025-07-09 10:34:52,760 [ERROR] ApiDbMcu:464 - Can't load MEMORYMAP-STM32xx root dir null
2025-07-09 10:34:52,760 [ERROR] ApiDbMcu:536 - Cannot parse MEMORYMAP_Config file : file do not exist
2025-07-09 10:34:52,768 [INFO] CodeEngine:263 - oldGeneratedFile, C:\harman\STM32Cube\250708_ILI9341_TFT_LCD\Core\Inc\main.h_save
2025-07-09 10:34:52,807 [INFO] CodeEngine:287 - Generated code: C:\harman\STM32Cube\250708_ILI9341_TFT_LCD\Core\Inc\main.h
2025-07-09 10:34:52,812 [INFO] CodeEngine:263 - oldGeneratedFile, C:\harman\STM32Cube\250708_ILI9341_TFT_LCD\Core\Src\main.c_save
2025-07-09 10:34:52,865 [INFO] CodeEngine:287 - Generated code: C:\harman\STM32Cube\250708_ILI9341_TFT_LCD\Core\Src\main.c
2025-07-09 10:34:53,105 [INFO] ProjectBuilder:3324 - Time for Copy HAL[1] : 154mS.
2025-07-09 10:34:53,108 [INFO] ProjectBuilder:4912 - Project Generator version: 4.6.0.1-B1
2025-07-09 10:34:53,162 [INFO] ConfigFileManager:1590 - The Die is : DIE450
2025-07-09 10:34:53,892 [INFO] ProjectBuilder:5191 - Time for Generating toolchain IDE Files: 784mS.
2025-07-09 10:34:53,893 [INFO] ProjectBuilder:3181 - Time for Copy CMSIS : 0mS.
2025-07-09 10:34:53,896 [INFO] ProjectBuilder:3181 - Time for Copy CMSIS : 0mS.
2025-07-09 10:46:29,645 [INFO] MainUpdater:2872 - connection check result : 10
2025-07-09 10:46:29,646 [INFO] MainUpdater:2872 - connection check result : 10
2025-07-09 10:46:29,971 [INFO] MicroXplorer:468 - Change Database Path : 
2025-07-09 10:46:29,971 [INFO] MicroXplorer:498 - Change Database Version : DB.6.0.141
2025-07-09 10:46:30,046 [ERROR] ProjectManagerView:395 - 
java.lang.NullPointerException: Cannot invoke "javax.swing.JTextField.getText()" because the return value of "java.util.List.get(int)" is null
	at com.st.microxplorer.plugins.projectmanager.gui.ProjectChoiceTab$9.caretUpdate(ProjectChoiceTab.java:2678) ~[filemanager.jar:?]
	at javax.swing.text.JTextComponent.fireCaretUpdate(JTextComponent.java:408) ~[?:?]
	at javax.swing.text.JTextComponent$MutableCaretEvent.fire(JTextComponent.java:4484) ~[?:?]
	at javax.swing.text.JTextComponent$MutableCaretEvent.stateChanged(JTextComponent.java:4506) ~[?:?]
	at javax.swing.text.DefaultCaret.fireStateChanged(DefaultCaret.java:857) ~[?:?]
	at javax.swing.text.DefaultCaret.changeCaretPosition(DefaultCaret.java:1343) ~[?:?]
	at javax.swing.text.DefaultCaret.handleSetDot(DefaultCaret.java:1242) ~[?:?]
	at javax.swing.text.DefaultCaret.setDot(DefaultCaret.java:1223) ~[?:?]
	at javax.swing.text.DefaultCaret$Handler.insertUpdate(DefaultCaret.java:1819) ~[?:?]
	at javax.swing.text.AbstractDocument.fireInsertUpdate(AbstractDocument.java:227) ~[?:?]
	at javax.swing.text.AbstractDocument.handleInsertString(AbstractDocument.java:781) ~[?:?]
	at javax.swing.text.AbstractDocument.insertString(AbstractDocument.java:740) ~[?:?]
	at javax.swing.text.PlainDocument.insertString(PlainDocument.java:131) ~[?:?]
	at javax.swing.text.AbstractDocument.replace(AbstractDocument.java:699) ~[?:?]
	at javax.swing.text.JTextComponent.setText(JTextComponent.java:1725) ~[?:?]
	at com.st.microxplorer.plugins.projectmanager.gui.ProjectChoiceTab.createHeapStackFields(ProjectChoiceTab.java:979) ~[filemanager.jar:?]
	at com.st.microxplorer.plugins.projectmanager.gui.ProjectChoiceTab.buildLinkSettingsPanel(ProjectChoiceTab.java:3766) ~[filemanager.jar:?]
	at com.st.microxplorer.plugins.projectmanager.gui.ProjectChoiceTab.defineWindowsFields(ProjectChoiceTab.java:1962) ~[filemanager.jar:?]
	at com.st.microxplorer.plugins.projectmanager.gui.ProjectChoiceTab.updateSettings(ProjectChoiceTab.java:555) ~[filemanager.jar:?]
	at com.st.microxplorer.plugins.projectmanager.gui.ProjectSettingsPanel.UpdateDialog(ProjectSettingsPanel.java:245) ~[filemanager.jar:?]
	at com.st.microxplorer.plugins.projectmanager.ProjectManagerView.propertyChange(ProjectManagerView.java:392) ~[filemanager.jar:?]
	at java.beans.PropertyChangeSupport.fire(PropertyChangeSupport.java:343) ~[?:?]
	at java.beans.PropertyChangeSupport.firePropertyChange(PropertyChangeSupport.java:335) ~[?:?]
	at java.beans.PropertyChangeSupport.firePropertyChange(PropertyChangeSupport.java:268) ~[?:?]
	at com.st.microxplorer.util.MXPropertyChangeSupport.firePropertyChange(MXPropertyChangeSupport.java:54) ~[STM32CubeMX.jar:?]
	at com.st.microxplorer.mxsystem.MxSystem.closeConfig(MxSystem.java:899) ~[STM32CubeMX.jar:?]
	at com.st.microxplorer.maingui.MainPanel.closeConfig(MainPanel.java:789) ~[STM32CubeMX.jar:?]
	at com.st.microxplorer.plugins.filemanager.engine.OpenFileManager.loadConfigurationFile(OpenFileManager.java:287) ~[filemanager.jar:?]
	at com.st.microxplorer.plugins.filemanager.engine.MainFileManager.userLoadConfig(MainFileManager.java:341) ~[filemanager.jar:?]
	at com.st.microxplorer.plugins.filemanager.engine.MainFileManager.userLoadConfig(MainFileManager.java:319) ~[filemanager.jar:?]
	at com.st.microxplorer.plugins.filemanager.FileManagerView.getSpecificTask(FileManagerView.java:246) ~[filemanager.jar:?]
	at com.st.stm32cube.common.mx.editor.CubeMxEditor.getMxTabbedPaneInstance(CubeMxEditor.java:1198) ~[com.st.stm32cube.common.mx_6.14.1.202504091515/:?]
	at com.st.stm32cube.common.mx.editor.CubeMxEditor$12$1.createSwingComponent(CubeMxEditor.java:1068) ~[com.st.stm32cube.common.mx_6.14.1.202504091515/:?]
	at com.st.stm32cube.common.mx.oss.core.awtswtbridge.EmbeddedSwingComposite.doComponentCreation(EmbeddedSwingComposite.java:492) ~[com.st.stm32cube.common.mx.oss_6.14.1.202504091515/:?]
	at com.st.stm32cube.common.mx.oss.core.awtswtbridge.EmbeddedSwingComposite$4.run(EmbeddedSwingComposite.java:291) ~[com.st.stm32cube.common.mx.oss_6.14.1.202504091515/:?]
	at com.st.stm32cube.common.mx.oss.core.awtswtbridge.AwtEnvironment$2.run(AwtEnvironment.java:166) ~[com.st.stm32cube.common.mx.oss_6.14.1.202504091515/:?]
	at java.awt.event.InvocationEvent.dispatch(InvocationEvent.java:318) ~[?:?]
	at java.awt.EventQueue.dispatchEventImpl(EventQueue.java:773) ~[?:?]
	at java.awt.EventQueue$4.run(EventQueue.java:720) ~[?:?]
	at java.awt.EventQueue$4.run(EventQueue.java:714) ~[?:?]
	at java.security.AccessController.doPrivileged(AccessController.java:400) ~[?:?]
	at java.security.ProtectionDomain$JavaSecurityAccessImpl.doIntersectionPrivilege(ProtectionDomain.java:87) ~[?:?]
	at java.awt.EventQueue.dispatchEvent(EventQueue.java:742) ~[?:?]
	at java.awt.EventDispatchThread.pumpOneEventForFilters(EventDispatchThread.java:203) ~[?:?]
	at java.awt.EventDispatchThread.pumpEventsForFilter(EventDispatchThread.java:124) ~[?:?]
	at java.awt.EventDispatchThread.pumpEventsForHierarchy(EventDispatchThread.java:113) ~[?:?]
	at java.awt.EventDispatchThread.pumpEvents(EventDispatchThread.java:109) ~[?:?]
	at java.awt.EventDispatchThread.pumpEvents(EventDispatchThread.java:101) ~[?:?]
	at java.awt.EventDispatchThread.run(EventDispatchThread.java:90) ~[?:?]
2025-07-09 10:46:30,050 [WARN] ThirdParty:871 - waiting for thirdparty lock release [close project]
2025-07-09 10:46:30,050 [INFO] ThirdParty:873 - entering critical section [close project]
2025-07-09 10:46:30,050 [INFO] ThirdParty:883 - exiting critical section [close project]
2025-07-09 10:46:30,061 [INFO] PinOutPanel:1589 - setPackage(No Configuration,No Configuration)
2025-07-09 10:46:30,100 [WARN] IpParametersView:155 - Warning: This peripheral hasn't parameters
2025-07-09 10:46:30,130 [WARN] MainPanel:289 - <html><b><center>Warning: This peripheral has no parameters to be configured<br></b></html>
2025-07-09 10:46:30,148 [INFO] UtilMem:75 - Begin LoadConfig() Used Memory: 924574168 Bytes (1073741824)
2025-07-09 10:46:30,149 [INFO] MicroXplorer:468 - Change Database Path : 
2025-07-09 10:46:30,149 [INFO] MicroXplorer:498 - Change Database Version : DB.6.0.141
2025-07-09 10:46:30,149 [INFO] OpenFileManager:354 - Change cursor
2025-07-09 10:46:30,199 [INFO] RulesReader:64 - Compatibility file has been processed (302 Rules)
2025-07-09 10:46:30,214 [INFO] Mcu:2011 - Initializing MCU STM32H743XIHx STM32H743XIHx STM32H743XIH6
2025-07-09 10:46:35,147 [INFO] Context:756 - Trying to add GPIOservice into a context  which must be forbidden
2025-07-09 10:46:37,328 [INFO] ImportTextPane:218 - (OptionalMessage_ERROR) Pin15 (VP_RIF_VS_RIF1) cannot be retrieved for this MCU
2025-07-09 10:46:37,601 [INFO] RtosManager:558 - Registered RTOS mode: class=CMSIS, group=RTOS, mode=CMSIS_V1, owner=FREERTOS
2025-07-09 10:46:37,601 [INFO] RtosManager:558 - Registered RTOS mode: class=CMSIS, group=RTOS2, mode=CMSIS_V2, owner=FREERTOS
2025-07-09 10:46:37,601 [INFO] RtosManager:558 - Registered RTOS mode: class=RTOS, group=Core, mode=CMSIS_V1, owner=FREERTOS
2025-07-09 10:46:37,601 [INFO] RtosManager:558 - Registered RTOS mode: class=RTOS, group=Core, mode=CMSIS_V2, owner=FREERTOS
2025-07-09 10:46:37,602 [WARN] ModelIntegratedComponent:184 - Missing modes for component STMicroelectronics:FreeRTOS:0.0.1:STMicroelectronics:RTOS:FreeRTOS:Core:::10.2.0:
2025-07-09 10:46:37,615 [WARN] ModelIntegratedComponent:63 - No mode defined for component null
2025-07-09 10:46:37,615 [WARN] ModelIntegratedComponent:63 - No mode defined for component null
2025-07-09 10:46:37,615 [WARN] ModelIntegratedComponent:63 - No mode defined for component null
2025-07-09 10:46:37,615 [WARN] ModelIntegratedComponent:63 - No mode defined for component null
2025-07-09 10:46:37,616 [WARN] ModelIntegratedComponent:63 - No mode defined for component null
2025-07-09 10:46:37,616 [WARN] ModelIntegratedComponent:63 - No mode defined for component null
2025-07-09 10:46:37,616 [WARN] ModelIntegratedComponent:63 - No mode defined for component null
2025-07-09 10:46:37,616 [WARN] ModelIntegratedComponent:63 - No mode defined for component null
2025-07-09 10:46:37,616 [WARN] ModelIntegratedComponent:63 - No mode defined for component null
2025-07-09 10:46:37,616 [WARN] ModelIntegratedComponent:63 - No mode defined for component null
2025-07-09 10:46:37,616 [WARN] ModelIntegratedComponent:63 - No mode defined for component null
2025-07-09 10:46:37,616 [WARN] ModelIntegratedComponent:63 - No mode defined for component null
2025-07-09 10:46:37,616 [WARN] ModelIntegratedComponent:63 - No mode defined for component null
2025-07-09 10:46:37,616 [WARN] ModelIntegratedComponent:63 - No mode defined for component null
2025-07-09 10:46:37,616 [WARN] ModelIntegratedComponent:63 - No mode defined for component null
2025-07-09 10:46:37,616 [WARN] ModelIntegratedComponent:63 - No mode defined for component null
2025-07-09 10:46:37,617 [WARN] ModelIntegratedComponent:63 - No mode defined for component null
2025-07-09 10:46:37,617 [WARN] ModelIntegratedComponent:63 - No mode defined for component null
2025-07-09 10:46:37,617 [WARN] ModelIntegratedComponent:63 - No mode defined for component null
2025-07-09 10:46:37,617 [WARN] ModelIntegratedComponent:63 - No mode defined for component null
2025-07-09 10:46:37,617 [WARN] ModelIntegratedComponent:63 - No mode defined for component null
2025-07-09 10:46:37,617 [WARN] ModelIntegratedComponent:63 - No mode defined for component null
2025-07-09 10:46:37,617 [WARN] ModelIntegratedComponent:63 - No mode defined for component null
2025-07-09 10:46:37,617 [WARN] ModelIntegratedComponent:63 - No mode defined for component null
2025-07-09 10:46:37,617 [WARN] ModelIntegratedComponent:63 - No mode defined for component null
2025-07-09 10:46:37,617 [WARN] ModelIntegratedComponent:63 - No mode defined for component null
2025-07-09 10:46:37,617 [WARN] ModelIntegratedComponent:63 - No mode defined for component null
2025-07-09 10:46:37,617 [WARN] ModelIntegratedComponent:63 - No mode defined for component null
2025-07-09 10:46:37,617 [WARN] ModelIntegratedComponent:63 - No mode defined for component null
2025-07-09 10:46:37,617 [WARN] ModelIntegratedComponent:63 - No mode defined for component null
2025-07-09 10:46:37,617 [WARN] ModelIntegratedComponent:63 - No mode defined for component null
2025-07-09 10:46:37,617 [WARN] ModelIntegratedComponent:63 - No mode defined for component null
2025-07-09 10:46:37,617 [WARN] ModelIntegratedComponent:63 - No mode defined for component null
2025-07-09 10:46:37,617 [WARN] ModelIntegratedComponent:63 - No mode defined for component null
2025-07-09 10:46:37,617 [WARN] ModelIntegratedComponent:63 - No mode defined for component null
2025-07-09 10:46:37,617 [WARN] ModelPack:524 - Component already loaded: STMicroelectronics:HAL Drivers:0.0.0:STMicroelectronics:Device:STMicro_Driver:XSPI:HAL::0.0.1:HAL_XSPI
2025-07-09 10:46:37,691 [INFO] ThirdPartyModel:298 - Start build external matchings
2025-07-09 10:46:38,123 [INFO] ThirdPartyModel:316 - End build external matchings
2025-07-09 10:46:38,147 [INFO] ImportTextPane:218 - (OptionalMessage_ERROR) IP (RCC) : Parameter (DFSDMACLkFreq_Value) has invalid value (480000000)
2025-07-09 10:46:38,153 [INFO] ImportTextPane:218 - (OptionalMessage_ERROR) IP (RCC) : Parameter (FDCANFreq_Value) has invalid value (480000000)
2025-07-09 10:46:38,154 [INFO] ImportTextPane:218 - (OptionalMessage_ERROR) IP (RCC) : Invalid parameter (FamilyName)
2025-07-09 10:46:38,154 [INFO] ImportTextPane:218 - (OptionalMessage_ERROR) IP (RCC) : Parameter (SAI1Freq_Value) has invalid value (480000000)
2025-07-09 10:46:38,154 [INFO] ImportTextPane:218 - (OptionalMessage_ERROR) IP (RCC) : Parameter (SAI23Freq_Value) has invalid value (480000000)
2025-07-09 10:46:38,154 [INFO] ImportTextPane:218 - (OptionalMessage_ERROR) IP (RCC) : Parameter (SAI4AFreq_Value) has invalid value (480000000)
2025-07-09 10:46:38,154 [INFO] ImportTextPane:218 - (OptionalMessage_ERROR) IP (RCC) : Parameter (SAI4BFreq_Value) has invalid value (480000000)
2025-07-09 10:46:38,154 [INFO] ImportTextPane:218 - (OptionalMessage_ERROR) IP (RCC) : Parameter (SDMMCFreq_Value) has invalid value (480000000)
2025-07-09 10:46:38,154 [INFO] ImportTextPane:218 - (OptionalMessage_ERROR) IP (RCC) : Parameter (SPDIFRXFreq_Value) has invalid value (480000000)
2025-07-09 10:46:38,156 [INFO] ImportTextPane:218 - (OptionalMessage_ERROR) IP (RCC) : Parameter (USBFreq_Value) has invalid value (480000000)
2025-07-09 10:46:39,269 [INFO] UtilMem:75 - End LoadConfig() Used Memory: 1000527360 Bytes (1073741824)
2025-07-09 10:46:39,323 [WARN] ThirdParty:833 - waiting for thirdparty lock release [change project]
2025-07-09 10:46:39,324 [INFO] ThirdParty:835 - entering critical section [change project]
2025-07-09 10:46:39,324 [INFO] ThirdParty:1030 - CMSIS Pack Vendor :STMicroelectronics X-CUBE-PM33A1 1.0.0
2025-07-09 10:46:39,324 [INFO] ThirdParty:1030 - CMSIS Pack Vendor :STMicroelectronics USBPD 4.1
2025-07-09 10:46:39,324 [INFO] ThirdParty:1030 - CMSIS Pack Vendor :STMicroelectronics X-CUBE-AZRTOS-H7 3.3.0
2025-07-09 10:46:39,324 [INFO] ThirdParty:1030 - CMSIS Pack Vendor :STMicroelectronics X-CUBE-NFC9 1.0.0
2025-07-09 10:46:39,324 [INFO] ThirdParty:1030 - CMSIS Pack Vendor :wolfSSL I-CUBE-wolfSSL 5.8.0
2025-07-09 10:46:39,324 [INFO] ThirdParty:1030 - CMSIS Pack Vendor :STMicroelectronics USB_HOST 2.0.0
2025-07-09 10:46:39,324 [INFO] ThirdParty:1030 - CMSIS Pack Vendor :STMicroelectronics FP-SNS-MOTENVWB1 1.4.0
2025-07-09 10:46:39,324 [INFO] ThirdParty:1030 - CMSIS Pack Vendor :STMicroelectronics X-CUBE-AZRTOS-F4 1.1.0
2025-07-09 10:46:39,324 [INFO] ThirdParty:1030 - CMSIS Pack Vendor :STMicroelectronics LIBJPEG 8.0.0
2025-07-09 10:46:39,324 [INFO] ThirdParty:1030 - CMSIS Pack Vendor :STMicroelectronics FP-ATR-ASTRA1 2.0.2
2025-07-09 10:46:39,324 [INFO] ThirdParty:1030 - CMSIS Pack Vendor :STMicroelectronics X-CUBE-BLE1 7.1.0
2025-07-09 10:46:39,324 [INFO] ThirdParty:1030 - CMSIS Pack Vendor :Avnet-IotConnect X-CUBE-IoTC-DA16k-PMOD 1.0.0
2025-07-09 10:46:39,324 [INFO] ThirdParty:1030 - CMSIS Pack Vendor :STMicroelectronics X-CUBE-SMBUS 2.1.0
2025-07-09 10:46:39,325 [INFO] ThirdParty:1030 - CMSIS Pack Vendor :wolfSSL I-CUBE-wolfMQTT 1.19.2
2025-07-09 10:46:39,325 [INFO] ThirdParty:1030 - CMSIS Pack Vendor :STMicroelectronics USB_DEVICE 3.0.0
2025-07-09 10:46:39,325 [INFO] ThirdParty:1030 - CMSIS Pack Vendor :STMicroelectronics X-CUBE-ISPU 2.1.0
2025-07-09 10:46:39,325 [INFO] ThirdParty:1030 - CMSIS Pack Vendor :STMicroelectronics X-CUBE-AZRTOS-WB 2.0.0
2025-07-09 10:46:39,325 [INFO] ThirdParty:1030 - CMSIS Pack Vendor :STMicroelectronics X-CUBE-ST60 1.0.0
2025-07-09 10:46:39,325 [INFO] ThirdParty:1030 - CMSIS Pack Vendor :STMicroelectronics X-CUBE-GNSS1 7.0.1
2025-07-09 10:46:39,325 [INFO] ThirdParty:1030 - CMSIS Pack Vendor :STMicroelectronics X-CUBE-AZRTOS-F7 1.1.0
2025-07-09 10:46:39,325 [INFO] ThirdParty:1030 - CMSIS Pack Vendor :STMicroelectronics X-CUBE-AZRTOS-L5 2.0.0
2025-07-09 10:46:39,325 [INFO] ThirdParty:1030 - CMSIS Pack Vendor :STMicroelectronics X-CUBE-TOUCHGFX 4.25.0
2025-07-09 10:46:39,325 [INFO] ThirdParty:1030 - CMSIS Pack Vendor :STMicroelectronics USB_DEVICE 2.0.0
2025-07-09 10:46:39,325 [INFO] ThirdParty:1030 - CMSIS Pack Vendor :STMicroelectronics X-CUBE-NFC6 3.1.0
2025-07-09 10:46:39,325 [INFO] ThirdParty:1030 - CMSIS Pack Vendor :STMicroelectronics X-CUBE-AI 10.1.0
2025-07-09 10:46:39,325 [INFO] ThirdParty:1030 - CMSIS Pack Vendor :STMicroelectronics FP-SNS-STBOX1 2.0.0
2025-07-09 10:46:39,326 [INFO] ThirdParty:1030 - CMSIS Pack Vendor :STMicroelectronics X-CUBE-MEMS1 11.2.0
2025-07-09 10:46:39,326 [INFO] ThirdParty:1030 - CMSIS Pack Vendor :STMicroelectronics FreeRTOS 0.0.1
2025-07-09 10:46:39,326 [INFO] ThirdParty:1030 - CMSIS Pack Vendor :STMicroelectronics X-CUBE-AZRTOS-G0 1.1.0
2025-07-09 10:46:39,326 [INFO] ThirdParty:1030 - CMSIS Pack Vendor :STMicroelectronics X-CUBE-SAFEA1 1.2.2
2025-07-09 10:46:39,326 [INFO] ThirdParty:1030 - CMSIS Pack Vendor :STMicroelectronics X-CUBE-NFC4 3.0.0
2025-07-09 10:46:39,326 [INFO] ThirdParty:1030 - CMSIS Pack Vendor :STMicroelectronics X-CUBE-SUBG2 5.0.0
2025-07-09 10:46:39,326 [INFO] ThirdParty:1030 - CMSIS Pack Vendor :STMicroelectronics X-CUBE-AZRTOS-H7RS 1.1.0
2025-07-09 10:46:39,326 [INFO] ThirdParty:1030 - CMSIS Pack Vendor :STMicroelectronics STM32_WPAN 1.0.0
2025-07-09 10:46:39,326 [INFO] ThirdParty:1030 - CMSIS Pack Vendor :EmbeddedOffice I-CUBE-FS-RTOS 1.0.1
2025-07-09 10:46:39,326 [INFO] ThirdParty:1030 - CMSIS Pack Vendor :STMicroelectronics lwIP 2.0.3
2025-07-09 10:46:39,326 [INFO] ThirdParty:1030 - CMSIS Pack Vendor :Cesanta I-CUBE-Mongoose 7.13.0
2025-07-09 10:46:39,326 [INFO] ThirdParty:1030 - CMSIS Pack Vendor :STMicroelectronics USB_HOST 1.0.0
2025-07-09 10:46:39,326 [INFO] ThirdParty:1030 - CMSIS Pack Vendor :Infineon AIROC-Wi-Fi-Bluetooth-STM32 1.7.0
2025-07-09 10:46:39,326 [INFO] ThirdParty:1030 - CMSIS Pack Vendor :STMicroelectronics X-CUBE-AZRTOS-G4 2.0.0
2025-07-09 10:46:39,326 [INFO] ThirdParty:1030 - CMSIS Pack Vendor :STMicroelectronics X-CUBE-WB05N 2.0.0
2025-07-09 10:46:39,326 [INFO] ThirdParty:1030 - CMSIS Pack Vendor :STMicroelectronics PDM2PCM 3.1.0
2025-07-09 10:46:39,326 [INFO] ThirdParty:1030 - CMSIS Pack Vendor :STMicroelectronics PDM2PCM 3.3.0
2025-07-09 10:46:39,326 [INFO] ThirdParty:1030 - CMSIS Pack Vendor :wolfSSL I-CUBE-wolfTPM 3.8.0
2025-07-09 10:46:39,326 [INFO] ThirdParty:1030 - CMSIS Pack Vendor :STMicroelectronics X-CUBE-AZRTOS-H7 3.4.0
2025-07-09 10:46:39,326 [INFO] ThirdParty:1030 - CMSIS Pack Vendor :STMicroelectronics X-CUBE-DISPLAY 3.0.0
2025-07-09 10:46:39,327 [INFO] ThirdParty:1030 - CMSIS Pack Vendor :wolfSSL I-CUBE-wolfSSH 1.4.20
2025-07-09 10:46:39,327 [INFO] ThirdParty:1030 - CMSIS Pack Vendor :STMicroelectronics X-CUBE-NFC7 2.0.0
2025-07-09 10:46:39,327 [INFO] ThirdParty:1030 - CMSIS Pack Vendor :STMicroelectronics X-CUBE-TCPP 4.2.0
2025-07-09 10:46:39,327 [INFO] ThirdParty:1030 - CMSIS Pack Vendor :RealThread X-CUBE-RT-Thread_Nano 4.1.1
2025-07-09 10:46:39,327 [INFO] ThirdParty:1030 - CMSIS Pack Vendor :STMicroelectronics FP-ATR-SIGFOX1 3.2.0
2025-07-09 10:46:39,327 [INFO] ThirdParty:1030 - CMSIS Pack Vendor :STMicroelectronics X-CUBE-NFC10 1.0.0
2025-07-09 10:46:39,327 [INFO] ThirdParty:1030 - CMSIS Pack Vendor :STMicroelectronics X-CUBE-BLEMGR 4.0.0
2025-07-09 10:46:39,327 [INFO] ThirdParty:1030 - CMSIS Pack Vendor :STMicroelectronics X-CUBE-EEPRMA1 5.1.0
2025-07-09 10:46:39,327 [INFO] ThirdParty:1030 - CMSIS Pack Vendor :STMicroelectronics X-CUBE-FREERTOS 1.3.1
2025-07-09 10:46:39,327 [INFO] ThirdParty:1030 - CMSIS Pack Vendor :STMicroelectronics HAL Drivers 0.0.0
2025-07-09 10:46:39,327 [INFO] ThirdParty:1030 - CMSIS Pack Vendor :STMicroelectronics MBEDTLS 2.16.2
2025-07-09 10:46:39,327 [INFO] ThirdParty:1030 - CMSIS Pack Vendor :STMicroelectronics X-CUBE-IPS 3.1.0
2025-07-09 10:46:39,327 [INFO] ThirdParty:1030 - CMSIS Pack Vendor :STMicroelectronics X-CUBE-ALS 1.0.2
2025-07-09 10:46:39,327 [INFO] ThirdParty:1030 - CMSIS Pack Vendor :emotas I-CUBE-CANOPEN 1.3.0
2025-07-09 10:46:39,327 [INFO] ThirdParty:1030 - CMSIS Pack Vendor :STMicroelectronics MBEDTLS 2.14.1
2025-07-09 10:46:39,327 [INFO] ThirdParty:1030 - CMSIS Pack Vendor :ITTIA_DB I-CUBE-ITTIADB 8.9.0
2025-07-09 10:46:39,327 [INFO] ThirdParty:1030 - CMSIS Pack Vendor :portGmbH I-Cube-SoM-uGOAL 1.1.0
2025-07-09 10:46:39,327 [INFO] ThirdParty:1030 - CMSIS Pack Vendor :quantropi X-CUBE-qispace-sdk-base 2.0.0
2025-07-09 10:46:39,327 [INFO] ThirdParty:1030 - CMSIS Pack Vendor :STMicroelectronics X-CUBE-AI 10.0.0
2025-07-09 10:46:39,327 [INFO] ThirdParty:1030 - CMSIS Pack Vendor :STMicroelectronics X-CUBE-ST67W61 1.0.0
2025-07-09 10:46:39,327 [INFO] ThirdParty:1030 - CMSIS Pack Vendor :STMicroelectronics FP-SNS-STAIOTCFT 1.0.0
2025-07-09 10:46:39,328 [INFO] ThirdParty:1030 - CMSIS Pack Vendor :STMicroelectronics ThreadX 1.0.0
2025-07-09 10:46:39,328 [INFO] ThirdParty:1030 - CMSIS Pack Vendor :STMicroelectronics FP-SNS-SMARTAG2 1.2.0
2025-07-09 10:46:39,328 [INFO] ThirdParty:1030 - CMSIS Pack Vendor :STMicroelectronics FP-SNS-FLIGHT1 5.1.0
2025-07-09 10:46:39,328 [INFO] ThirdParty:1030 - CMSIS Pack Vendor :STMicroelectronics X-CUBE-AZRTOS-WL 2.0.0
2025-07-09 10:46:39,328 [INFO] ThirdParty:1030 - CMSIS Pack Vendor :SEGGER I-CUBE-embOS 1.3.1
2025-07-09 10:46:39,328 [INFO] ThirdParty:1030 - CMSIS Pack Vendor :STMicroelectronics X-CUBE-ALGOBUILD 1.4.0
2025-07-09 10:46:39,328 [INFO] ThirdParty:1030 - CMSIS Pack Vendor :STMicroelectronics X-CUBE-DPower 1.3.0
2025-07-09 10:46:39,328 [INFO] ThirdParty:1030 - CMSIS Pack Vendor :STMicroelectronics X-CUBE-MEMS1 11.3.0
2025-07-09 10:46:39,328 [INFO] ThirdParty:1030 - CMSIS Pack Vendor :STMicroelectronics FP-SNS-MOTENV1 5.0.0
2025-07-09 10:46:39,328 [INFO] ThirdParty:1030 - CMSIS Pack Vendor :STMicroelectronics USB_DEVICE 1.0.0
2025-07-09 10:46:39,328 [INFO] ThirdParty:1030 - CMSIS Pack Vendor :STMicroelectronics X-CUBE-AZRTOS-L4 2.0.0
2025-07-09 10:46:39,328 [INFO] ThirdParty:1030 - CMSIS Pack Vendor :STMicroelectronics ThreadX 0.0.2
2025-07-09 10:46:39,328 [INFO] ThirdParty:1030 - CMSIS Pack Vendor :WES I-CUBE-Cesium 1.3.0
2025-07-09 10:46:39,328 [INFO] ThirdParty:1030 - CMSIS Pack Vendor :STMicroelectronics lwIP 2.1.2
2025-07-09 10:46:39,328 [INFO] ThirdParty:1030 - CMSIS Pack Vendor :STMicroelectronics X-CUBE-SFXS2LP1 4.0.0
2025-07-09 10:46:39,328 [INFO] ThirdParty:1030 - CMSIS Pack Vendor :STMicroelectronics X-CUBE-BLE2 3.3.0
2025-07-09 10:46:39,328 [INFO] ThirdParty:1030 - CMSIS Pack Vendor :STMicroelectronics X-CUBE-TOF1 3.4.3
2025-07-09 10:46:39,328 [INFO] ThirdParty:1030 - CMSIS Pack Vendor :STMicroelectronics PDM2PCM 3.2.0
2025-07-09 10:46:39,328 [INFO] ThirdParty:841 - exiting critical section [change project]
2025-07-09 10:46:39,956 [INFO] PinOutPanel:1589 - setPackage(No Configuration,No Configuration)
2025-07-09 10:46:39,957 [INFO] PinOutPanel:1589 - setPackage(STM32H743XIHx,TFBGA240)
2025-07-09 10:46:40,863 [INFO] UtilMem:75 - Before build in PCC Used Memory: 878876448 Bytes (1073741824)
2025-07-09 10:46:41,301 [INFO] UtilMem:75 - After build in PCC Used Memory: 943365936 Bytes (1073741824)
2025-07-09 10:46:41,337 [INFO] IPUIPlugin:80 - create IPUIPlugin
2025-07-09 10:46:41,337 [INFO] IPUIPlugin:80 - create IPUIPlugin
2025-07-09 10:46:41,337 [INFO] IPUIPlugin:80 - create IPUIPlugin
2025-07-09 10:46:41,338 [INFO] IPUIPlugin:80 - create IPUIPlugin
2025-07-09 10:46:41,338 [INFO] IPUIPlugin:80 - create IPUIPlugin
2025-07-09 10:46:41,338 [INFO] IPUIPlugin:80 - create IPUIPlugin
2025-07-09 10:46:41,338 [INFO] IPUIPlugin:80 - create IPUIPlugin
2025-07-09 10:46:41,338 [INFO] IPUIPlugin:80 - create IPUIPlugin
2025-07-09 10:46:41,338 [INFO] IPUIPlugin:80 - create IPUIPlugin
2025-07-09 10:46:41,338 [INFO] IPUIPlugin:80 - create IPUIPlugin
2025-07-09 10:46:41,339 [INFO] IPUIPlugin:80 - create IPUIPlugin
2025-07-09 10:46:41,339 [INFO] IPUIPlugin:80 - create IPUIPlugin
2025-07-09 10:46:41,339 [INFO] IPUIPlugin:80 - create IPUIPlugin
2025-07-09 10:46:41,339 [INFO] IPUIPlugin:80 - create IPUIPlugin
2025-07-09 10:46:41,340 [INFO] IPUIPlugin:80 - create IPUIPlugin
2025-07-09 10:46:41,340 [INFO] IPUIPlugin:80 - create IPUIPlugin
2025-07-09 10:46:41,340 [INFO] IPUIPlugin:80 - create IPUIPlugin
2025-07-09 10:46:41,340 [INFO] IPUIPlugin:80 - create IPUIPlugin
2025-07-09 10:46:41,340 [INFO] IPUIPlugin:80 - create IPUIPlugin
2025-07-09 10:46:41,340 [INFO] IPUIPlugin:80 - create IPUIPlugin
2025-07-09 10:46:41,341 [INFO] IPUIPlugin:80 - create IPUIPlugin
2025-07-09 10:46:41,341 [INFO] IPUIPlugin:80 - create IPUIPlugin
2025-07-09 10:46:41,341 [INFO] IPUIPlugin:80 - create IPUIPlugin
2025-07-09 10:46:41,341 [INFO] IPUIPlugin:80 - create IPUIPlugin
2025-07-09 10:46:41,341 [INFO] IPUIPlugin:80 - create IPUIPlugin
2025-07-09 10:46:41,341 [INFO] IPUIPlugin:80 - create IPUIPlugin
2025-07-09 10:46:41,342 [INFO] IPUIPlugin:80 - create IPUIPlugin
2025-07-09 10:46:41,342 [INFO] IPUIPlugin:80 - create IPUIPlugin
2025-07-09 10:46:41,343 [INFO] IPUIPlugin:80 - create IPUIPlugin
2025-07-09 10:46:41,343 [INFO] IPUIPlugin:80 - create IPUIPlugin
2025-07-09 10:46:41,343 [INFO] IPUIPlugin:80 - create IPUIPlugin
2025-07-09 10:46:41,343 [INFO] IPUIPlugin:80 - create IPUIPlugin
2025-07-09 10:46:41,343 [INFO] IPUIPlugin:80 - create IPUIPlugin
2025-07-09 10:46:41,343 [INFO] IPUIPlugin:80 - create IPUIPlugin
2025-07-09 10:46:41,343 [INFO] IPUIPlugin:80 - create IPUIPlugin
2025-07-09 10:46:41,344 [INFO] IPUIPlugin:80 - create IPUIPlugin
2025-07-09 10:46:41,344 [INFO] IPUIPlugin:80 - create IPUIPlugin
2025-07-09 10:46:41,344 [INFO] IPUIPlugin:80 - create IPUIPlugin
2025-07-09 10:46:41,344 [INFO] IPUIPlugin:80 - create IPUIPlugin
2025-07-09 10:46:41,344 [INFO] IPUIPlugin:80 - create IPUIPlugin
2025-07-09 10:46:41,344 [INFO] IPUIPlugin:80 - create IPUIPlugin
2025-07-09 10:46:41,345 [INFO] IPUIPlugin:80 - create IPUIPlugin
2025-07-09 10:46:41,345 [INFO] IPUIPlugin:80 - create IPUIPlugin
2025-07-09 10:46:41,345 [INFO] IPUIPlugin:80 - create IPUIPlugin
2025-07-09 10:46:41,345 [INFO] IPUIPlugin:80 - create IPUIPlugin
2025-07-09 10:46:41,345 [INFO] IPUIPlugin:80 - create IPUIPlugin
2025-07-09 10:46:41,345 [INFO] IPUIPlugin:80 - create IPUIPlugin
2025-07-09 10:46:41,345 [INFO] IPUIPlugin:80 - create IPUIPlugin
2025-07-09 10:46:41,345 [INFO] IPUIPlugin:80 - create IPUIPlugin
2025-07-09 10:46:41,346 [INFO] IPUIPlugin:80 - create IPUIPlugin
2025-07-09 10:46:41,346 [INFO] IPUIPlugin:80 - create IPUIPlugin
2025-07-09 10:46:41,346 [INFO] IPUIPlugin:80 - create IPUIPlugin
2025-07-09 10:46:41,346 [INFO] IPUIPlugin:80 - create IPUIPlugin
2025-07-09 10:46:41,346 [INFO] IPUIPlugin:80 - create IPUIPlugin
2025-07-09 10:46:41,347 [INFO] IPUIPlugin:80 - create IPUIPlugin
2025-07-09 10:46:41,347 [INFO] IPUIPlugin:80 - create IPUIPlugin
2025-07-09 10:46:41,347 [INFO] IPUIPlugin:80 - create IPUIPlugin
2025-07-09 10:46:41,347 [INFO] IPUIPlugin:80 - create IPUIPlugin
2025-07-09 10:46:41,347 [INFO] IPUIPlugin:80 - create IPUIPlugin
2025-07-09 10:46:41,348 [INFO] IPUIPlugin:80 - create IPUIPlugin
2025-07-09 10:46:41,348 [INFO] IPUIPlugin:80 - create IPUIPlugin
2025-07-09 10:46:41,348 [INFO] IPUIPlugin:80 - create IPUIPlugin
2025-07-09 10:46:41,348 [INFO] IPUIPlugin:80 - create IPUIPlugin
2025-07-09 10:46:41,348 [INFO] IPUIPlugin:80 - create IPUIPlugin
2025-07-09 10:46:41,349 [INFO] IPUIPlugin:80 - create IPUIPlugin
2025-07-09 10:46:41,349 [INFO] IPUIPlugin:80 - create IPUIPlugin
2025-07-09 10:46:41,349 [INFO] IPUIPlugin:80 - create IPUIPlugin
2025-07-09 10:46:41,349 [INFO] IPUIPlugin:80 - create IPUIPlugin
2025-07-09 10:46:41,350 [INFO] IPUIPlugin:80 - create IPUIPlugin
2025-07-09 10:46:41,350 [INFO] IPUIPlugin:80 - create IPUIPlugin
2025-07-09 10:46:41,350 [INFO] IPUIPlugin:80 - create IPUIPlugin
2025-07-09 10:46:41,351 [INFO] IPUIPlugin:80 - create IPUIPlugin
2025-07-09 10:46:41,351 [INFO] IPUIPlugin:80 - create IPUIPlugin
2025-07-09 10:46:41,351 [INFO] IPUIPlugin:80 - create IPUIPlugin
2025-07-09 10:46:41,351 [INFO] IPUIPlugin:80 - create IPUIPlugin
2025-07-09 10:46:41,352 [INFO] IPUIPlugin:80 - create IPUIPlugin
2025-07-09 10:46:41,352 [INFO] IPUIPlugin:80 - create IPUIPlugin
2025-07-09 10:46:41,352 [INFO] IPUIPlugin:80 - create IPUIPlugin
2025-07-09 10:46:41,353 [INFO] IPUIPlugin:80 - create IPUIPlugin
2025-07-09 10:46:41,353 [INFO] IPUIPlugin:80 - create IPUIPlugin
2025-07-09 10:46:41,353 [INFO] IPUIPlugin:80 - create IPUIPlugin
2025-07-09 10:46:41,353 [INFO] IPUIPlugin:80 - create IPUIPlugin
2025-07-09 10:46:41,354 [INFO] IPUIPlugin:80 - create IPUIPlugin
2025-07-09 10:46:41,354 [INFO] IPUIPlugin:80 - create IPUIPlugin
2025-07-09 10:46:41,354 [INFO] IPUIPlugin:80 - create IPUIPlugin
2025-07-09 10:46:41,355 [INFO] IPUIPlugin:80 - create IPUIPlugin
2025-07-09 10:46:41,355 [INFO] IPUIPlugin:80 - create IPUIPlugin
2025-07-09 10:46:41,356 [INFO] IPUIPlugin:80 - create IPUIPlugin
2025-07-09 10:46:41,356 [INFO] IPUIPlugin:80 - create IPUIPlugin
2025-07-09 10:46:41,356 [INFO] IPUIPlugin:80 - create IPUIPlugin
2025-07-09 10:46:41,357 [INFO] IPUIPlugin:80 - create IPUIPlugin
2025-07-09 10:46:41,357 [INFO] IPUIPlugin:80 - create IPUIPlugin
2025-07-09 10:46:41,357 [INFO] IPUIPlugin:80 - create IPUIPlugin
2025-07-09 10:46:41,357 [INFO] IPUIPlugin:80 - create IPUIPlugin
2025-07-09 10:46:41,358 [INFO] IPUIPlugin:80 - create IPUIPlugin
2025-07-09 10:46:41,358 [INFO] IPUIPlugin:80 - create IPUIPlugin
2025-07-09 10:46:41,359 [INFO] IPUIPlugin:80 - create IPUIPlugin
2025-07-09 10:46:41,359 [INFO] IPUIPlugin:80 - create IPUIPlugin
2025-07-09 10:46:41,375 [INFO] ApiDbMcu:508 - Load IP Config File for PDM2PCM
2025-07-09 10:46:41,476 [INFO] CADModel:165 - CPN selected for project levelSTM32H743XIH6
2025-07-09 10:46:41,477 [INFO] CADModel:114 - Register for checkConnection events
2025-07-09 10:46:41,627 [INFO] OpenFileManager:385 - Restore cursor
2025-07-09 10:49:42,112 [INFO] MainUpdater:2872 - connection check result : 10
2025-07-09 10:49:42,112 [INFO] MainUpdater:2872 - connection check result : 10
2025-07-09 10:49:42,128 [ERROR] IocParser:57 - IOException caught: C:\harman\STM32Cube\250709_ov7670\250709_ov7670.ioc (지정된 경로를 찾을 수 없습니다)
2025-07-09 10:49:42,129 [ERROR] PeripheralListParser:95 - Something went wrong with ioc file reading: C:\harman\STM32Cube\250709_ov7670\250709_ov7670.ioc (지정된 경로를 찾을 수 없습니다)
2025-07-09 10:49:42,130 [ERROR] RegexParser:59 - Issue caught when parsing regex: C:\harman\STM32Cube\250709_ov7670\250709_ov7670.ioc (지정된 경로를 찾을 수 없습니다)
2025-07-09 10:49:42,878 [INFO] MicroXplorer:468 - Change Database Path : 
2025-07-09 10:49:42,878 [INFO] MicroXplorer:498 - Change Database Version : DB.6.0.141
2025-07-09 10:49:42,955 [ERROR] ProjectManagerView:395 - 
java.lang.NullPointerException: Cannot invoke "javax.swing.JTextField.getText()" because the return value of "java.util.List.get(int)" is null
	at com.st.microxplorer.plugins.projectmanager.gui.ProjectChoiceTab$9.caretUpdate(ProjectChoiceTab.java:2678) ~[filemanager.jar:?]
	at javax.swing.text.JTextComponent.fireCaretUpdate(JTextComponent.java:408) ~[?:?]
	at javax.swing.text.JTextComponent$MutableCaretEvent.fire(JTextComponent.java:4484) ~[?:?]
	at javax.swing.text.JTextComponent$MutableCaretEvent.stateChanged(JTextComponent.java:4506) ~[?:?]
	at javax.swing.text.DefaultCaret.fireStateChanged(DefaultCaret.java:857) ~[?:?]
	at javax.swing.text.DefaultCaret.changeCaretPosition(DefaultCaret.java:1343) ~[?:?]
	at javax.swing.text.DefaultCaret.handleSetDot(DefaultCaret.java:1242) ~[?:?]
	at javax.swing.text.DefaultCaret.setDot(DefaultCaret.java:1223) ~[?:?]
	at javax.swing.text.DefaultCaret$Handler.insertUpdate(DefaultCaret.java:1819) ~[?:?]
	at javax.swing.text.AbstractDocument.fireInsertUpdate(AbstractDocument.java:227) ~[?:?]
	at javax.swing.text.AbstractDocument.handleInsertString(AbstractDocument.java:781) ~[?:?]
	at javax.swing.text.AbstractDocument.insertString(AbstractDocument.java:740) ~[?:?]
	at javax.swing.text.PlainDocument.insertString(PlainDocument.java:131) ~[?:?]
	at javax.swing.text.AbstractDocument.replace(AbstractDocument.java:699) ~[?:?]
	at javax.swing.text.JTextComponent.setText(JTextComponent.java:1725) ~[?:?]
	at com.st.microxplorer.plugins.projectmanager.gui.ProjectChoiceTab.createHeapStackFields(ProjectChoiceTab.java:979) ~[filemanager.jar:?]
	at com.st.microxplorer.plugins.projectmanager.gui.ProjectChoiceTab.buildLinkSettingsPanel(ProjectChoiceTab.java:3766) ~[filemanager.jar:?]
	at com.st.microxplorer.plugins.projectmanager.gui.ProjectChoiceTab.defineWindowsFields(ProjectChoiceTab.java:1962) ~[filemanager.jar:?]
	at com.st.microxplorer.plugins.projectmanager.gui.ProjectChoiceTab.updateSettings(ProjectChoiceTab.java:555) ~[filemanager.jar:?]
	at com.st.microxplorer.plugins.projectmanager.gui.ProjectSettingsPanel.UpdateDialog(ProjectSettingsPanel.java:245) ~[filemanager.jar:?]
	at com.st.microxplorer.plugins.projectmanager.ProjectManagerView.propertyChange(ProjectManagerView.java:392) ~[filemanager.jar:?]
	at java.beans.PropertyChangeSupport.fire(PropertyChangeSupport.java:343) ~[?:?]
	at java.beans.PropertyChangeSupport.firePropertyChange(PropertyChangeSupport.java:335) ~[?:?]
	at java.beans.PropertyChangeSupport.firePropertyChange(PropertyChangeSupport.java:268) ~[?:?]
	at com.st.microxplorer.util.MXPropertyChangeSupport.firePropertyChange(MXPropertyChangeSupport.java:54) ~[STM32CubeMX.jar:?]
	at com.st.microxplorer.mxsystem.MxSystem.closeConfig(MxSystem.java:899) ~[STM32CubeMX.jar:?]
	at com.st.microxplorer.maingui.MainPanel.closeConfig(MainPanel.java:789) ~[STM32CubeMX.jar:?]
	at com.st.microxplorer.plugins.filemanager.engine.OpenFileManager.loadConfigurationFile(OpenFileManager.java:287) ~[filemanager.jar:?]
	at com.st.microxplorer.plugins.filemanager.engine.MainFileManager.userLoadConfig(MainFileManager.java:341) ~[filemanager.jar:?]
	at com.st.microxplorer.plugins.filemanager.engine.MainFileManager.userLoadConfig(MainFileManager.java:319) ~[filemanager.jar:?]
	at com.st.microxplorer.plugins.filemanager.FileManagerView.getSpecificTask(FileManagerView.java:246) ~[filemanager.jar:?]
	at com.st.stm32cube.common.mx.editor.CubeMxEditor.getMxTabbedPaneInstance(CubeMxEditor.java:1198) ~[com.st.stm32cube.common.mx_6.14.1.202504091515/:?]
	at com.st.stm32cube.common.mx.editor.CubeMxEditor$12$1.createSwingComponent(CubeMxEditor.java:1068) ~[com.st.stm32cube.common.mx_6.14.1.202504091515/:?]
	at com.st.stm32cube.common.mx.oss.core.awtswtbridge.EmbeddedSwingComposite.doComponentCreation(EmbeddedSwingComposite.java:492) ~[com.st.stm32cube.common.mx.oss_6.14.1.202504091515/:?]
	at com.st.stm32cube.common.mx.oss.core.awtswtbridge.EmbeddedSwingComposite$4.run(EmbeddedSwingComposite.java:291) ~[com.st.stm32cube.common.mx.oss_6.14.1.202504091515/:?]
	at com.st.stm32cube.common.mx.oss.core.awtswtbridge.AwtEnvironment$2.run(AwtEnvironment.java:166) ~[com.st.stm32cube.common.mx.oss_6.14.1.202504091515/:?]
	at java.awt.event.InvocationEvent.dispatch(InvocationEvent.java:318) ~[?:?]
	at java.awt.EventQueue.dispatchEventImpl(EventQueue.java:773) ~[?:?]
	at java.awt.EventQueue$4.run(EventQueue.java:720) ~[?:?]
	at java.awt.EventQueue$4.run(EventQueue.java:714) ~[?:?]
	at java.security.AccessController.doPrivileged(AccessController.java:400) ~[?:?]
	at java.security.ProtectionDomain$JavaSecurityAccessImpl.doIntersectionPrivilege(ProtectionDomain.java:87) ~[?:?]
	at java.awt.EventQueue.dispatchEvent(EventQueue.java:742) ~[?:?]
	at java.awt.EventDispatchThread.pumpOneEventForFilters(EventDispatchThread.java:203) ~[?:?]
	at java.awt.EventDispatchThread.pumpEventsForFilter(EventDispatchThread.java:124) ~[?:?]
	at java.awt.EventDispatchThread.pumpEventsForHierarchy(EventDispatchThread.java:113) ~[?:?]
	at java.awt.EventDispatchThread.pumpEvents(EventDispatchThread.java:109) ~[?:?]
	at java.awt.EventDispatchThread.pumpEvents(EventDispatchThread.java:101) ~[?:?]
	at java.awt.EventDispatchThread.run(EventDispatchThread.java:90) ~[?:?]
2025-07-09 10:49:42,959 [WARN] ThirdParty:871 - waiting for thirdparty lock release [close project]
2025-07-09 10:49:42,959 [INFO] ThirdParty:873 - entering critical section [close project]
2025-07-09 10:49:42,959 [INFO] ThirdParty:883 - exiting critical section [close project]
2025-07-09 10:49:42,965 [INFO] PinOutPanel:1589 - setPackage(No Configuration,No Configuration)
2025-07-09 10:49:43,003 [WARN] IpParametersView:155 - Warning: This peripheral hasn't parameters
2025-07-09 10:49:43,029 [WARN] MainPanel:289 - <html><b><center>Warning: This peripheral has no parameters to be configured<br></b></html>
2025-07-09 10:49:43,041 [INFO] UtilMem:75 - Begin LoadConfig() Used Memory: 859999632 Bytes (1073741824)
2025-07-09 10:49:43,042 [INFO] MicroXplorer:468 - Change Database Path : 
2025-07-09 10:49:43,043 [INFO] MicroXplorer:498 - Change Database Version : DB.6.0.141
2025-07-09 10:49:43,043 [INFO] OpenFileManager:354 - Change cursor
2025-07-09 10:49:43,096 [INFO] Mcu:2011 - Initializing MCU STM32H743XIHx STM32H743XIHx STM32H743XIH6
2025-07-09 10:49:48,656 [INFO] Context:756 - Trying to add GPIOservice into a context  which must be forbidden
2025-07-09 10:49:50,443 [INFO] ImportTextPane:218 - (OptionalMessage_ERROR) Pin53 (VP_RIF_VS_RIF1) cannot be retrieved for this MCU
2025-07-09 10:49:50,691 [INFO] RtosManager:558 - Registered RTOS mode: class=CMSIS, group=RTOS, mode=CMSIS_V1, owner=FREERTOS
2025-07-09 10:49:50,692 [INFO] RtosManager:558 - Registered RTOS mode: class=CMSIS, group=RTOS2, mode=CMSIS_V2, owner=FREERTOS
2025-07-09 10:49:50,692 [INFO] RtosManager:558 - Registered RTOS mode: class=RTOS, group=Core, mode=CMSIS_V1, owner=FREERTOS
2025-07-09 10:49:50,692 [INFO] RtosManager:558 - Registered RTOS mode: class=RTOS, group=Core, mode=CMSIS_V2, owner=FREERTOS
2025-07-09 10:49:50,692 [WARN] ModelIntegratedComponent:184 - Missing modes for component STMicroelectronics:FreeRTOS:0.0.1:STMicroelectronics:RTOS:FreeRTOS:Core:::10.2.0:
2025-07-09 10:49:50,704 [WARN] ModelIntegratedComponent:63 - No mode defined for component null
2025-07-09 10:49:50,704 [WARN] ModelIntegratedComponent:63 - No mode defined for component null
2025-07-09 10:49:50,704 [WARN] ModelIntegratedComponent:63 - No mode defined for component null
2025-07-09 10:49:50,704 [WARN] ModelIntegratedComponent:63 - No mode defined for component null
2025-07-09 10:49:50,704 [WARN] ModelIntegratedComponent:63 - No mode defined for component null
2025-07-09 10:49:50,704 [WARN] ModelIntegratedComponent:63 - No mode defined for component null
2025-07-09 10:49:50,704 [WARN] ModelIntegratedComponent:63 - No mode defined for component null
2025-07-09 10:49:50,704 [WARN] ModelIntegratedComponent:63 - No mode defined for component null
2025-07-09 10:49:50,704 [WARN] ModelIntegratedComponent:63 - No mode defined for component null
2025-07-09 10:49:50,704 [WARN] ModelIntegratedComponent:63 - No mode defined for component null
2025-07-09 10:49:50,704 [WARN] ModelIntegratedComponent:63 - No mode defined for component null
2025-07-09 10:49:50,705 [WARN] ModelIntegratedComponent:63 - No mode defined for component null
2025-07-09 10:49:50,705 [WARN] ModelIntegratedComponent:63 - No mode defined for component null
2025-07-09 10:49:50,705 [WARN] ModelIntegratedComponent:63 - No mode defined for component null
2025-07-09 10:49:50,705 [WARN] ModelIntegratedComponent:63 - No mode defined for component null
2025-07-09 10:49:50,705 [WARN] ModelIntegratedComponent:63 - No mode defined for component null
2025-07-09 10:49:50,705 [WARN] ModelIntegratedComponent:63 - No mode defined for component null
2025-07-09 10:49:50,705 [WARN] ModelIntegratedComponent:63 - No mode defined for component null
2025-07-09 10:49:50,705 [WARN] ModelIntegratedComponent:63 - No mode defined for component null
2025-07-09 10:49:50,705 [WARN] ModelIntegratedComponent:63 - No mode defined for component null
2025-07-09 10:49:50,705 [WARN] ModelIntegratedComponent:63 - No mode defined for component null
2025-07-09 10:49:50,705 [WARN] ModelIntegratedComponent:63 - No mode defined for component null
2025-07-09 10:49:50,705 [WARN] ModelIntegratedComponent:63 - No mode defined for component null
2025-07-09 10:49:50,705 [WARN] ModelIntegratedComponent:63 - No mode defined for component null
2025-07-09 10:49:50,705 [WARN] ModelIntegratedComponent:63 - No mode defined for component null
2025-07-09 10:49:50,705 [WARN] ModelIntegratedComponent:63 - No mode defined for component null
2025-07-09 10:49:50,705 [WARN] ModelIntegratedComponent:63 - No mode defined for component null
2025-07-09 10:49:50,705 [WARN] ModelIntegratedComponent:63 - No mode defined for component null
2025-07-09 10:49:50,705 [WARN] ModelIntegratedComponent:63 - No mode defined for component null
2025-07-09 10:49:50,705 [WARN] ModelIntegratedComponent:63 - No mode defined for component null
2025-07-09 10:49:50,705 [WARN] ModelIntegratedComponent:63 - No mode defined for component null
2025-07-09 10:49:50,705 [WARN] ModelIntegratedComponent:63 - No mode defined for component null
2025-07-09 10:49:50,705 [WARN] ModelIntegratedComponent:63 - No mode defined for component null
2025-07-09 10:49:50,706 [WARN] ModelIntegratedComponent:63 - No mode defined for component null
2025-07-09 10:49:50,706 [WARN] ModelIntegratedComponent:63 - No mode defined for component null
2025-07-09 10:49:50,706 [WARN] ModelPack:524 - Component already loaded: STMicroelectronics:HAL Drivers:0.0.0:STMicroelectronics:Device:STMicro_Driver:XSPI:HAL::0.0.1:HAL_XSPI
2025-07-09 10:49:50,774 [INFO] ThirdPartyModel:298 - Start build external matchings
2025-07-09 10:49:51,236 [INFO] ThirdPartyModel:316 - End build external matchings
2025-07-09 10:49:51,294 [INFO] ImportTextPane:218 - (OptionalMessage_ERROR) IP (DMA) : Parameter (Instance) has Id (SPI1_TX) currently not set
2025-07-09 10:49:51,294 [INFO] ImportTextPane:218 - (OptionalMessage_ERROR) IP (DMA) : Parameter (Request) has Id (SPI1_TX) currently not set
2025-07-09 10:49:51,294 [INFO] ImportTextPane:218 - (OptionalMessage_ERROR) IP (DMA) : Parameter (Direction) has Id (SPI1_TX) currently not set
2025-07-09 10:49:51,294 [INFO] ImportTextPane:218 - (OptionalMessage_ERROR) IP (DMA) : Parameter (PeriphInc) has Id (SPI1_TX) currently not set
2025-07-09 10:49:51,294 [INFO] ImportTextPane:218 - (OptionalMessage_ERROR) IP (DMA) : Parameter (MemInc) has Id (SPI1_TX) currently not set
2025-07-09 10:49:51,295 [INFO] ImportTextPane:218 - (OptionalMessage_ERROR) IP (DMA) : Parameter (PeriphDataAlignment) has Id (SPI1_TX) currently not set
2025-07-09 10:49:51,295 [INFO] ImportTextPane:218 - (OptionalMessage_ERROR) IP (DMA) : Parameter (MemDataAlignment) has Id (SPI1_TX) currently not set
2025-07-09 10:49:51,295 [INFO] ImportTextPane:218 - (OptionalMessage_ERROR) IP (DMA) : Parameter (Mode) has Id (SPI1_TX) currently not set
2025-07-09 10:49:51,295 [INFO] ImportTextPane:218 - (OptionalMessage_ERROR) IP (DMA) : Parameter (Priority) has Id (SPI1_TX) currently not set
2025-07-09 10:49:51,295 [INFO] ImportTextPane:218 - (OptionalMessage_ERROR) IP (DMA) : Parameter (FIFOMode) has Id (SPI1_TX) currently not set
2025-07-09 10:49:51,295 [INFO] ImportTextPane:218 - (OptionalMessage_ERROR) IP (DMA) : Parameter (SignalID) has Id (SPI1_TX) currently not set
2025-07-09 10:49:51,295 [INFO] ImportTextPane:218 - (OptionalMessage_ERROR) IP (DMA) : Parameter (Polarity) has Id (SPI1_TX) currently not set
2025-07-09 10:49:51,295 [INFO] ImportTextPane:218 - (OptionalMessage_ERROR) IP (DMA) : Parameter (RequestNumber) has Id (SPI1_TX) currently not set
2025-07-09 10:49:51,296 [INFO] ImportTextPane:218 - (OptionalMessage_ERROR) IP (DMA) : Parameter (SyncSignalID) has Id (SPI1_TX) currently not set
2025-07-09 10:49:51,296 [INFO] ImportTextPane:218 - (OptionalMessage_ERROR) IP (DMA) : Parameter (SyncPolarity) has Id (SPI1_TX) currently not set
2025-07-09 10:49:51,296 [INFO] ImportTextPane:218 - (OptionalMessage_ERROR) IP (DMA) : Parameter (SyncEnable) has Id (SPI1_TX) currently not set
2025-07-09 10:49:51,296 [INFO] ImportTextPane:218 - (OptionalMessage_ERROR) IP (DMA) : Parameter (EventEnable) has Id (SPI1_TX) currently not set
2025-07-09 10:49:51,296 [INFO] ImportTextPane:218 - (OptionalMessage_ERROR) IP (DMA) : Parameter (SyncRequestNumber) has Id (SPI1_TX) currently not set
2025-07-09 10:49:51,302 [INFO] ImportTextPane:218 - (OptionalMessage_ERROR) IP (RCC) : Parameter (DFSDMACLkFreq_Value) has invalid value (480000000)
2025-07-09 10:49:51,307 [INFO] ImportTextPane:218 - (OptionalMessage_ERROR) IP (RCC) : Parameter (FDCANFreq_Value) has invalid value (480000000)
2025-07-09 10:49:51,308 [INFO] ImportTextPane:218 - (OptionalMessage_ERROR) IP (RCC) : Invalid parameter (FamilyName)
2025-07-09 10:49:51,308 [INFO] ImportTextPane:218 - (OptionalMessage_ERROR) IP (RCC) : Parameter (SAI1Freq_Value) has invalid value (480000000)
2025-07-09 10:49:51,308 [INFO] ImportTextPane:218 - (OptionalMessage_ERROR) IP (RCC) : Parameter (SAI23Freq_Value) has invalid value (480000000)
2025-07-09 10:49:51,308 [INFO] ImportTextPane:218 - (OptionalMessage_ERROR) IP (RCC) : Parameter (SAI4AFreq_Value) has invalid value (480000000)
2025-07-09 10:49:51,308 [INFO] ImportTextPane:218 - (OptionalMessage_ERROR) IP (RCC) : Parameter (SAI4BFreq_Value) has invalid value (480000000)
2025-07-09 10:49:51,308 [INFO] ImportTextPane:218 - (OptionalMessage_ERROR) IP (RCC) : Parameter (SDMMCFreq_Value) has invalid value (480000000)
2025-07-09 10:49:51,308 [INFO] ImportTextPane:218 - (OptionalMessage_ERROR) IP (RCC) : Parameter (SPDIFRXFreq_Value) has invalid value (480000000)
2025-07-09 10:49:51,309 [INFO] ImportTextPane:218 - (OptionalMessage_ERROR) IP (RCC) : Parameter (USBFreq_Value) has invalid value (480000000)
2025-07-09 10:49:52,470 [INFO] UtilMem:75 - End LoadConfig() Used Memory: 937620376 Bytes (1073741824)
2025-07-09 10:49:52,521 [WARN] ThirdParty:833 - waiting for thirdparty lock release [change project]
2025-07-09 10:49:52,522 [INFO] ThirdParty:835 - entering critical section [change project]
2025-07-09 10:49:52,522 [INFO] ThirdParty:1030 - CMSIS Pack Vendor :STMicroelectronics X-CUBE-PM33A1 1.0.0
2025-07-09 10:49:52,522 [INFO] ThirdParty:1030 - CMSIS Pack Vendor :STMicroelectronics USBPD 4.1
2025-07-09 10:49:52,522 [INFO] ThirdParty:1030 - CMSIS Pack Vendor :STMicroelectronics X-CUBE-AZRTOS-H7 3.3.0
2025-07-09 10:49:52,522 [INFO] ThirdParty:1030 - CMSIS Pack Vendor :STMicroelectronics X-CUBE-NFC9 1.0.0
2025-07-09 10:49:52,522 [INFO] ThirdParty:1030 - CMSIS Pack Vendor :wolfSSL I-CUBE-wolfSSL 5.8.0
2025-07-09 10:49:52,523 [INFO] ThirdParty:1030 - CMSIS Pack Vendor :STMicroelectronics USB_HOST 2.0.0
2025-07-09 10:49:52,523 [INFO] ThirdParty:1030 - CMSIS Pack Vendor :STMicroelectronics FP-SNS-MOTENVWB1 1.4.0
2025-07-09 10:49:52,523 [INFO] ThirdParty:1030 - CMSIS Pack Vendor :STMicroelectronics X-CUBE-AZRTOS-F4 1.1.0
2025-07-09 10:49:52,523 [INFO] ThirdParty:1030 - CMSIS Pack Vendor :STMicroelectronics LIBJPEG 8.0.0
2025-07-09 10:49:52,523 [INFO] ThirdParty:1030 - CMSIS Pack Vendor :STMicroelectronics FP-ATR-ASTRA1 2.0.2
2025-07-09 10:49:52,523 [INFO] ThirdParty:1030 - CMSIS Pack Vendor :STMicroelectronics X-CUBE-BLE1 7.1.0
2025-07-09 10:49:52,523 [INFO] ThirdParty:1030 - CMSIS Pack Vendor :Avnet-IotConnect X-CUBE-IoTC-DA16k-PMOD 1.0.0
2025-07-09 10:49:52,523 [INFO] ThirdParty:1030 - CMSIS Pack Vendor :STMicroelectronics X-CUBE-SMBUS 2.1.0
2025-07-09 10:49:52,523 [INFO] ThirdParty:1030 - CMSIS Pack Vendor :wolfSSL I-CUBE-wolfMQTT 1.19.2
2025-07-09 10:49:52,523 [INFO] ThirdParty:1030 - CMSIS Pack Vendor :STMicroelectronics USB_DEVICE 3.0.0
2025-07-09 10:49:52,524 [INFO] ThirdParty:1030 - CMSIS Pack Vendor :STMicroelectronics X-CUBE-ISPU 2.1.0
2025-07-09 10:49:52,524 [INFO] ThirdParty:1030 - CMSIS Pack Vendor :STMicroelectronics X-CUBE-AZRTOS-WB 2.0.0
2025-07-09 10:49:52,524 [INFO] ThirdParty:1030 - CMSIS Pack Vendor :STMicroelectronics X-CUBE-ST60 1.0.0
2025-07-09 10:49:52,524 [INFO] ThirdParty:1030 - CMSIS Pack Vendor :STMicroelectronics X-CUBE-GNSS1 7.0.1
2025-07-09 10:49:52,524 [INFO] ThirdParty:1030 - CMSIS Pack Vendor :STMicroelectronics X-CUBE-AZRTOS-F7 1.1.0
2025-07-09 10:49:52,525 [INFO] ThirdParty:1030 - CMSIS Pack Vendor :STMicroelectronics X-CUBE-AZRTOS-L5 2.0.0
2025-07-09 10:49:52,525 [INFO] ThirdParty:1030 - CMSIS Pack Vendor :STMicroelectronics X-CUBE-TOUCHGFX 4.25.0
2025-07-09 10:49:52,525 [INFO] ThirdParty:1030 - CMSIS Pack Vendor :STMicroelectronics USB_DEVICE 2.0.0
2025-07-09 10:49:52,525 [INFO] ThirdParty:1030 - CMSIS Pack Vendor :STMicroelectronics X-CUBE-NFC6 3.1.0
2025-07-09 10:49:52,525 [INFO] ThirdParty:1030 - CMSIS Pack Vendor :STMicroelectronics X-CUBE-AI 10.1.0
2025-07-09 10:49:52,525 [INFO] ThirdParty:1030 - CMSIS Pack Vendor :STMicroelectronics FP-SNS-STBOX1 2.0.0
2025-07-09 10:49:52,525 [INFO] ThirdParty:1030 - CMSIS Pack Vendor :STMicroelectronics X-CUBE-MEMS1 11.2.0
2025-07-09 10:49:52,525 [INFO] ThirdParty:1030 - CMSIS Pack Vendor :STMicroelectronics FreeRTOS 0.0.1
2025-07-09 10:49:52,525 [INFO] ThirdParty:1030 - CMSIS Pack Vendor :STMicroelectronics X-CUBE-AZRTOS-G0 1.1.0
2025-07-09 10:49:52,525 [INFO] ThirdParty:1030 - CMSIS Pack Vendor :STMicroelectronics X-CUBE-SAFEA1 1.2.2
2025-07-09 10:49:52,525 [INFO] ThirdParty:1030 - CMSIS Pack Vendor :STMicroelectronics X-CUBE-NFC4 3.0.0
2025-07-09 10:49:52,525 [INFO] ThirdParty:1030 - CMSIS Pack Vendor :STMicroelectronics X-CUBE-SUBG2 5.0.0
2025-07-09 10:49:52,525 [INFO] ThirdParty:1030 - CMSIS Pack Vendor :STMicroelectronics X-CUBE-AZRTOS-H7RS 1.1.0
2025-07-09 10:49:52,525 [INFO] ThirdParty:1030 - CMSIS Pack Vendor :STMicroelectronics STM32_WPAN 1.0.0
2025-07-09 10:49:52,525 [INFO] ThirdParty:1030 - CMSIS Pack Vendor :EmbeddedOffice I-CUBE-FS-RTOS 1.0.1
2025-07-09 10:49:52,525 [INFO] ThirdParty:1030 - CMSIS Pack Vendor :STMicroelectronics lwIP 2.0.3
2025-07-09 10:49:52,525 [INFO] ThirdParty:1030 - CMSIS Pack Vendor :Cesanta I-CUBE-Mongoose 7.13.0
2025-07-09 10:49:52,525 [INFO] ThirdParty:1030 - CMSIS Pack Vendor :STMicroelectronics USB_HOST 1.0.0
2025-07-09 10:49:52,525 [INFO] ThirdParty:1030 - CMSIS Pack Vendor :Infineon AIROC-Wi-Fi-Bluetooth-STM32 1.7.0
2025-07-09 10:49:52,525 [INFO] ThirdParty:1030 - CMSIS Pack Vendor :STMicroelectronics X-CUBE-AZRTOS-G4 2.0.0
2025-07-09 10:49:52,525 [INFO] ThirdParty:1030 - CMSIS Pack Vendor :STMicroelectronics X-CUBE-WB05N 2.0.0
2025-07-09 10:49:52,525 [INFO] ThirdParty:1030 - CMSIS Pack Vendor :STMicroelectronics PDM2PCM 3.1.0
2025-07-09 10:49:52,525 [INFO] ThirdParty:1030 - CMSIS Pack Vendor :STMicroelectronics PDM2PCM 3.3.0
2025-07-09 10:49:52,525 [INFO] ThirdParty:1030 - CMSIS Pack Vendor :wolfSSL I-CUBE-wolfTPM 3.8.0
2025-07-09 10:49:52,525 [INFO] ThirdParty:1030 - CMSIS Pack Vendor :STMicroelectronics X-CUBE-AZRTOS-H7 3.4.0
2025-07-09 10:49:52,525 [INFO] ThirdParty:1030 - CMSIS Pack Vendor :STMicroelectronics X-CUBE-DISPLAY 3.0.0
2025-07-09 10:49:52,525 [INFO] ThirdParty:1030 - CMSIS Pack Vendor :wolfSSL I-CUBE-wolfSSH 1.4.20
2025-07-09 10:49:52,525 [INFO] ThirdParty:1030 - CMSIS Pack Vendor :STMicroelectronics X-CUBE-NFC7 2.0.0
2025-07-09 10:49:52,525 [INFO] ThirdParty:1030 - CMSIS Pack Vendor :STMicroelectronics X-CUBE-TCPP 4.2.0
2025-07-09 10:49:52,525 [INFO] ThirdParty:1030 - CMSIS Pack Vendor :RealThread X-CUBE-RT-Thread_Nano 4.1.1
2025-07-09 10:49:52,526 [INFO] ThirdParty:1030 - CMSIS Pack Vendor :STMicroelectronics FP-ATR-SIGFOX1 3.2.0
2025-07-09 10:49:52,526 [INFO] ThirdParty:1030 - CMSIS Pack Vendor :STMicroelectronics X-CUBE-NFC10 1.0.0
2025-07-09 10:49:52,526 [INFO] ThirdParty:1030 - CMSIS Pack Vendor :STMicroelectronics X-CUBE-BLEMGR 4.0.0
2025-07-09 10:49:52,526 [INFO] ThirdParty:1030 - CMSIS Pack Vendor :STMicroelectronics X-CUBE-EEPRMA1 5.1.0
2025-07-09 10:49:52,526 [INFO] ThirdParty:1030 - CMSIS Pack Vendor :STMicroelectronics X-CUBE-FREERTOS 1.3.1
2025-07-09 10:49:52,526 [INFO] ThirdParty:1030 - CMSIS Pack Vendor :STMicroelectronics HAL Drivers 0.0.0
2025-07-09 10:49:52,526 [INFO] ThirdParty:1030 - CMSIS Pack Vendor :STMicroelectronics MBEDTLS 2.16.2
2025-07-09 10:49:52,526 [INFO] ThirdParty:1030 - CMSIS Pack Vendor :STMicroelectronics X-CUBE-IPS 3.1.0
2025-07-09 10:49:52,526 [INFO] ThirdParty:1030 - CMSIS Pack Vendor :STMicroelectronics X-CUBE-ALS 1.0.2
2025-07-09 10:49:52,526 [INFO] ThirdParty:1030 - CMSIS Pack Vendor :emotas I-CUBE-CANOPEN 1.3.0
2025-07-09 10:49:52,526 [INFO] ThirdParty:1030 - CMSIS Pack Vendor :STMicroelectronics MBEDTLS 2.14.1
2025-07-09 10:49:52,526 [INFO] ThirdParty:1030 - CMSIS Pack Vendor :ITTIA_DB I-CUBE-ITTIADB 8.9.0
2025-07-09 10:49:52,526 [INFO] ThirdParty:1030 - CMSIS Pack Vendor :portGmbH I-Cube-SoM-uGOAL 1.1.0
2025-07-09 10:49:52,526 [INFO] ThirdParty:1030 - CMSIS Pack Vendor :quantropi X-CUBE-qispace-sdk-base 2.0.0
2025-07-09 10:49:52,526 [INFO] ThirdParty:1030 - CMSIS Pack Vendor :STMicroelectronics X-CUBE-AI 10.0.0
2025-07-09 10:49:52,526 [INFO] ThirdParty:1030 - CMSIS Pack Vendor :STMicroelectronics X-CUBE-ST67W61 1.0.0
2025-07-09 10:49:52,526 [INFO] ThirdParty:1030 - CMSIS Pack Vendor :STMicroelectronics FP-SNS-STAIOTCFT 1.0.0
2025-07-09 10:49:52,526 [INFO] ThirdParty:1030 - CMSIS Pack Vendor :STMicroelectronics ThreadX 1.0.0
2025-07-09 10:49:52,526 [INFO] ThirdParty:1030 - CMSIS Pack Vendor :STMicroelectronics FP-SNS-SMARTAG2 1.2.0
2025-07-09 10:49:52,526 [INFO] ThirdParty:1030 - CMSIS Pack Vendor :STMicroelectronics FP-SNS-FLIGHT1 5.1.0
2025-07-09 10:49:52,526 [INFO] ThirdParty:1030 - CMSIS Pack Vendor :STMicroelectronics X-CUBE-AZRTOS-WL 2.0.0
2025-07-09 10:49:52,526 [INFO] ThirdParty:1030 - CMSIS Pack Vendor :SEGGER I-CUBE-embOS 1.3.1
2025-07-09 10:49:52,526 [INFO] ThirdParty:1030 - CMSIS Pack Vendor :STMicroelectronics X-CUBE-ALGOBUILD 1.4.0
2025-07-09 10:49:52,526 [INFO] ThirdParty:1030 - CMSIS Pack Vendor :STMicroelectronics X-CUBE-DPower 1.3.0
2025-07-09 10:49:52,526 [INFO] ThirdParty:1030 - CMSIS Pack Vendor :STMicroelectronics X-CUBE-MEMS1 11.3.0
2025-07-09 10:49:52,526 [INFO] ThirdParty:1030 - CMSIS Pack Vendor :STMicroelectronics FP-SNS-MOTENV1 5.0.0
2025-07-09 10:49:52,526 [INFO] ThirdParty:1030 - CMSIS Pack Vendor :STMicroelectronics USB_DEVICE 1.0.0
2025-07-09 10:49:52,526 [INFO] ThirdParty:1030 - CMSIS Pack Vendor :STMicroelectronics X-CUBE-AZRTOS-L4 2.0.0
2025-07-09 10:49:52,526 [INFO] ThirdParty:1030 - CMSIS Pack Vendor :STMicroelectronics ThreadX 0.0.2
2025-07-09 10:49:52,526 [INFO] ThirdParty:1030 - CMSIS Pack Vendor :WES I-CUBE-Cesium 1.3.0
2025-07-09 10:49:52,526 [INFO] ThirdParty:1030 - CMSIS Pack Vendor :STMicroelectronics lwIP 2.1.2
2025-07-09 10:49:52,526 [INFO] ThirdParty:1030 - CMSIS Pack Vendor :STMicroelectronics X-CUBE-SFXS2LP1 4.0.0
2025-07-09 10:49:52,526 [INFO] ThirdParty:1030 - CMSIS Pack Vendor :STMicroelectronics X-CUBE-BLE2 3.3.0
2025-07-09 10:49:52,526 [INFO] ThirdParty:1030 - CMSIS Pack Vendor :STMicroelectronics X-CUBE-TOF1 3.4.3
2025-07-09 10:49:52,526 [INFO] ThirdParty:1030 - CMSIS Pack Vendor :STMicroelectronics PDM2PCM 3.2.0
2025-07-09 10:49:52,526 [INFO] ThirdParty:841 - exiting critical section [change project]
2025-07-09 10:49:53,029 [INFO] PinOutPanel:1589 - setPackage(No Configuration,No Configuration)
2025-07-09 10:49:53,031 [INFO] PinOutPanel:1589 - setPackage(STM32H743XIHx,TFBGA240)
2025-07-09 10:49:53,934 [INFO] UtilMem:75 - Before build in PCC Used Memory: 838017568 Bytes (1073741824)
2025-07-09 10:49:54,333 [INFO] UtilMem:75 - After build in PCC Used Memory: 902502944 Bytes (1073741824)
2025-07-09 10:49:54,373 [INFO] IPUIPlugin:80 - create IPUIPlugin
2025-07-09 10:49:54,373 [INFO] IPUIPlugin:80 - create IPUIPlugin
2025-07-09 10:49:54,373 [INFO] IPUIPlugin:80 - create IPUIPlugin
2025-07-09 10:49:54,373 [INFO] IPUIPlugin:80 - create IPUIPlugin
2025-07-09 10:49:54,374 [INFO] IPUIPlugin:80 - create IPUIPlugin
2025-07-09 10:49:54,374 [INFO] IPUIPlugin:80 - create IPUIPlugin
2025-07-09 10:49:54,374 [INFO] IPUIPlugin:80 - create IPUIPlugin
2025-07-09 10:49:54,374 [INFO] IPUIPlugin:80 - create IPUIPlugin
2025-07-09 10:49:54,374 [INFO] IPUIPlugin:80 - create IPUIPlugin
2025-07-09 10:49:54,375 [INFO] IPUIPlugin:80 - create IPUIPlugin
2025-07-09 10:49:54,375 [INFO] IPUIPlugin:80 - create IPUIPlugin
2025-07-09 10:49:54,375 [INFO] IPUIPlugin:80 - create IPUIPlugin
2025-07-09 10:49:54,375 [INFO] IPUIPlugin:80 - create IPUIPlugin
2025-07-09 10:49:54,375 [INFO] IPUIPlugin:80 - create IPUIPlugin
2025-07-09 10:49:54,375 [INFO] IPUIPlugin:80 - create IPUIPlugin
2025-07-09 10:49:54,376 [INFO] IPUIPlugin:80 - create IPUIPlugin
2025-07-09 10:49:54,376 [INFO] IPUIPlugin:80 - create IPUIPlugin
2025-07-09 10:49:54,376 [INFO] IPUIPlugin:80 - create IPUIPlugin
2025-07-09 10:49:54,376 [INFO] IPUIPlugin:80 - create IPUIPlugin
2025-07-09 10:49:54,376 [INFO] IPUIPlugin:80 - create IPUIPlugin
2025-07-09 10:49:54,376 [INFO] IPUIPlugin:80 - create IPUIPlugin
2025-07-09 10:49:54,376 [INFO] IPUIPlugin:80 - create IPUIPlugin
2025-07-09 10:49:54,376 [INFO] IPUIPlugin:80 - create IPUIPlugin
2025-07-09 10:49:54,376 [INFO] IPUIPlugin:80 - create IPUIPlugin
2025-07-09 10:49:54,376 [INFO] IPUIPlugin:80 - create IPUIPlugin
2025-07-09 10:49:54,376 [INFO] IPUIPlugin:80 - create IPUIPlugin
2025-07-09 10:49:54,376 [INFO] IPUIPlugin:80 - create IPUIPlugin
2025-07-09 10:49:54,377 [INFO] IPUIPlugin:80 - create IPUIPlugin
2025-07-09 10:49:54,377 [INFO] IPUIPlugin:80 - create IPUIPlugin
2025-07-09 10:49:54,377 [INFO] IPUIPlugin:80 - create IPUIPlugin
2025-07-09 10:49:54,377 [INFO] IPUIPlugin:80 - create IPUIPlugin
2025-07-09 10:49:54,377 [INFO] IPUIPlugin:80 - create IPUIPlugin
2025-07-09 10:49:54,377 [INFO] IPUIPlugin:80 - create IPUIPlugin
2025-07-09 10:49:54,377 [INFO] IPUIPlugin:80 - create IPUIPlugin
2025-07-09 10:49:54,378 [INFO] IPUIPlugin:80 - create IPUIPlugin
2025-07-09 10:49:54,378 [INFO] IPUIPlugin:80 - create IPUIPlugin
2025-07-09 10:49:54,378 [INFO] IPUIPlugin:80 - create IPUIPlugin
2025-07-09 10:49:54,378 [INFO] IPUIPlugin:80 - create IPUIPlugin
2025-07-09 10:49:54,378 [INFO] IPUIPlugin:80 - create IPUIPlugin
2025-07-09 10:49:54,378 [INFO] IPUIPlugin:80 - create IPUIPlugin
2025-07-09 10:49:54,378 [INFO] IPUIPlugin:80 - create IPUIPlugin
2025-07-09 10:49:54,379 [INFO] IPUIPlugin:80 - create IPUIPlugin
2025-07-09 10:49:54,379 [INFO] IPUIPlugin:80 - create IPUIPlugin
2025-07-09 10:49:54,379 [INFO] IPUIPlugin:80 - create IPUIPlugin
2025-07-09 10:49:54,379 [INFO] IPUIPlugin:80 - create IPUIPlugin
2025-07-09 10:49:54,379 [INFO] IPUIPlugin:80 - create IPUIPlugin
2025-07-09 10:49:54,379 [INFO] IPUIPlugin:80 - create IPUIPlugin
2025-07-09 10:49:54,380 [INFO] IPUIPlugin:80 - create IPUIPlugin
2025-07-09 10:49:54,380 [INFO] IPUIPlugin:80 - create IPUIPlugin
2025-07-09 10:49:54,380 [INFO] IPUIPlugin:80 - create IPUIPlugin
2025-07-09 10:49:54,380 [INFO] IPUIPlugin:80 - create IPUIPlugin
2025-07-09 10:49:54,380 [INFO] IPUIPlugin:80 - create IPUIPlugin
2025-07-09 10:49:54,381 [INFO] IPUIPlugin:80 - create IPUIPlugin
2025-07-09 10:49:54,381 [INFO] IPUIPlugin:80 - create IPUIPlugin
2025-07-09 10:49:54,381 [INFO] IPUIPlugin:80 - create IPUIPlugin
2025-07-09 10:49:54,382 [INFO] IPUIPlugin:80 - create IPUIPlugin
2025-07-09 10:49:54,382 [INFO] IPUIPlugin:80 - create IPUIPlugin
2025-07-09 10:49:54,382 [INFO] IPUIPlugin:80 - create IPUIPlugin
2025-07-09 10:49:54,382 [INFO] IPUIPlugin:80 - create IPUIPlugin
2025-07-09 10:49:54,383 [INFO] IPUIPlugin:80 - create IPUIPlugin
2025-07-09 10:49:54,383 [INFO] IPUIPlugin:80 - create IPUIPlugin
2025-07-09 10:49:54,383 [INFO] IPUIPlugin:80 - create IPUIPlugin
2025-07-09 10:49:54,383 [INFO] IPUIPlugin:80 - create IPUIPlugin
2025-07-09 10:49:54,383 [INFO] IPUIPlugin:80 - create IPUIPlugin
2025-07-09 10:49:54,384 [INFO] IPUIPlugin:80 - create IPUIPlugin
2025-07-09 10:49:54,384 [INFO] IPUIPlugin:80 - create IPUIPlugin
2025-07-09 10:49:54,384 [INFO] IPUIPlugin:80 - create IPUIPlugin
2025-07-09 10:49:54,384 [INFO] IPUIPlugin:80 - create IPUIPlugin
2025-07-09 10:49:54,384 [INFO] IPUIPlugin:80 - create IPUIPlugin
2025-07-09 10:49:54,385 [INFO] IPUIPlugin:80 - create IPUIPlugin
2025-07-09 10:49:54,385 [INFO] IPUIPlugin:80 - create IPUIPlugin
2025-07-09 10:49:54,385 [INFO] IPUIPlugin:80 - create IPUIPlugin
2025-07-09 10:49:54,385 [INFO] IPUIPlugin:80 - create IPUIPlugin
2025-07-09 10:49:54,385 [INFO] IPUIPlugin:80 - create IPUIPlugin
2025-07-09 10:49:54,386 [INFO] IPUIPlugin:80 - create IPUIPlugin
2025-07-09 10:49:54,386 [INFO] IPUIPlugin:80 - create IPUIPlugin
2025-07-09 10:49:54,387 [INFO] IPUIPlugin:80 - create IPUIPlugin
2025-07-09 10:49:54,387 [INFO] IPUIPlugin:80 - create IPUIPlugin
2025-07-09 10:49:54,387 [INFO] IPUIPlugin:80 - create IPUIPlugin
2025-07-09 10:49:54,387 [INFO] IPUIPlugin:80 - create IPUIPlugin
2025-07-09 10:49:54,388 [INFO] IPUIPlugin:80 - create IPUIPlugin
2025-07-09 10:49:54,388 [INFO] IPUIPlugin:80 - create IPUIPlugin
2025-07-09 10:49:54,388 [INFO] IPUIPlugin:80 - create IPUIPlugin
2025-07-09 10:49:54,389 [INFO] IPUIPlugin:80 - create IPUIPlugin
2025-07-09 10:49:54,389 [INFO] IPUIPlugin:80 - create IPUIPlugin
2025-07-09 10:49:54,389 [INFO] IPUIPlugin:80 - create IPUIPlugin
2025-07-09 10:49:54,390 [INFO] IPUIPlugin:80 - create IPUIPlugin
2025-07-09 10:49:54,390 [INFO] IPUIPlugin:80 - create IPUIPlugin
2025-07-09 10:49:54,390 [INFO] IPUIPlugin:80 - create IPUIPlugin
2025-07-09 10:49:54,390 [INFO] IPUIPlugin:80 - create IPUIPlugin
2025-07-09 10:49:54,391 [INFO] IPUIPlugin:80 - create IPUIPlugin
2025-07-09 10:49:54,391 [INFO] IPUIPlugin:80 - create IPUIPlugin
2025-07-09 10:49:54,391 [INFO] IPUIPlugin:80 - create IPUIPlugin
2025-07-09 10:49:54,392 [INFO] IPUIPlugin:80 - create IPUIPlugin
2025-07-09 10:49:54,392 [INFO] IPUIPlugin:80 - create IPUIPlugin
2025-07-09 10:49:54,392 [INFO] IPUIPlugin:80 - create IPUIPlugin
2025-07-09 10:49:54,393 [INFO] IPUIPlugin:80 - create IPUIPlugin
2025-07-09 10:49:54,393 [INFO] IPUIPlugin:80 - create IPUIPlugin
2025-07-09 10:49:54,406 [INFO] ApiDbMcu:508 - Load IP Config File for PDM2PCM
2025-07-09 10:49:54,505 [INFO] CADModel:165 - CPN selected for project levelSTM32H743XIH6
2025-07-09 10:49:54,505 [INFO] CADModel:114 - Register for checkConnection events
2025-07-09 10:49:54,661 [INFO] OpenFileManager:385 - Restore cursor
2025-07-09 10:50:09,375 [INFO] MainUpdater:2872 - connection check result : 10
2025-07-09 10:50:09,375 [INFO] MainUpdater:2872 - connection check result : 10
2025-07-09 10:50:09,658 [INFO] MicroXplorer:468 - Change Database Path : 
2025-07-09 10:50:09,658 [INFO] MicroXplorer:498 - Change Database Version : DB.6.0.141
2025-07-09 10:50:09,671 [ERROR] ProjectManagerView:395 - 
java.lang.NullPointerException: Cannot invoke "javax.swing.JTextField.getText()" because the return value of "java.util.List.get(int)" is null
	at com.st.microxplorer.plugins.projectmanager.gui.ProjectChoiceTab$9.caretUpdate(ProjectChoiceTab.java:2678) ~[filemanager.jar:?]
	at javax.swing.text.JTextComponent.fireCaretUpdate(JTextComponent.java:408) ~[?:?]
	at javax.swing.text.JTextComponent$MutableCaretEvent.fire(JTextComponent.java:4484) ~[?:?]
	at javax.swing.text.JTextComponent$MutableCaretEvent.stateChanged(JTextComponent.java:4506) ~[?:?]
	at javax.swing.text.DefaultCaret.fireStateChanged(DefaultCaret.java:857) ~[?:?]
	at javax.swing.text.DefaultCaret.changeCaretPosition(DefaultCaret.java:1343) ~[?:?]
	at javax.swing.text.DefaultCaret.handleSetDot(DefaultCaret.java:1242) ~[?:?]
	at javax.swing.text.DefaultCaret.setDot(DefaultCaret.java:1223) ~[?:?]
	at javax.swing.text.DefaultCaret$Handler.insertUpdate(DefaultCaret.java:1819) ~[?:?]
	at javax.swing.text.AbstractDocument.fireInsertUpdate(AbstractDocument.java:227) ~[?:?]
	at javax.swing.text.AbstractDocument.handleInsertString(AbstractDocument.java:781) ~[?:?]
	at javax.swing.text.AbstractDocument.insertString(AbstractDocument.java:740) ~[?:?]
	at javax.swing.text.PlainDocument.insertString(PlainDocument.java:131) ~[?:?]
	at javax.swing.text.AbstractDocument.replace(AbstractDocument.java:699) ~[?:?]
	at javax.swing.text.JTextComponent.setText(JTextComponent.java:1725) ~[?:?]
	at com.st.microxplorer.plugins.projectmanager.gui.ProjectChoiceTab.createHeapStackFields(ProjectChoiceTab.java:979) ~[filemanager.jar:?]
	at com.st.microxplorer.plugins.projectmanager.gui.ProjectChoiceTab.buildLinkSettingsPanel(ProjectChoiceTab.java:3766) ~[filemanager.jar:?]
	at com.st.microxplorer.plugins.projectmanager.gui.ProjectChoiceTab.defineWindowsFields(ProjectChoiceTab.java:1962) ~[filemanager.jar:?]
	at com.st.microxplorer.plugins.projectmanager.gui.ProjectChoiceTab.updateSettings(ProjectChoiceTab.java:555) ~[filemanager.jar:?]
	at com.st.microxplorer.plugins.projectmanager.gui.ProjectSettingsPanel.UpdateDialog(ProjectSettingsPanel.java:245) ~[filemanager.jar:?]
	at com.st.microxplorer.plugins.projectmanager.ProjectManagerView.propertyChange(ProjectManagerView.java:392) ~[filemanager.jar:?]
	at java.beans.PropertyChangeSupport.fire(PropertyChangeSupport.java:343) ~[?:?]
	at java.beans.PropertyChangeSupport.firePropertyChange(PropertyChangeSupport.java:335) ~[?:?]
	at java.beans.PropertyChangeSupport.firePropertyChange(PropertyChangeSupport.java:268) ~[?:?]
	at com.st.microxplorer.util.MXPropertyChangeSupport.firePropertyChange(MXPropertyChangeSupport.java:54) ~[STM32CubeMX.jar:?]
	at com.st.microxplorer.mxsystem.MxSystem.closeConfig(MxSystem.java:899) ~[STM32CubeMX.jar:?]
	at com.st.microxplorer.maingui.MainPanel.closeConfig(MainPanel.java:789) ~[STM32CubeMX.jar:?]
	at com.st.microxplorer.plugins.filemanager.engine.OpenFileManager.loadConfigurationFile(OpenFileManager.java:287) ~[filemanager.jar:?]
	at com.st.microxplorer.plugins.filemanager.engine.MainFileManager.userLoadConfig(MainFileManager.java:341) ~[filemanager.jar:?]
	at com.st.microxplorer.plugins.filemanager.engine.MainFileManager.userLoadConfig(MainFileManager.java:319) ~[filemanager.jar:?]
	at com.st.microxplorer.plugins.filemanager.FileManagerView.getSpecificTask(FileManagerView.java:246) ~[filemanager.jar:?]
	at com.st.stm32cube.common.mx.editor.CubeMxEditor.getMxTabbedPaneInstance(CubeMxEditor.java:1198) ~[com.st.stm32cube.common.mx_6.14.1.202504091515/:?]
	at com.st.stm32cube.common.mx.editor.CubeMxEditor$12$1.createSwingComponent(CubeMxEditor.java:1068) ~[com.st.stm32cube.common.mx_6.14.1.202504091515/:?]
	at com.st.stm32cube.common.mx.oss.core.awtswtbridge.EmbeddedSwingComposite.doComponentCreation(EmbeddedSwingComposite.java:492) ~[com.st.stm32cube.common.mx.oss_6.14.1.202504091515/:?]
	at com.st.stm32cube.common.mx.oss.core.awtswtbridge.EmbeddedSwingComposite$4.run(EmbeddedSwingComposite.java:291) ~[com.st.stm32cube.common.mx.oss_6.14.1.202504091515/:?]
	at com.st.stm32cube.common.mx.oss.core.awtswtbridge.AwtEnvironment$2.run(AwtEnvironment.java:166) ~[com.st.stm32cube.common.mx.oss_6.14.1.202504091515/:?]
	at java.awt.event.InvocationEvent.dispatch(InvocationEvent.java:318) ~[?:?]
	at java.awt.EventQueue.dispatchEventImpl(EventQueue.java:773) ~[?:?]
	at java.awt.EventQueue$4.run(EventQueue.java:720) ~[?:?]
	at java.awt.EventQueue$4.run(EventQueue.java:714) ~[?:?]
	at java.security.AccessController.doPrivileged(AccessController.java:400) ~[?:?]
	at java.security.ProtectionDomain$JavaSecurityAccessImpl.doIntersectionPrivilege(ProtectionDomain.java:87) ~[?:?]
	at java.awt.EventQueue.dispatchEvent(EventQueue.java:742) ~[?:?]
	at java.awt.EventDispatchThread.pumpOneEventForFilters(EventDispatchThread.java:203) ~[?:?]
	at java.awt.EventDispatchThread.pumpEventsForFilter(EventDispatchThread.java:124) ~[?:?]
	at java.awt.EventDispatchThread.pumpEventsForHierarchy(EventDispatchThread.java:113) ~[?:?]
	at java.awt.EventDispatchThread.pumpEvents(EventDispatchThread.java:109) ~[?:?]
	at java.awt.EventDispatchThread.pumpEvents(EventDispatchThread.java:101) ~[?:?]
	at java.awt.EventDispatchThread.run(EventDispatchThread.java:90) ~[?:?]
2025-07-09 10:50:09,673 [WARN] ThirdParty:871 - waiting for thirdparty lock release [close project]
2025-07-09 10:50:09,673 [INFO] ThirdParty:873 - entering critical section [close project]
2025-07-09 10:50:09,673 [INFO] ThirdParty:883 - exiting critical section [close project]
2025-07-09 10:50:09,674 [INFO] PinOutPanel:1589 - setPackage(No Configuration,No Configuration)
2025-07-09 10:50:09,680 [WARN] IpParametersView:155 - Warning: This peripheral hasn't parameters
2025-07-09 10:50:09,683 [WARN] MainPanel:289 - <html><b><center>Warning: This peripheral has no parameters to be configured<br></b></html>
2025-07-09 10:50:09,685 [INFO] UtilMem:75 - Begin LoadConfig() Used Memory: 844177992 Bytes (1073741824)
2025-07-09 10:50:09,686 [INFO] MicroXplorer:468 - Change Database Path : 
2025-07-09 10:50:09,686 [INFO] MicroXplorer:498 - Change Database Version : DB.6.0.141
2025-07-09 10:50:09,686 [INFO] OpenFileManager:354 - Change cursor
2025-07-09 10:50:09,692 [INFO] Mcu:2011 - Initializing MCU STM32H743XIHx STM32H743XIHx STM32H743XIH6
2025-07-09 10:50:12,668 [INFO] Context:756 - Trying to add GPIOservice into a context  which must be forbidden
2025-07-09 10:50:13,632 [INFO] ImportTextPane:218 - (OptionalMessage_ERROR) Pin53 (VP_RIF_VS_RIF1) cannot be retrieved for this MCU
2025-07-09 10:50:13,714 [INFO] RtosManager:558 - Registered RTOS mode: class=CMSIS, group=RTOS, mode=CMSIS_V1, owner=FREERTOS
2025-07-09 10:50:13,714 [INFO] RtosManager:558 - Registered RTOS mode: class=CMSIS, group=RTOS2, mode=CMSIS_V2, owner=FREERTOS
2025-07-09 10:50:13,714 [INFO] RtosManager:558 - Registered RTOS mode: class=RTOS, group=Core, mode=CMSIS_V1, owner=FREERTOS
2025-07-09 10:50:13,714 [INFO] RtosManager:558 - Registered RTOS mode: class=RTOS, group=Core, mode=CMSIS_V2, owner=FREERTOS
2025-07-09 10:50:13,714 [WARN] ModelIntegratedComponent:184 - Missing modes for component STMicroelectronics:FreeRTOS:0.0.1:STMicroelectronics:RTOS:FreeRTOS:Core:::10.2.0:
2025-07-09 10:50:13,721 [WARN] ModelIntegratedComponent:63 - No mode defined for component null
2025-07-09 10:50:13,721 [WARN] ModelIntegratedComponent:63 - No mode defined for component null
2025-07-09 10:50:13,721 [WARN] ModelIntegratedComponent:63 - No mode defined for component null
2025-07-09 10:50:13,721 [WARN] ModelIntegratedComponent:63 - No mode defined for component null
2025-07-09 10:50:13,721 [WARN] ModelIntegratedComponent:63 - No mode defined for component null
2025-07-09 10:50:13,721 [WARN] ModelIntegratedComponent:63 - No mode defined for component null
2025-07-09 10:50:13,721 [WARN] ModelIntegratedComponent:63 - No mode defined for component null
2025-07-09 10:50:13,721 [WARN] ModelIntegratedComponent:63 - No mode defined for component null
2025-07-09 10:50:13,721 [WARN] ModelIntegratedComponent:63 - No mode defined for component null
2025-07-09 10:50:13,721 [WARN] ModelIntegratedComponent:63 - No mode defined for component null
2025-07-09 10:50:13,721 [WARN] ModelIntegratedComponent:63 - No mode defined for component null
2025-07-09 10:50:13,721 [WARN] ModelIntegratedComponent:63 - No mode defined for component null
2025-07-09 10:50:13,721 [WARN] ModelIntegratedComponent:63 - No mode defined for component null
2025-07-09 10:50:13,721 [WARN] ModelIntegratedComponent:63 - No mode defined for component null
2025-07-09 10:50:13,721 [WARN] ModelIntegratedComponent:63 - No mode defined for component null
2025-07-09 10:50:13,721 [WARN] ModelIntegratedComponent:63 - No mode defined for component null
2025-07-09 10:50:13,721 [WARN] ModelIntegratedComponent:63 - No mode defined for component null
2025-07-09 10:50:13,721 [WARN] ModelIntegratedComponent:63 - No mode defined for component null
2025-07-09 10:50:13,721 [WARN] ModelIntegratedComponent:63 - No mode defined for component null
2025-07-09 10:50:13,721 [WARN] ModelIntegratedComponent:63 - No mode defined for component null
2025-07-09 10:50:13,721 [WARN] ModelIntegratedComponent:63 - No mode defined for component null
2025-07-09 10:50:13,722 [WARN] ModelIntegratedComponent:63 - No mode defined for component null
2025-07-09 10:50:13,722 [WARN] ModelIntegratedComponent:63 - No mode defined for component null
2025-07-09 10:50:13,722 [WARN] ModelIntegratedComponent:63 - No mode defined for component null
2025-07-09 10:50:13,722 [WARN] ModelIntegratedComponent:63 - No mode defined for component null
2025-07-09 10:50:13,722 [WARN] ModelIntegratedComponent:63 - No mode defined for component null
2025-07-09 10:50:13,722 [WARN] ModelIntegratedComponent:63 - No mode defined for component null
2025-07-09 10:50:13,722 [WARN] ModelIntegratedComponent:63 - No mode defined for component null
2025-07-09 10:50:13,722 [WARN] ModelIntegratedComponent:63 - No mode defined for component null
2025-07-09 10:50:13,722 [WARN] ModelIntegratedComponent:63 - No mode defined for component null
2025-07-09 10:50:13,722 [WARN] ModelIntegratedComponent:63 - No mode defined for component null
2025-07-09 10:50:13,722 [WARN] ModelIntegratedComponent:63 - No mode defined for component null
2025-07-09 10:50:13,722 [WARN] ModelIntegratedComponent:63 - No mode defined for component null
2025-07-09 10:50:13,722 [WARN] ModelIntegratedComponent:63 - No mode defined for component null
2025-07-09 10:50:13,722 [WARN] ModelIntegratedComponent:63 - No mode defined for component null
2025-07-09 10:50:13,722 [WARN] ModelPack:524 - Component already loaded: STMicroelectronics:HAL Drivers:0.0.0:STMicroelectronics:Device:STMicro_Driver:XSPI:HAL::0.0.1:HAL_XSPI
2025-07-09 10:50:13,773 [INFO] ThirdPartyModel:298 - Start build external matchings
2025-07-09 10:50:14,129 [INFO] ThirdPartyModel:316 - End build external matchings
2025-07-09 10:50:14,141 [INFO] ImportTextPane:218 - (OptionalMessage_ERROR) IP (DMA) : Parameter (Instance) has Id (SPI1_TX) currently not set
2025-07-09 10:50:14,142 [INFO] ImportTextPane:218 - (OptionalMessage_ERROR) IP (DMA) : Parameter (Request) has Id (SPI1_TX) currently not set
2025-07-09 10:50:14,142 [INFO] ImportTextPane:218 - (OptionalMessage_ERROR) IP (DMA) : Parameter (Direction) has Id (SPI1_TX) currently not set
2025-07-09 10:50:14,142 [INFO] ImportTextPane:218 - (OptionalMessage_ERROR) IP (DMA) : Parameter (PeriphInc) has Id (SPI1_TX) currently not set
2025-07-09 10:50:14,142 [INFO] ImportTextPane:218 - (OptionalMessage_ERROR) IP (DMA) : Parameter (MemInc) has Id (SPI1_TX) currently not set
2025-07-09 10:50:14,142 [INFO] ImportTextPane:218 - (OptionalMessage_ERROR) IP (DMA) : Parameter (PeriphDataAlignment) has Id (SPI1_TX) currently not set
2025-07-09 10:50:14,142 [INFO] ImportTextPane:218 - (OptionalMessage_ERROR) IP (DMA) : Parameter (MemDataAlignment) has Id (SPI1_TX) currently not set
2025-07-09 10:50:14,142 [INFO] ImportTextPane:218 - (OptionalMessage_ERROR) IP (DMA) : Parameter (Mode) has Id (SPI1_TX) currently not set
2025-07-09 10:50:14,142 [INFO] ImportTextPane:218 - (OptionalMessage_ERROR) IP (DMA) : Parameter (Priority) has Id (SPI1_TX) currently not set
2025-07-09 10:50:14,142 [INFO] ImportTextPane:218 - (OptionalMessage_ERROR) IP (DMA) : Parameter (FIFOMode) has Id (SPI1_TX) currently not set
2025-07-09 10:50:14,142 [INFO] ImportTextPane:218 - (OptionalMessage_ERROR) IP (DMA) : Parameter (SignalID) has Id (SPI1_TX) currently not set
2025-07-09 10:50:14,142 [INFO] ImportTextPane:218 - (OptionalMessage_ERROR) IP (DMA) : Parameter (Polarity) has Id (SPI1_TX) currently not set
2025-07-09 10:50:14,142 [INFO] ImportTextPane:218 - (OptionalMessage_ERROR) IP (DMA) : Parameter (RequestNumber) has Id (SPI1_TX) currently not set
2025-07-09 10:50:14,142 [INFO] ImportTextPane:218 - (OptionalMessage_ERROR) IP (DMA) : Parameter (SyncSignalID) has Id (SPI1_TX) currently not set
2025-07-09 10:50:14,142 [INFO] ImportTextPane:218 - (OptionalMessage_ERROR) IP (DMA) : Parameter (SyncPolarity) has Id (SPI1_TX) currently not set
2025-07-09 10:50:14,142 [INFO] ImportTextPane:218 - (OptionalMessage_ERROR) IP (DMA) : Parameter (SyncEnable) has Id (SPI1_TX) currently not set
2025-07-09 10:50:14,142 [INFO] ImportTextPane:218 - (OptionalMessage_ERROR) IP (DMA) : Parameter (EventEnable) has Id (SPI1_TX) currently not set
2025-07-09 10:50:14,142 [INFO] ImportTextPane:218 - (OptionalMessage_ERROR) IP (DMA) : Parameter (SyncRequestNumber) has Id (SPI1_TX) currently not set
2025-07-09 10:50:14,144 [INFO] ImportTextPane:218 - (OptionalMessage_ERROR) IP (RCC) : Parameter (DFSDMACLkFreq_Value) has invalid value (480000000)
2025-07-09 10:50:14,147 [INFO] ImportTextPane:218 - (OptionalMessage_ERROR) IP (RCC) : Parameter (FDCANFreq_Value) has invalid value (480000000)
2025-07-09 10:50:14,147 [INFO] ImportTextPane:218 - (OptionalMessage_ERROR) IP (RCC) : Invalid parameter (FamilyName)
2025-07-09 10:50:14,148 [INFO] ImportTextPane:218 - (OptionalMessage_ERROR) IP (RCC) : Parameter (SAI1Freq_Value) has invalid value (480000000)
2025-07-09 10:50:14,148 [INFO] ImportTextPane:218 - (OptionalMessage_ERROR) IP (RCC) : Parameter (SAI23Freq_Value) has invalid value (480000000)
2025-07-09 10:50:14,148 [INFO] ImportTextPane:218 - (OptionalMessage_ERROR) IP (RCC) : Parameter (SAI4AFreq_Value) has invalid value (480000000)
2025-07-09 10:50:14,148 [INFO] ImportTextPane:218 - (OptionalMessage_ERROR) IP (RCC) : Parameter (SAI4BFreq_Value) has invalid value (480000000)
2025-07-09 10:50:14,148 [INFO] ImportTextPane:218 - (OptionalMessage_ERROR) IP (RCC) : Parameter (SDMMCFreq_Value) has invalid value (480000000)
2025-07-09 10:50:14,148 [INFO] ImportTextPane:218 - (OptionalMessage_ERROR) IP (RCC) : Parameter (SPDIFRXFreq_Value) has invalid value (480000000)
2025-07-09 10:50:14,148 [INFO] ImportTextPane:218 - (OptionalMessage_ERROR) IP (RCC) : Parameter (USBFreq_Value) has invalid value (480000000)
2025-07-09 10:50:14,802 [INFO] UtilMem:75 - End LoadConfig() Used Memory: 994930248 Bytes (1073741824)
2025-07-09 10:50:14,851 [WARN] ThirdParty:833 - waiting for thirdparty lock release [change project]
2025-07-09 10:50:14,851 [INFO] ThirdParty:835 - entering critical section [change project]
2025-07-09 10:50:14,851 [INFO] ThirdParty:1030 - CMSIS Pack Vendor :STMicroelectronics X-CUBE-PM33A1 1.0.0
2025-07-09 10:50:14,851 [INFO] ThirdParty:1030 - CMSIS Pack Vendor :STMicroelectronics USBPD 4.1
2025-07-09 10:50:14,851 [INFO] ThirdParty:1030 - CMSIS Pack Vendor :STMicroelectronics X-CUBE-AZRTOS-H7 3.3.0
2025-07-09 10:50:14,851 [INFO] ThirdParty:1030 - CMSIS Pack Vendor :STMicroelectronics X-CUBE-NFC9 1.0.0
2025-07-09 10:50:14,851 [INFO] ThirdParty:1030 - CMSIS Pack Vendor :wolfSSL I-CUBE-wolfSSL 5.8.0
2025-07-09 10:50:14,851 [INFO] ThirdParty:1030 - CMSIS Pack Vendor :STMicroelectronics USB_HOST 2.0.0
2025-07-09 10:50:14,851 [INFO] ThirdParty:1030 - CMSIS Pack Vendor :STMicroelectronics FP-SNS-MOTENVWB1 1.4.0
2025-07-09 10:50:14,851 [INFO] ThirdParty:1030 - CMSIS Pack Vendor :STMicroelectronics X-CUBE-AZRTOS-F4 1.1.0
2025-07-09 10:50:14,851 [INFO] ThirdParty:1030 - CMSIS Pack Vendor :STMicroelectronics LIBJPEG 8.0.0
2025-07-09 10:50:14,851 [INFO] ThirdParty:1030 - CMSIS Pack Vendor :STMicroelectronics FP-ATR-ASTRA1 2.0.2
2025-07-09 10:50:14,851 [INFO] ThirdParty:1030 - CMSIS Pack Vendor :STMicroelectronics X-CUBE-BLE1 7.1.0
2025-07-09 10:50:14,851 [INFO] ThirdParty:1030 - CMSIS Pack Vendor :Avnet-IotConnect X-CUBE-IoTC-DA16k-PMOD 1.0.0
2025-07-09 10:50:14,851 [INFO] ThirdParty:1030 - CMSIS Pack Vendor :STMicroelectronics X-CUBE-SMBUS 2.1.0
2025-07-09 10:50:14,851 [INFO] ThirdParty:1030 - CMSIS Pack Vendor :wolfSSL I-CUBE-wolfMQTT 1.19.2
2025-07-09 10:50:14,851 [INFO] ThirdParty:1030 - CMSIS Pack Vendor :STMicroelectronics USB_DEVICE 3.0.0
2025-07-09 10:50:14,851 [INFO] ThirdParty:1030 - CMSIS Pack Vendor :STMicroelectronics X-CUBE-ISPU 2.1.0
2025-07-09 10:50:14,851 [INFO] ThirdParty:1030 - CMSIS Pack Vendor :STMicroelectronics X-CUBE-AZRTOS-WB 2.0.0
2025-07-09 10:50:14,851 [INFO] ThirdParty:1030 - CMSIS Pack Vendor :STMicroelectronics X-CUBE-ST60 1.0.0
2025-07-09 10:50:14,851 [INFO] ThirdParty:1030 - CMSIS Pack Vendor :STMicroelectronics X-CUBE-GNSS1 7.0.1
2025-07-09 10:50:14,851 [INFO] ThirdParty:1030 - CMSIS Pack Vendor :STMicroelectronics X-CUBE-AZRTOS-F7 1.1.0
2025-07-09 10:50:14,851 [INFO] ThirdParty:1030 - CMSIS Pack Vendor :STMicroelectronics X-CUBE-AZRTOS-L5 2.0.0
2025-07-09 10:50:14,851 [INFO] ThirdParty:1030 - CMSIS Pack Vendor :STMicroelectronics X-CUBE-TOUCHGFX 4.25.0
2025-07-09 10:50:14,851 [INFO] ThirdParty:1030 - CMSIS Pack Vendor :STMicroelectronics USB_DEVICE 2.0.0
2025-07-09 10:50:14,851 [INFO] ThirdParty:1030 - CMSIS Pack Vendor :STMicroelectronics X-CUBE-NFC6 3.1.0
2025-07-09 10:50:14,851 [INFO] ThirdParty:1030 - CMSIS Pack Vendor :STMicroelectronics X-CUBE-AI 10.1.0
2025-07-09 10:50:14,851 [INFO] ThirdParty:1030 - CMSIS Pack Vendor :STMicroelectronics FP-SNS-STBOX1 2.0.0
2025-07-09 10:50:14,851 [INFO] ThirdParty:1030 - CMSIS Pack Vendor :STMicroelectronics X-CUBE-MEMS1 11.2.0
2025-07-09 10:50:14,851 [INFO] ThirdParty:1030 - CMSIS Pack Vendor :STMicroelectronics FreeRTOS 0.0.1
2025-07-09 10:50:14,851 [INFO] ThirdParty:1030 - CMSIS Pack Vendor :STMicroelectronics X-CUBE-AZRTOS-G0 1.1.0
2025-07-09 10:50:14,851 [INFO] ThirdParty:1030 - CMSIS Pack Vendor :STMicroelectronics X-CUBE-SAFEA1 1.2.2
2025-07-09 10:50:14,851 [INFO] ThirdParty:1030 - CMSIS Pack Vendor :STMicroelectronics X-CUBE-NFC4 3.0.0
2025-07-09 10:50:14,851 [INFO] ThirdParty:1030 - CMSIS Pack Vendor :STMicroelectronics X-CUBE-SUBG2 5.0.0
2025-07-09 10:50:14,851 [INFO] ThirdParty:1030 - CMSIS Pack Vendor :STMicroelectronics X-CUBE-AZRTOS-H7RS 1.1.0
2025-07-09 10:50:14,852 [INFO] ThirdParty:1030 - CMSIS Pack Vendor :STMicroelectronics STM32_WPAN 1.0.0
2025-07-09 10:50:14,852 [INFO] ThirdParty:1030 - CMSIS Pack Vendor :EmbeddedOffice I-CUBE-FS-RTOS 1.0.1
2025-07-09 10:50:14,852 [INFO] ThirdParty:1030 - CMSIS Pack Vendor :STMicroelectronics lwIP 2.0.3
2025-07-09 10:50:14,852 [INFO] ThirdParty:1030 - CMSIS Pack Vendor :Cesanta I-CUBE-Mongoose 7.13.0
2025-07-09 10:50:14,852 [INFO] ThirdParty:1030 - CMSIS Pack Vendor :STMicroelectronics USB_HOST 1.0.0
2025-07-09 10:50:14,852 [INFO] ThirdParty:1030 - CMSIS Pack Vendor :Infineon AIROC-Wi-Fi-Bluetooth-STM32 1.7.0
2025-07-09 10:50:14,852 [INFO] ThirdParty:1030 - CMSIS Pack Vendor :STMicroelectronics X-CUBE-AZRTOS-G4 2.0.0
2025-07-09 10:50:14,852 [INFO] ThirdParty:1030 - CMSIS Pack Vendor :STMicroelectronics X-CUBE-WB05N 2.0.0
2025-07-09 10:50:14,852 [INFO] ThirdParty:1030 - CMSIS Pack Vendor :STMicroelectronics PDM2PCM 3.1.0
2025-07-09 10:50:14,852 [INFO] ThirdParty:1030 - CMSIS Pack Vendor :STMicroelectronics PDM2PCM 3.3.0
2025-07-09 10:50:14,852 [INFO] ThirdParty:1030 - CMSIS Pack Vendor :wolfSSL I-CUBE-wolfTPM 3.8.0
2025-07-09 10:50:14,852 [INFO] ThirdParty:1030 - CMSIS Pack Vendor :STMicroelectronics X-CUBE-AZRTOS-H7 3.4.0
2025-07-09 10:50:14,852 [INFO] ThirdParty:1030 - CMSIS Pack Vendor :STMicroelectronics X-CUBE-DISPLAY 3.0.0
2025-07-09 10:50:14,852 [INFO] ThirdParty:1030 - CMSIS Pack Vendor :wolfSSL I-CUBE-wolfSSH 1.4.20
2025-07-09 10:50:14,852 [INFO] ThirdParty:1030 - CMSIS Pack Vendor :STMicroelectronics X-CUBE-NFC7 2.0.0
2025-07-09 10:50:14,852 [INFO] ThirdParty:1030 - CMSIS Pack Vendor :STMicroelectronics X-CUBE-TCPP 4.2.0
2025-07-09 10:50:14,852 [INFO] ThirdParty:1030 - CMSIS Pack Vendor :RealThread X-CUBE-RT-Thread_Nano 4.1.1
2025-07-09 10:50:14,852 [INFO] ThirdParty:1030 - CMSIS Pack Vendor :STMicroelectronics FP-ATR-SIGFOX1 3.2.0
2025-07-09 10:50:14,852 [INFO] ThirdParty:1030 - CMSIS Pack Vendor :STMicroelectronics X-CUBE-NFC10 1.0.0
2025-07-09 10:50:14,852 [INFO] ThirdParty:1030 - CMSIS Pack Vendor :STMicroelectronics X-CUBE-BLEMGR 4.0.0
2025-07-09 10:50:14,852 [INFO] ThirdParty:1030 - CMSIS Pack Vendor :STMicroelectronics X-CUBE-EEPRMA1 5.1.0
2025-07-09 10:50:14,852 [INFO] ThirdParty:1030 - CMSIS Pack Vendor :STMicroelectronics X-CUBE-FREERTOS 1.3.1
2025-07-09 10:50:14,852 [INFO] ThirdParty:1030 - CMSIS Pack Vendor :STMicroelectronics HAL Drivers 0.0.0
2025-07-09 10:50:14,852 [INFO] ThirdParty:1030 - CMSIS Pack Vendor :STMicroelectronics MBEDTLS 2.16.2
2025-07-09 10:50:14,852 [INFO] ThirdParty:1030 - CMSIS Pack Vendor :STMicroelectronics X-CUBE-IPS 3.1.0
2025-07-09 10:50:14,852 [INFO] ThirdParty:1030 - CMSIS Pack Vendor :STMicroelectronics X-CUBE-ALS 1.0.2
2025-07-09 10:50:14,852 [INFO] ThirdParty:1030 - CMSIS Pack Vendor :emotas I-CUBE-CANOPEN 1.3.0
2025-07-09 10:50:14,852 [INFO] ThirdParty:1030 - CMSIS Pack Vendor :STMicroelectronics MBEDTLS 2.14.1
2025-07-09 10:50:14,852 [INFO] ThirdParty:1030 - CMSIS Pack Vendor :ITTIA_DB I-CUBE-ITTIADB 8.9.0
2025-07-09 10:50:14,852 [INFO] ThirdParty:1030 - CMSIS Pack Vendor :portGmbH I-Cube-SoM-uGOAL 1.1.0
2025-07-09 10:50:14,852 [INFO] ThirdParty:1030 - CMSIS Pack Vendor :quantropi X-CUBE-qispace-sdk-base 2.0.0
2025-07-09 10:50:14,852 [INFO] ThirdParty:1030 - CMSIS Pack Vendor :STMicroelectronics X-CUBE-AI 10.0.0
2025-07-09 10:50:14,852 [INFO] ThirdParty:1030 - CMSIS Pack Vendor :STMicroelectronics X-CUBE-ST67W61 1.0.0
2025-07-09 10:50:14,852 [INFO] ThirdParty:1030 - CMSIS Pack Vendor :STMicroelectronics FP-SNS-STAIOTCFT 1.0.0
2025-07-09 10:50:14,852 [INFO] ThirdParty:1030 - CMSIS Pack Vendor :STMicroelectronics ThreadX 1.0.0
2025-07-09 10:50:14,852 [INFO] ThirdParty:1030 - CMSIS Pack Vendor :STMicroelectronics FP-SNS-SMARTAG2 1.2.0
2025-07-09 10:50:14,852 [INFO] ThirdParty:1030 - CMSIS Pack Vendor :STMicroelectronics FP-SNS-FLIGHT1 5.1.0
2025-07-09 10:50:14,852 [INFO] ThirdParty:1030 - CMSIS Pack Vendor :STMicroelectronics X-CUBE-AZRTOS-WL 2.0.0
2025-07-09 10:50:14,852 [INFO] ThirdParty:1030 - CMSIS Pack Vendor :SEGGER I-CUBE-embOS 1.3.1
2025-07-09 10:50:14,852 [INFO] ThirdParty:1030 - CMSIS Pack Vendor :STMicroelectronics X-CUBE-ALGOBUILD 1.4.0
2025-07-09 10:50:14,852 [INFO] ThirdParty:1030 - CMSIS Pack Vendor :STMicroelectronics X-CUBE-DPower 1.3.0
2025-07-09 10:50:14,852 [INFO] ThirdParty:1030 - CMSIS Pack Vendor :STMicroelectronics X-CUBE-MEMS1 11.3.0
2025-07-09 10:50:14,852 [INFO] ThirdParty:1030 - CMSIS Pack Vendor :STMicroelectronics FP-SNS-MOTENV1 5.0.0
2025-07-09 10:50:14,852 [INFO] ThirdParty:1030 - CMSIS Pack Vendor :STMicroelectronics USB_DEVICE 1.0.0
2025-07-09 10:50:14,852 [INFO] ThirdParty:1030 - CMSIS Pack Vendor :STMicroelectronics X-CUBE-AZRTOS-L4 2.0.0
2025-07-09 10:50:14,852 [INFO] ThirdParty:1030 - CMSIS Pack Vendor :STMicroelectronics ThreadX 0.0.2
2025-07-09 10:50:14,852 [INFO] ThirdParty:1030 - CMSIS Pack Vendor :WES I-CUBE-Cesium 1.3.0
2025-07-09 10:50:14,852 [INFO] ThirdParty:1030 - CMSIS Pack Vendor :STMicroelectronics lwIP 2.1.2
2025-07-09 10:50:14,852 [INFO] ThirdParty:1030 - CMSIS Pack Vendor :STMicroelectronics X-CUBE-SFXS2LP1 4.0.0
2025-07-09 10:50:14,852 [INFO] ThirdParty:1030 - CMSIS Pack Vendor :STMicroelectronics X-CUBE-BLE2 3.3.0
2025-07-09 10:50:14,852 [INFO] ThirdParty:1030 - CMSIS Pack Vendor :STMicroelectronics X-CUBE-TOF1 3.4.3
2025-07-09 10:50:14,852 [INFO] ThirdParty:1030 - CMSIS Pack Vendor :STMicroelectronics PDM2PCM 3.2.0
2025-07-09 10:50:14,852 [INFO] ThirdParty:841 - exiting critical section [change project]
2025-07-09 10:50:15,132 [INFO] PinOutPanel:1589 - setPackage(No Configuration,No Configuration)
2025-07-09 10:50:15,133 [INFO] PinOutPanel:1589 - setPackage(STM32H743XIHx,TFBGA240)
2025-07-09 10:50:15,587 [INFO] UtilMem:75 - Before build in PCC Used Memory: 1002262448 Bytes (1073741824)
2025-07-09 10:50:15,820 [INFO] UtilMem:75 - After build in PCC Used Memory: 874037248 Bytes (1073741824)
2025-07-09 10:50:15,862 [INFO] IPUIPlugin:80 - create IPUIPlugin
2025-07-09 10:50:15,863 [INFO] IPUIPlugin:80 - create IPUIPlugin
2025-07-09 10:50:15,863 [INFO] IPUIPlugin:80 - create IPUIPlugin
2025-07-09 10:50:15,863 [INFO] IPUIPlugin:80 - create IPUIPlugin
2025-07-09 10:50:15,863 [INFO] IPUIPlugin:80 - create IPUIPlugin
2025-07-09 10:50:15,863 [INFO] IPUIPlugin:80 - create IPUIPlugin
2025-07-09 10:50:15,863 [INFO] IPUIPlugin:80 - create IPUIPlugin
2025-07-09 10:50:15,863 [INFO] IPUIPlugin:80 - create IPUIPlugin
2025-07-09 10:50:15,863 [INFO] IPUIPlugin:80 - create IPUIPlugin
2025-07-09 10:50:15,864 [INFO] IPUIPlugin:80 - create IPUIPlugin
2025-07-09 10:50:15,864 [INFO] IPUIPlugin:80 - create IPUIPlugin
2025-07-09 10:50:15,864 [INFO] IPUIPlugin:80 - create IPUIPlugin
2025-07-09 10:50:15,864 [INFO] IPUIPlugin:80 - create IPUIPlugin
2025-07-09 10:50:15,864 [INFO] IPUIPlugin:80 - create IPUIPlugin
2025-07-09 10:50:15,864 [INFO] IPUIPlugin:80 - create IPUIPlugin
2025-07-09 10:50:15,864 [INFO] IPUIPlugin:80 - create IPUIPlugin
2025-07-09 10:50:15,864 [INFO] IPUIPlugin:80 - create IPUIPlugin
2025-07-09 10:50:15,864 [INFO] IPUIPlugin:80 - create IPUIPlugin
2025-07-09 10:50:15,864 [INFO] IPUIPlugin:80 - create IPUIPlugin
2025-07-09 10:50:15,865 [INFO] IPUIPlugin:80 - create IPUIPlugin
2025-07-09 10:50:15,865 [INFO] IPUIPlugin:80 - create IPUIPlugin
2025-07-09 10:50:15,865 [INFO] IPUIPlugin:80 - create IPUIPlugin
2025-07-09 10:50:15,865 [INFO] IPUIPlugin:80 - create IPUIPlugin
2025-07-09 10:50:15,865 [INFO] IPUIPlugin:80 - create IPUIPlugin
2025-07-09 10:50:15,865 [INFO] IPUIPlugin:80 - create IPUIPlugin
2025-07-09 10:50:15,865 [INFO] IPUIPlugin:80 - create IPUIPlugin
2025-07-09 10:50:15,865 [INFO] IPUIPlugin:80 - create IPUIPlugin
2025-07-09 10:50:15,865 [INFO] IPUIPlugin:80 - create IPUIPlugin
2025-07-09 10:50:15,865 [INFO] IPUIPlugin:80 - create IPUIPlugin
2025-07-09 10:50:15,865 [INFO] IPUIPlugin:80 - create IPUIPlugin
2025-07-09 10:50:15,866 [INFO] IPUIPlugin:80 - create IPUIPlugin
2025-07-09 10:50:15,866 [INFO] IPUIPlugin:80 - create IPUIPlugin
2025-07-09 10:50:15,866 [INFO] IPUIPlugin:80 - create IPUIPlugin
2025-07-09 10:50:15,867 [INFO] IPUIPlugin:80 - create IPUIPlugin
2025-07-09 10:50:15,867 [INFO] IPUIPlugin:80 - create IPUIPlugin
2025-07-09 10:50:15,867 [INFO] IPUIPlugin:80 - create IPUIPlugin
2025-07-09 10:50:15,867 [INFO] IPUIPlugin:80 - create IPUIPlugin
2025-07-09 10:50:15,868 [INFO] IPUIPlugin:80 - create IPUIPlugin
2025-07-09 10:50:15,868 [INFO] IPUIPlugin:80 - create IPUIPlugin
2025-07-09 10:50:15,868 [INFO] IPUIPlugin:80 - create IPUIPlugin
2025-07-09 10:50:15,868 [INFO] IPUIPlugin:80 - create IPUIPlugin
2025-07-09 10:50:15,869 [INFO] IPUIPlugin:80 - create IPUIPlugin
2025-07-09 10:50:15,869 [INFO] IPUIPlugin:80 - create IPUIPlugin
2025-07-09 10:50:15,869 [INFO] IPUIPlugin:80 - create IPUIPlugin
2025-07-09 10:50:15,870 [INFO] IPUIPlugin:80 - create IPUIPlugin
2025-07-09 10:50:15,870 [INFO] IPUIPlugin:80 - create IPUIPlugin
2025-07-09 10:50:15,870 [INFO] IPUIPlugin:80 - create IPUIPlugin
2025-07-09 10:50:15,870 [INFO] IPUIPlugin:80 - create IPUIPlugin
2025-07-09 10:50:15,871 [INFO] IPUIPlugin:80 - create IPUIPlugin
2025-07-09 10:50:15,871 [INFO] IPUIPlugin:80 - create IPUIPlugin
2025-07-09 10:50:15,871 [INFO] IPUIPlugin:80 - create IPUIPlugin
2025-07-09 10:50:15,872 [INFO] IPUIPlugin:80 - create IPUIPlugin
2025-07-09 10:50:15,872 [INFO] IPUIPlugin:80 - create IPUIPlugin
2025-07-09 10:50:15,872 [INFO] IPUIPlugin:80 - create IPUIPlugin
2025-07-09 10:50:15,873 [INFO] IPUIPlugin:80 - create IPUIPlugin
2025-07-09 10:50:15,873 [INFO] IPUIPlugin:80 - create IPUIPlugin
2025-07-09 10:50:15,873 [INFO] IPUIPlugin:80 - create IPUIPlugin
2025-07-09 10:50:15,873 [INFO] IPUIPlugin:80 - create IPUIPlugin
2025-07-09 10:50:15,873 [INFO] IPUIPlugin:80 - create IPUIPlugin
2025-07-09 10:50:15,875 [INFO] IPUIPlugin:80 - create IPUIPlugin
2025-07-09 10:50:15,875 [INFO] IPUIPlugin:80 - create IPUIPlugin
2025-07-09 10:50:15,875 [INFO] IPUIPlugin:80 - create IPUIPlugin
2025-07-09 10:50:15,875 [INFO] IPUIPlugin:80 - create IPUIPlugin
2025-07-09 10:50:15,876 [INFO] IPUIPlugin:80 - create IPUIPlugin
2025-07-09 10:50:15,877 [INFO] IPUIPlugin:80 - create IPUIPlugin
2025-07-09 10:50:15,877 [INFO] IPUIPlugin:80 - create IPUIPlugin
2025-07-09 10:50:15,878 [INFO] IPUIPlugin:80 - create IPUIPlugin
2025-07-09 10:50:15,878 [INFO] IPUIPlugin:80 - create IPUIPlugin
2025-07-09 10:50:15,878 [INFO] IPUIPlugin:80 - create IPUIPlugin
2025-07-09 10:50:15,879 [INFO] IPUIPlugin:80 - create IPUIPlugin
2025-07-09 10:50:15,879 [INFO] IPUIPlugin:80 - create IPUIPlugin
2025-07-09 10:50:15,880 [INFO] IPUIPlugin:80 - create IPUIPlugin
2025-07-09 10:50:15,880 [INFO] IPUIPlugin:80 - create IPUIPlugin
2025-07-09 10:50:15,880 [INFO] IPUIPlugin:80 - create IPUIPlugin
2025-07-09 10:50:15,881 [INFO] IPUIPlugin:80 - create IPUIPlugin
2025-07-09 10:50:15,881 [INFO] IPUIPlugin:80 - create IPUIPlugin
2025-07-09 10:50:15,882 [INFO] IPUIPlugin:80 - create IPUIPlugin
2025-07-09 10:50:15,882 [INFO] IPUIPlugin:80 - create IPUIPlugin
2025-07-09 10:50:15,883 [INFO] IPUIPlugin:80 - create IPUIPlugin
2025-07-09 10:50:15,883 [INFO] IPUIPlugin:80 - create IPUIPlugin
2025-07-09 10:50:15,883 [INFO] IPUIPlugin:80 - create IPUIPlugin
2025-07-09 10:50:15,884 [INFO] IPUIPlugin:80 - create IPUIPlugin
2025-07-09 10:50:15,884 [INFO] IPUIPlugin:80 - create IPUIPlugin
2025-07-09 10:50:15,885 [INFO] IPUIPlugin:80 - create IPUIPlugin
2025-07-09 10:50:15,885 [INFO] IPUIPlugin:80 - create IPUIPlugin
2025-07-09 10:50:15,885 [INFO] IPUIPlugin:80 - create IPUIPlugin
2025-07-09 10:50:15,886 [INFO] IPUIPlugin:80 - create IPUIPlugin
2025-07-09 10:50:15,886 [INFO] IPUIPlugin:80 - create IPUIPlugin
2025-07-09 10:50:15,886 [INFO] IPUIPlugin:80 - create IPUIPlugin
2025-07-09 10:50:15,886 [INFO] IPUIPlugin:80 - create IPUIPlugin
2025-07-09 10:50:15,887 [INFO] IPUIPlugin:80 - create IPUIPlugin
2025-07-09 10:50:15,887 [INFO] IPUIPlugin:80 - create IPUIPlugin
2025-07-09 10:50:15,888 [INFO] IPUIPlugin:80 - create IPUIPlugin
2025-07-09 10:50:15,888 [INFO] IPUIPlugin:80 - create IPUIPlugin
2025-07-09 10:50:15,888 [INFO] IPUIPlugin:80 - create IPUIPlugin
2025-07-09 10:50:15,889 [INFO] IPUIPlugin:80 - create IPUIPlugin
2025-07-09 10:50:15,890 [INFO] IPUIPlugin:80 - create IPUIPlugin
2025-07-09 10:50:15,891 [INFO] IPUIPlugin:80 - create IPUIPlugin
2025-07-09 10:50:15,909 [INFO] ApiDbMcu:508 - Load IP Config File for PDM2PCM
2025-07-09 10:50:16,021 [INFO] CADModel:165 - CPN selected for project levelSTM32H743XIH6
2025-07-09 10:50:16,021 [INFO] CADModel:114 - Register for checkConnection events
2025-07-09 10:50:16,212 [INFO] OpenFileManager:385 - Restore cursor
2025-07-09 10:52:30,313 [INFO] NvicIntPanel:101 - NVIC parent = com.st.microxplorer.plugins.ip.nvic.MultiNvicIntPanel[,0,0,0x0,invalid,layout=javax.swing.BoxLayout,alignmentX=0.0,alignmentY=0.0,border=,flags=9,maximumSize=,minimumSize=,preferredSize=]
2025-07-09 10:52:34,241 [INFO] NvicIntPanel:101 - NVIC parent = com.st.microxplorer.plugins.ip.nvic.MultiNvicIntPanel[,0,0,502x440,layout=javax.swing.BoxLayout,alignmentX=0.0,alignmentY=0.0,border=,flags=9,maximumSize=,minimumSize=,preferredSize=]
2025-07-09 10:54:03,552 [INFO] NvicIntPanel:101 - NVIC parent = com.st.microxplorer.plugins.ip.nvic.MultiNvicIntPanel[,0,0,502x440,layout=javax.swing.BoxLayout,alignmentX=0.0,alignmentY=0.0,border=,flags=9,maximumSize=,minimumSize=,preferredSize=]
2025-07-09 10:54:05,021 [INFO] NvicIntPanel:101 - NVIC parent = com.st.microxplorer.plugins.ip.nvic.MultiNvicIntPanel[,0,0,0x0,invalid,layout=javax.swing.BoxLayout,alignmentX=0.0,alignmentY=0.0,border=,flags=9,maximumSize=,minimumSize=,preferredSize=]
2025-07-09 11:34:45,727 [INFO] UtilMem:75 - End SaveConfig() Used Memory: 971741008 Bytes (1073741824)
2025-07-09 11:34:47,471 [INFO] UtilMem:75 - End SaveConfig() Used Memory: 926834504 Bytes (1073741824)
2025-07-09 11:34:47,721 [INFO] BlockDiagram:2775 - set Specific Code input for plugin: SPI
2025-07-09 11:34:47,722 [INFO] BlockDiagram:2775 - set Specific Code input for plugin: RCC
2025-07-09 11:34:47,722 [INFO] BlockDiagram:2775 - set Specific Code input for plugin: DCMI
2025-07-09 11:34:47,722 [INFO] BlockDiagram:2775 - set Specific Code input for plugin: USART
2025-07-09 11:34:47,722 [INFO] BlockDiagram:2775 - set Specific Code input for plugin: FMC
2025-07-09 11:34:47,722 [INFO] BlockDiagram:2775 - set Specific Code input for plugin: MEMORYMAP
2025-07-09 11:34:47,722 [INFO] BlockDiagram:2775 - set Specific Code input for plugin: SYS
2025-07-09 11:34:47,722 [INFO] BlockDiagram:2775 - set Specific Code input for plugin: NVIC
2025-07-09 11:34:47,722 [INFO] BlockDiagram:2775 - set Specific Code input for plugin: CORTEX_M7
2025-07-09 11:34:47,722 [INFO] BlockDiagram:2775 - set Specific Code input for plugin: DMA
2025-07-09 11:34:47,722 [INFO] BlockDiagram:2775 - set Specific Code input for plugin: DEBUG
2025-07-09 11:34:47,723 [INFO] BlockDiagram:2775 - set Specific Code input for plugin: GPIO
2025-07-09 11:34:47,725 [INFO] CodeGenerator:882 - code generatio: config db path: C:\ST\STM32CubeIDE_1.18.1\STM32CubeIDE\plugins\com.st.stm32cube.common.mx_6.14.1.202504091515\\db\
2025-07-09 11:34:47,914 [INFO] CodeEngine:263 - oldGeneratedFile, C:\harman\STM32Cube\250708_OV7670\MXTmpFiles\license.tmp_save
2025-07-09 11:34:48,215 [INFO] CodeEngine:287 - Generated code: C:\harman\STM32Cube\250708_OV7670\MXTmpFiles\license.tmp
2025-07-09 11:34:48,416 [INFO] CodeEngine:263 - oldGeneratedFile, C:\harman\STM32Cube\250708_OV7670\Core\Src\gpio.c_save
2025-07-09 11:34:48,555 [INFO] CodeEngine:287 - Generated code: C:\harman\STM32Cube\250708_OV7670\Core\Src\gpio.c
2025-07-09 11:34:48,562 [INFO] CodeEngine:263 - oldGeneratedFile, C:\harman\STM32Cube\250708_OV7670\Core\Inc\gpio.h_save
2025-07-09 11:34:48,657 [INFO] CodeEngine:287 - Generated code: C:\harman\STM32Cube\250708_OV7670\Core\Inc\gpio.h
2025-07-09 11:34:48,976 [WARN] IPConfigManager:103 - WARNING: Missing Config File for DEBUG ip!!
2025-07-09 11:34:49,351 [WARN] IPConfigManager:103 - WARNING: Missing Config File for MEMORYMAP ip!!
2025-07-09 11:34:50,172 [INFO] CodeEngine:263 - oldGeneratedFile, C:\harman\STM32Cube\250708_OV7670\MXTmpFiles\cortex.tmp_save
2025-07-09 11:34:50,269 [INFO] CodeEngine:287 - Generated code: C:\harman\STM32Cube\250708_OV7670\MXTmpFiles\cortex.tmp
2025-07-09 11:34:50,280 [INFO] CodeEngine:263 - oldGeneratedFile, C:\harman\STM32Cube\250708_OV7670\Core\Src\dcmi.c_save
2025-07-09 11:34:50,394 [INFO] CodeEngine:287 - Generated code: C:\harman\STM32Cube\250708_OV7670\Core\Src\dcmi.c
2025-07-09 11:34:50,400 [INFO] CodeEngine:263 - oldGeneratedFile, C:\harman\STM32Cube\250708_OV7670\Core\Inc\dcmi.h_save
2025-07-09 11:34:50,472 [INFO] CodeEngine:287 - Generated code: C:\harman\STM32Cube\250708_OV7670\Core\Inc\dcmi.h
2025-07-09 11:34:50,561 [INFO] CodeEngine:263 - oldGeneratedFile, C:\harman\STM32Cube\250708_OV7670\Core\Src\dma.c_save
2025-07-09 11:34:50,650 [INFO] CodeEngine:287 - Generated code: C:\harman\STM32Cube\250708_OV7670\Core\Src\dma.c
2025-07-09 11:34:50,658 [INFO] CodeEngine:263 - oldGeneratedFile, C:\harman\STM32Cube\250708_OV7670\Core\Inc\dma.h_save
2025-07-09 11:34:50,732 [INFO] CodeEngine:287 - Generated code: C:\harman\STM32Cube\250708_OV7670\Core\Inc\dma.h
2025-07-09 11:34:50,747 [INFO] CodeEngine:263 - oldGeneratedFile, C:\harman\STM32Cube\250708_OV7670\Core\Src\fmc.c_save
2025-07-09 11:34:50,833 [INFO] CodeEngine:287 - Generated code: C:\harman\STM32Cube\250708_OV7670\Core\Src\fmc.c
2025-07-09 11:34:50,840 [INFO] CodeEngine:263 - oldGeneratedFile, C:\harman\STM32Cube\250708_OV7670\Core\Inc\fmc.h_save
2025-07-09 11:34:50,912 [INFO] CodeEngine:287 - Generated code: C:\harman\STM32Cube\250708_OV7670\Core\Inc\fmc.h
2025-07-09 11:34:50,925 [INFO] CodeEngine:263 - oldGeneratedFile, C:\harman\STM32Cube\250708_OV7670\Core\Src\memorymap.c_save
2025-07-09 11:34:51,015 [INFO] CodeEngine:287 - Generated code: C:\harman\STM32Cube\250708_OV7670\Core\Src\memorymap.c
2025-07-09 11:34:51,022 [INFO] CodeEngine:263 - oldGeneratedFile, C:\harman\STM32Cube\250708_OV7670\Core\Inc\memorymap.h_save
2025-07-09 11:34:51,110 [INFO] CodeEngine:287 - Generated code: C:\harman\STM32Cube\250708_OV7670\Core\Inc\memorymap.h
2025-07-09 11:34:51,127 [INFO] CodeEngine:263 - oldGeneratedFile, C:\harman\STM32Cube\250708_OV7670\Core\Src\spi.c_save
2025-07-09 11:34:51,241 [INFO] CodeEngine:287 - Generated code: C:\harman\STM32Cube\250708_OV7670\Core\Src\spi.c
2025-07-09 11:34:51,246 [INFO] CodeEngine:263 - oldGeneratedFile, C:\harman\STM32Cube\250708_OV7670\Core\Inc\spi.h_save
2025-07-09 11:34:51,320 [INFO] CodeEngine:287 - Generated code: C:\harman\STM32Cube\250708_OV7670\Core\Inc\spi.h
2025-07-09 11:34:51,339 [INFO] CodeEngine:263 - oldGeneratedFile, C:\harman\STM32Cube\250708_OV7670\Core\Src\usart.c_save
2025-07-09 11:34:51,436 [INFO] CodeEngine:287 - Generated code: C:\harman\STM32Cube\250708_OV7670\Core\Src\usart.c
2025-07-09 11:34:51,442 [INFO] CodeEngine:263 - oldGeneratedFile, C:\harman\STM32Cube\250708_OV7670\Core\Inc\usart.h_save
2025-07-09 11:34:51,503 [INFO] CodeEngine:287 - Generated code: C:\harman\STM32Cube\250708_OV7670\Core\Inc\usart.h
2025-07-09 11:34:51,525 [INFO] CodeEngine:263 - oldGeneratedFile, C:\harman\STM32Cube\250708_OV7670\Core\Src\stm32h7xx_it.c_save
2025-07-09 11:34:51,732 [INFO] CodeEngine:287 - Generated code: C:\harman\STM32Cube\250708_OV7670\Core\Src\stm32h7xx_it.c
2025-07-09 11:34:51,738 [INFO] CodeEngine:263 - oldGeneratedFile, C:\harman\STM32Cube\250708_OV7670\Core\Inc\stm32h7xx_it.h_save
2025-07-09 11:34:51,799 [INFO] CodeEngine:287 - Generated code: C:\harman\STM32Cube\250708_OV7670\Core\Inc\stm32h7xx_it.h
2025-07-09 11:34:52,142 [INFO] CodeEngine:263 - oldGeneratedFile, C:\harman\STM32Cube\250708_OV7670\Core\Src\stm32h7xx_hal_msp.c_save
2025-07-09 11:34:52,269 [INFO] CodeEngine:287 - Generated code: C:\harman\STM32Cube\250708_OV7670\Core\Src\stm32h7xx_hal_msp.c
2025-07-09 11:34:52,277 [INFO] CodeEngine:263 - oldGeneratedFile, C:\harman\STM32Cube\250708_OV7670\MXTmpFiles\system.tmp_save
2025-07-09 11:34:52,349 [INFO] CodeEngine:287 - Generated code: C:\harman\STM32Cube\250708_OV7670\MXTmpFiles\system.tmp
2025-07-09 11:34:52,365 [INFO] CodeEngine:319 - oldGeneratedFile, C:\harman\STM32Cube\250708_OV7670\Core\Inc\stm32h7xx_hal_conf.h_save
2025-07-09 11:34:52,445 [INFO] CodeEngine:343 - Generated code: C:\harman\STM32Cube\250708_OV7670\Core\Inc\stm32h7xx_hal_conf.h
2025-07-09 11:34:52,494 [INFO] ApiDbMcu:508 - Load IP Config File for DCMI
2025-07-09 11:34:52,504 [INFO] ApiDbMcu:508 - Load IP Config File for FMC
2025-07-09 11:34:52,504 [ERROR] ApiDbMcu:464 - Can't load MEMORYMAP-STM32xx root dir null
2025-07-09 11:34:52,505 [ERROR] ApiDbMcu:536 - Cannot parse MEMORYMAP_Config file : file do not exist
2025-07-09 11:34:52,511 [INFO] ApiDbMcu:508 - Load IP Config File for SPI1
2025-07-09 11:34:52,525 [INFO] ApiDbMcu:508 - Load IP Config File for USART1
2025-07-09 11:34:52,530 [INFO] ApiDbMcu:508 - Load IP Config File for RCC
2025-07-09 11:34:52,543 [INFO] CodeEngine:263 - oldGeneratedFile, C:\harman\STM32Cube\250708_OV7670\Core\Inc\main.h_save
2025-07-09 11:34:52,615 [INFO] CodeEngine:287 - Generated code: C:\harman\STM32Cube\250708_OV7670\Core\Inc\main.h
2025-07-09 11:34:52,621 [INFO] CodeEngine:263 - oldGeneratedFile, C:\harman\STM32Cube\250708_OV7670\Core\Src\main.c_save
2025-07-09 11:34:52,704 [INFO] CodeEngine:287 - Generated code: C:\harman\STM32Cube\250708_OV7670\Core\Src\main.c
2025-07-09 11:34:53,086 [INFO] ProjectBuilder:3324 - Time for Copy HAL[1] : 254mS.
2025-07-09 11:34:53,091 [INFO] ProjectBuilder:4912 - Project Generator version: 4.6.0.1-B1
2025-07-09 11:34:53,153 [INFO] ConfigFileManager:1590 - The Die is : DIE450
2025-07-09 11:34:53,155 [INFO] ApiDbMcu:508 - Load IP Config File for FATFS
2025-07-09 11:34:53,160 [INFO] ApiDbMcu:508 - Load IP Config File for FREERTOS
2025-07-09 11:34:53,164 [INFO] ApiDbMcu:508 - Load IP Config File for LIBJPEG
2025-07-09 11:34:53,167 [INFO] ApiDbMcu:508 - Load IP Config File for LWIP
2025-07-09 11:34:53,172 [INFO] ApiDbMcu:508 - Load IP Config File for MBEDTLS
2025-07-09 11:34:53,177 [INFO] ApiDbMcu:508 - Load IP Config File for USB_DEVICE
2025-07-09 11:34:53,181 [INFO] ApiDbMcu:508 - Load IP Config File for USB_HOST
2025-07-09 11:34:54,298 [INFO] ProjectBuilder:5191 - Time for Generating toolchain IDE Files: 1207mS.
2025-07-09 11:34:54,299 [INFO] ProjectBuilder:3181 - Time for Copy CMSIS : 1mS.
2025-07-09 11:34:54,302 [INFO] ProjectBuilder:3181 - Time for Copy CMSIS : 0mS.
2025-07-09 11:45:51,706 [INFO] UtilMem:75 - End SaveConfig() Used Memory: 999082032 Bytes (1073741824)
2025-07-09 11:45:54,262 [INFO] UtilMem:75 - End SaveConfig() Used Memory: 935572848 Bytes (1073741824)
2025-07-09 11:45:54,800 [INFO] BlockDiagram:2775 - set Specific Code input for plugin: SPI
2025-07-09 11:45:54,800 [INFO] BlockDiagram:2775 - set Specific Code input for plugin: RCC
2025-07-09 11:45:54,800 [INFO] BlockDiagram:2775 - set Specific Code input for plugin: DCMI
2025-07-09 11:45:54,800 [INFO] BlockDiagram:2775 - set Specific Code input for plugin: USART
2025-07-09 11:45:54,800 [INFO] BlockDiagram:2775 - set Specific Code input for plugin: FMC
2025-07-09 11:45:54,800 [INFO] BlockDiagram:2775 - set Specific Code input for plugin: MEMORYMAP
2025-07-09 11:45:54,800 [INFO] BlockDiagram:2775 - set Specific Code input for plugin: SYS
2025-07-09 11:45:54,800 [INFO] BlockDiagram:2775 - set Specific Code input for plugin: NVIC
2025-07-09 11:45:54,800 [INFO] BlockDiagram:2775 - set Specific Code input for plugin: CORTEX_M7
2025-07-09 11:45:54,801 [INFO] BlockDiagram:2775 - set Specific Code input for plugin: DMA
2025-07-09 11:45:54,801 [INFO] BlockDiagram:2775 - set Specific Code input for plugin: DEBUG
2025-07-09 11:45:54,802 [INFO] BlockDiagram:2775 - set Specific Code input for plugin: GPIO
2025-07-09 11:45:54,803 [INFO] CodeGenerator:882 - code generatio: config db path: C:\ST\STM32CubeIDE_1.18.1\STM32CubeIDE\plugins\com.st.stm32cube.common.mx_6.14.1.202504091515\\db\
2025-07-09 11:45:54,816 [INFO] Argument:325 - Argument : hdmavalue: null
2025-07-09 11:45:54,816 [INFO] Argument:327 - 	 sub Args: 
2025-07-09 11:45:54,816 [INFO] Argument:325 - Argument : Instancevalue: DMA1_Stream1
2025-07-09 11:45:54,817 [INFO] Argument:335 - Argument : Instancevalue: DMA1_Stream1
2025-07-09 11:45:54,817 [INFO] Argument:325 - Argument : Initvalue: null
2025-07-09 11:45:54,817 [INFO] Argument:327 - 	 sub Args: 
2025-07-09 11:45:54,817 [INFO] Argument:325 - Argument : Requestvalue: DMA_REQUEST_DCMI
2025-07-09 11:45:54,817 [INFO] Argument:335 - Argument : Requestvalue: DMA_REQUEST_DCMI
2025-07-09 11:45:54,817 [INFO] Argument:325 - Argument : Directionvalue: DMA_PERIPH_TO_MEMORY
2025-07-09 11:45:54,817 [INFO] Argument:335 - Argument : Directionvalue: DMA_PERIPH_TO_MEMORY
2025-07-09 11:45:54,817 [INFO] Argument:325 - Argument : PeriphIncvalue: DMA_PINC_DISABLE
2025-07-09 11:45:54,817 [INFO] Argument:335 - Argument : PeriphIncvalue: DMA_PINC_DISABLE
2025-07-09 11:45:54,817 [INFO] Argument:325 - Argument : MemIncvalue: DMA_MINC_ENABLE
2025-07-09 11:45:54,817 [INFO] Argument:335 - Argument : MemIncvalue: DMA_MINC_ENABLE
2025-07-09 11:45:54,818 [INFO] Argument:325 - Argument : PeriphDataAlignmentvalue: DMA_PDATAALIGN_WORD
2025-07-09 11:45:54,818 [INFO] Argument:335 - Argument : PeriphDataAlignmentvalue: DMA_PDATAALIGN_WORD
2025-07-09 11:45:54,818 [INFO] Argument:325 - Argument : MemDataAlignmentvalue: DMA_MDATAALIGN_WORD
2025-07-09 11:45:54,818 [INFO] Argument:335 - Argument : MemDataAlignmentvalue: DMA_MDATAALIGN_WORD
2025-07-09 11:45:54,818 [INFO] Argument:325 - Argument : Modevalue: DMA_NORMAL
2025-07-09 11:45:54,818 [INFO] Argument:335 - Argument : Modevalue: DMA_NORMAL
2025-07-09 11:45:54,818 [INFO] Argument:325 - Argument : Priorityvalue: DMA_PRIORITY_LOW
2025-07-09 11:45:54,818 [INFO] Argument:335 - Argument : Priorityvalue: DMA_PRIORITY_LOW
2025-07-09 11:45:54,818 [INFO] Argument:325 - Argument : FIFOModevalue: DMA_FIFOMODE_DISABLE
2025-07-09 11:45:54,818 [INFO] Argument:335 - Argument : FIFOModevalue: DMA_FIFOMODE_DISABLE
2025-07-09 11:45:54,818 [INFO] Argument:325 - Argument : FIFOThresholdvalue: null
2025-07-09 11:45:54,818 [INFO] Argument:335 - Argument : FIFOThresholdvalue: null
2025-07-09 11:45:54,818 [INFO] Argument:325 - Argument : MemBurstvalue: null
2025-07-09 11:45:54,818 [INFO] Argument:335 - Argument : MemBurstvalue: null
2025-07-09 11:45:54,818 [INFO] Argument:325 - Argument : PeriphBurstvalue: null
2025-07-09 11:45:54,819 [INFO] Argument:335 - Argument : PeriphBurstvalue: null
2025-07-09 11:45:54,819 [INFO] Argument:325 - Argument : Lockvalue: null
2025-07-09 11:45:54,819 [INFO] Argument:335 - Argument : Lockvalue: null
2025-07-09 11:45:54,819 [INFO] Argument:325 - Argument : Statevalue: null
2025-07-09 11:45:54,819 [INFO] Argument:335 - Argument : Statevalue: null
2025-07-09 11:45:54,819 [INFO] Argument:325 - Argument : Parentvalue: null
2025-07-09 11:45:54,819 [INFO] Argument:335 - Argument : Parentvalue: null
2025-07-09 11:45:54,819 [INFO] Argument:325 - Argument : XferCpltCallbackvalue: null
2025-07-09 11:45:54,819 [INFO] Argument:335 - Argument : XferCpltCallbackvalue: null
2025-07-09 11:45:54,819 [INFO] Argument:325 - Argument : XferHalfCpltCallbackvalue: null
2025-07-09 11:45:54,819 [INFO] Argument:335 - Argument : XferHalfCpltCallbackvalue: null
2025-07-09 11:45:54,819 [INFO] Argument:325 - Argument : XferM1CpltCallbackvalue: null
2025-07-09 11:45:54,819 [INFO] Argument:335 - Argument : XferM1CpltCallbackvalue: null
2025-07-09 11:45:54,820 [INFO] Argument:325 - Argument : XferM1HalfCpltCallbackvalue: null
2025-07-09 11:45:54,820 [INFO] Argument:335 - Argument : XferM1HalfCpltCallbackvalue: null
2025-07-09 11:45:54,820 [INFO] Argument:325 - Argument : XferErrorCallbackvalue: null
2025-07-09 11:45:54,820 [INFO] Argument:335 - Argument : XferErrorCallbackvalue: null
2025-07-09 11:45:54,820 [INFO] Argument:325 - Argument : XferAbortCallbackvalue: null
2025-07-09 11:45:54,820 [INFO] Argument:335 - Argument : XferAbortCallbackvalue: null
2025-07-09 11:45:54,820 [INFO] Argument:325 - Argument : ErrorCodevalue: null
2025-07-09 11:45:54,820 [INFO] Argument:335 - Argument : ErrorCodevalue: null
2025-07-09 11:45:54,820 [INFO] Argument:325 - Argument : StreamBaseAddressvalue: null
2025-07-09 11:45:54,820 [INFO] Argument:335 - Argument : StreamBaseAddressvalue: null
2025-07-09 11:45:54,820 [INFO] Argument:325 - Argument : StreamIndexvalue: null
2025-07-09 11:45:54,820 [INFO] Argument:335 - Argument : StreamIndexvalue: null
2025-07-09 11:45:54,852 [INFO] Argument:325 - Argument : hdmavalue: null
2025-07-09 11:45:54,852 [INFO] Argument:327 - 	 sub Args: 
2025-07-09 11:45:54,853 [INFO] Argument:325 - Argument : Instancevalue: DMA1_Stream0
2025-07-09 11:45:54,853 [INFO] Argument:335 - Argument : Instancevalue: DMA1_Stream0
2025-07-09 11:45:54,853 [INFO] Argument:325 - Argument : Initvalue: null
2025-07-09 11:45:54,853 [INFO] Argument:327 - 	 sub Args: 
2025-07-09 11:45:54,853 [INFO] Argument:325 - Argument : Requestvalue: DMA_REQUEST_SPI1_TX
2025-07-09 11:45:54,853 [INFO] Argument:335 - Argument : Requestvalue: DMA_REQUEST_SPI1_TX
2025-07-09 11:45:54,853 [INFO] Argument:325 - Argument : Directionvalue: DMA_MEMORY_TO_PERIPH
2025-07-09 11:45:54,853 [INFO] Argument:335 - Argument : Directionvalue: DMA_MEMORY_TO_PERIPH
2025-07-09 11:45:54,853 [INFO] Argument:325 - Argument : PeriphIncvalue: DMA_PINC_DISABLE
2025-07-09 11:45:54,853 [INFO] Argument:335 - Argument : PeriphIncvalue: DMA_PINC_DISABLE
2025-07-09 11:45:54,853 [INFO] Argument:325 - Argument : MemIncvalue: DMA_MINC_ENABLE
2025-07-09 11:45:54,853 [INFO] Argument:335 - Argument : MemIncvalue: DMA_MINC_ENABLE
2025-07-09 11:45:54,853 [INFO] Argument:325 - Argument : PeriphDataAlignmentvalue: DMA_PDATAALIGN_BYTE
2025-07-09 11:45:54,853 [INFO] Argument:335 - Argument : PeriphDataAlignmentvalue: DMA_PDATAALIGN_BYTE
2025-07-09 11:45:54,853 [INFO] Argument:325 - Argument : MemDataAlignmentvalue: DMA_MDATAALIGN_BYTE
2025-07-09 11:45:54,853 [INFO] Argument:335 - Argument : MemDataAlignmentvalue: DMA_MDATAALIGN_BYTE
2025-07-09 11:45:54,853 [INFO] Argument:325 - Argument : Modevalue: DMA_NORMAL
2025-07-09 11:45:54,853 [INFO] Argument:335 - Argument : Modevalue: DMA_NORMAL
2025-07-09 11:45:54,853 [INFO] Argument:325 - Argument : Priorityvalue: DMA_PRIORITY_LOW
2025-07-09 11:45:54,853 [INFO] Argument:335 - Argument : Priorityvalue: DMA_PRIORITY_LOW
2025-07-09 11:45:54,854 [INFO] Argument:325 - Argument : FIFOModevalue: DMA_FIFOMODE_DISABLE
2025-07-09 11:45:54,854 [INFO] Argument:335 - Argument : FIFOModevalue: DMA_FIFOMODE_DISABLE
2025-07-09 11:45:54,854 [INFO] Argument:325 - Argument : FIFOThresholdvalue: null
2025-07-09 11:45:54,854 [INFO] Argument:335 - Argument : FIFOThresholdvalue: null
2025-07-09 11:45:54,854 [INFO] Argument:325 - Argument : MemBurstvalue: null
2025-07-09 11:45:54,854 [INFO] Argument:335 - Argument : MemBurstvalue: null
2025-07-09 11:45:54,854 [INFO] Argument:325 - Argument : PeriphBurstvalue: null
2025-07-09 11:45:54,854 [INFO] Argument:335 - Argument : PeriphBurstvalue: null
2025-07-09 11:45:54,854 [INFO] Argument:325 - Argument : Lockvalue: null
2025-07-09 11:45:54,854 [INFO] Argument:335 - Argument : Lockvalue: null
2025-07-09 11:45:54,854 [INFO] Argument:325 - Argument : Statevalue: null
2025-07-09 11:45:54,854 [INFO] Argument:335 - Argument : Statevalue: null
2025-07-09 11:45:54,854 [INFO] Argument:325 - Argument : Parentvalue: null
2025-07-09 11:45:54,854 [INFO] Argument:335 - Argument : Parentvalue: null
2025-07-09 11:45:54,854 [INFO] Argument:325 - Argument : XferCpltCallbackvalue: null
2025-07-09 11:45:54,855 [INFO] Argument:335 - Argument : XferCpltCallbackvalue: null
2025-07-09 11:45:54,855 [INFO] Argument:325 - Argument : XferHalfCpltCallbackvalue: null
2025-07-09 11:45:54,855 [INFO] Argument:335 - Argument : XferHalfCpltCallbackvalue: null
2025-07-09 11:45:54,855 [INFO] Argument:325 - Argument : XferM1CpltCallbackvalue: null
2025-07-09 11:45:54,855 [INFO] Argument:335 - Argument : XferM1CpltCallbackvalue: null
2025-07-09 11:45:54,855 [INFO] Argument:325 - Argument : XferM1HalfCpltCallbackvalue: null
2025-07-09 11:45:54,855 [INFO] Argument:335 - Argument : XferM1HalfCpltCallbackvalue: null
2025-07-09 11:45:54,855 [INFO] Argument:325 - Argument : XferErrorCallbackvalue: null
2025-07-09 11:45:54,855 [INFO] Argument:335 - Argument : XferErrorCallbackvalue: null
2025-07-09 11:45:54,855 [INFO] Argument:325 - Argument : XferAbortCallbackvalue: null
2025-07-09 11:45:54,855 [INFO] Argument:335 - Argument : XferAbortCallbackvalue: null
2025-07-09 11:45:54,855 [INFO] Argument:325 - Argument : ErrorCodevalue: null
2025-07-09 11:45:54,855 [INFO] Argument:335 - Argument : ErrorCodevalue: null
2025-07-09 11:45:54,855 [INFO] Argument:325 - Argument : StreamBaseAddressvalue: null
2025-07-09 11:45:54,855 [INFO] Argument:335 - Argument : StreamBaseAddressvalue: null
2025-07-09 11:45:54,855 [INFO] Argument:325 - Argument : StreamIndexvalue: null
2025-07-09 11:45:54,855 [INFO] Argument:335 - Argument : StreamIndexvalue: null
2025-07-09 11:45:55,070 [INFO] CodeEngine:263 - oldGeneratedFile, C:\harman\STM32Cube\250708_OV7670\MXTmpFiles\license.tmp_save
2025-07-09 11:45:55,266 [INFO] CodeEngine:287 - Generated code: C:\harman\STM32Cube\250708_OV7670\MXTmpFiles\license.tmp
2025-07-09 11:45:55,395 [INFO] CodeEngine:263 - oldGeneratedFile, C:\harman\STM32Cube\250708_OV7670\Core\Src\gpio.c_save
2025-07-09 11:45:55,502 [INFO] CodeEngine:287 - Generated code: C:\harman\STM32Cube\250708_OV7670\Core\Src\gpio.c
2025-07-09 11:45:55,508 [INFO] CodeEngine:263 - oldGeneratedFile, C:\harman\STM32Cube\250708_OV7670\Core\Inc\gpio.h_save
2025-07-09 11:45:55,576 [INFO] CodeEngine:287 - Generated code: C:\harman\STM32Cube\250708_OV7670\Core\Inc\gpio.h
2025-07-09 11:45:55,887 [WARN] IPConfigManager:103 - WARNING: Missing Config File for DEBUG ip!!
2025-07-09 11:45:56,254 [WARN] IPConfigManager:103 - WARNING: Missing Config File for MEMORYMAP ip!!
2025-07-09 11:45:56,743 [INFO] CodeEngine:263 - oldGeneratedFile, C:\harman\STM32Cube\250708_OV7670\MXTmpFiles\cortex.tmp_save
2025-07-09 11:45:56,812 [INFO] CodeEngine:287 - Generated code: C:\harman\STM32Cube\250708_OV7670\MXTmpFiles\cortex.tmp
2025-07-09 11:45:56,823 [INFO] CodeEngine:263 - oldGeneratedFile, C:\harman\STM32Cube\250708_OV7670\Core\Src\dcmi.c_save
2025-07-09 11:45:56,915 [INFO] CodeEngine:287 - Generated code: C:\harman\STM32Cube\250708_OV7670\Core\Src\dcmi.c
2025-07-09 11:45:56,920 [INFO] CodeEngine:263 - oldGeneratedFile, C:\harman\STM32Cube\250708_OV7670\Core\Inc\dcmi.h_save
2025-07-09 11:45:56,966 [INFO] CodeEngine:287 - Generated code: C:\harman\STM32Cube\250708_OV7670\Core\Inc\dcmi.h
2025-07-09 11:45:57,037 [INFO] CodeEngine:263 - oldGeneratedFile, C:\harman\STM32Cube\250708_OV7670\Core\Src\dma.c_save
2025-07-09 11:45:57,091 [INFO] CodeEngine:287 - Generated code: C:\harman\STM32Cube\250708_OV7670\Core\Src\dma.c
2025-07-09 11:45:57,096 [INFO] CodeEngine:263 - oldGeneratedFile, C:\harman\STM32Cube\250708_OV7670\Core\Inc\dma.h_save
2025-07-09 11:45:57,160 [INFO] CodeEngine:287 - Generated code: C:\harman\STM32Cube\250708_OV7670\Core\Inc\dma.h
2025-07-09 11:45:57,174 [INFO] CodeEngine:263 - oldGeneratedFile, C:\harman\STM32Cube\250708_OV7670\Core\Src\fmc.c_save
2025-07-09 11:45:57,252 [INFO] CodeEngine:287 - Generated code: C:\harman\STM32Cube\250708_OV7670\Core\Src\fmc.c
2025-07-09 11:45:57,260 [INFO] CodeEngine:263 - oldGeneratedFile, C:\harman\STM32Cube\250708_OV7670\Core\Inc\fmc.h_save
2025-07-09 11:45:57,319 [INFO] CodeEngine:287 - Generated code: C:\harman\STM32Cube\250708_OV7670\Core\Inc\fmc.h
2025-07-09 11:45:57,333 [INFO] CodeEngine:263 - oldGeneratedFile, C:\harman\STM32Cube\250708_OV7670\Core\Src\memorymap.c_save
2025-07-09 11:45:57,408 [INFO] CodeEngine:287 - Generated code: C:\harman\STM32Cube\250708_OV7670\Core\Src\memorymap.c
2025-07-09 11:45:57,413 [INFO] CodeEngine:263 - oldGeneratedFile, C:\harman\STM32Cube\250708_OV7670\Core\Inc\memorymap.h_save
2025-07-09 11:45:57,484 [INFO] CodeEngine:287 - Generated code: C:\harman\STM32Cube\250708_OV7670\Core\Inc\memorymap.h
2025-07-09 11:45:57,503 [INFO] CodeEngine:263 - oldGeneratedFile, C:\harman\STM32Cube\250708_OV7670\Core\Src\spi.c_save
2025-07-09 11:45:57,579 [INFO] CodeEngine:287 - Generated code: C:\harman\STM32Cube\250708_OV7670\Core\Src\spi.c
2025-07-09 11:45:57,584 [INFO] CodeEngine:263 - oldGeneratedFile, C:\harman\STM32Cube\250708_OV7670\Core\Inc\spi.h_save
2025-07-09 11:45:57,640 [INFO] CodeEngine:287 - Generated code: C:\harman\STM32Cube\250708_OV7670\Core\Inc\spi.h
2025-07-09 11:45:57,652 [INFO] CodeEngine:263 - oldGeneratedFile, C:\harman\STM32Cube\250708_OV7670\Core\Src\usart.c_save
2025-07-09 11:45:57,719 [INFO] CodeEngine:287 - Generated code: C:\harman\STM32Cube\250708_OV7670\Core\Src\usart.c
2025-07-09 11:45:57,724 [INFO] CodeEngine:263 - oldGeneratedFile, C:\harman\STM32Cube\250708_OV7670\Core\Inc\usart.h_save
2025-07-09 11:45:57,768 [INFO] CodeEngine:287 - Generated code: C:\harman\STM32Cube\250708_OV7670\Core\Inc\usart.h
2025-07-09 11:45:57,788 [INFO] CodeEngine:263 - oldGeneratedFile, C:\harman\STM32Cube\250708_OV7670\Core\Src\stm32h7xx_it.c_save
2025-07-09 11:45:57,921 [INFO] CodeEngine:287 - Generated code: C:\harman\STM32Cube\250708_OV7670\Core\Src\stm32h7xx_it.c
2025-07-09 11:45:57,927 [INFO] CodeEngine:263 - oldGeneratedFile, C:\harman\STM32Cube\250708_OV7670\Core\Inc\stm32h7xx_it.h_save
2025-07-09 11:45:57,970 [INFO] CodeEngine:287 - Generated code: C:\harman\STM32Cube\250708_OV7670\Core\Inc\stm32h7xx_it.h
2025-07-09 11:45:58,204 [INFO] CodeEngine:263 - oldGeneratedFile, C:\harman\STM32Cube\250708_OV7670\Core\Src\stm32h7xx_hal_msp.c_save
2025-07-09 11:45:58,272 [INFO] CodeEngine:287 - Generated code: C:\harman\STM32Cube\250708_OV7670\Core\Src\stm32h7xx_hal_msp.c
2025-07-09 11:45:58,275 [INFO] CodeEngine:263 - oldGeneratedFile, C:\harman\STM32Cube\250708_OV7670\MXTmpFiles\system.tmp_save
2025-07-09 11:45:58,319 [INFO] CodeEngine:287 - Generated code: C:\harman\STM32Cube\250708_OV7670\MXTmpFiles\system.tmp
2025-07-09 11:45:58,331 [INFO] CodeEngine:319 - oldGeneratedFile, C:\harman\STM32Cube\250708_OV7670\Core\Inc\stm32h7xx_hal_conf.h_save
2025-07-09 11:45:58,379 [INFO] CodeEngine:343 - Generated code: C:\harman\STM32Cube\250708_OV7670\Core\Inc\stm32h7xx_hal_conf.h
2025-07-09 11:45:58,403 [ERROR] ApiDbMcu:464 - Can't load MEMORYMAP-STM32xx root dir null
2025-07-09 11:45:58,403 [ERROR] ApiDbMcu:536 - Cannot parse MEMORYMAP_Config file : file do not exist
2025-07-09 11:45:58,415 [INFO] CodeEngine:263 - oldGeneratedFile, C:\harman\STM32Cube\250708_OV7670\Core\Inc\main.h_save
2025-07-09 11:45:58,475 [INFO] CodeEngine:287 - Generated code: C:\harman\STM32Cube\250708_OV7670\Core\Inc\main.h
2025-07-09 11:45:58,481 [INFO] CodeEngine:263 - oldGeneratedFile, C:\harman\STM32Cube\250708_OV7670\Core\Src\main.c_save
2025-07-09 11:45:58,562 [INFO] CodeEngine:287 - Generated code: C:\harman\STM32Cube\250708_OV7670\Core\Src\main.c
2025-07-09 11:45:58,985 [INFO] ProjectBuilder:3324 - Time for Copy HAL[1] : 271mS.
2025-07-09 11:45:58,990 [INFO] ProjectBuilder:4912 - Project Generator version: 4.6.0.1-B1
2025-07-09 11:45:59,056 [INFO] ConfigFileManager:1590 - The Die is : DIE450
2025-07-09 11:46:00,005 [INFO] ProjectBuilder:5191 - Time for Generating toolchain IDE Files: 1015mS.
2025-07-09 11:46:00,007 [INFO] ProjectBuilder:3181 - Time for Copy CMSIS : 1mS.
2025-07-09 11:46:00,012 [INFO] ProjectBuilder:3181 - Time for Copy CMSIS : 0mS.
2025-07-09 11:49:04,344 [INFO] UtilMem:75 - End SaveConfig() Used Memory: 982285552 Bytes (1073741824)
2025-07-09 11:49:05,642 [INFO] UtilMem:75 - End SaveConfig() Used Memory: 876848800 Bytes (1073741824)
2025-07-09 11:49:05,739 [ERROR] IocParser:95 - Exception caught: Index 2 out of bounds for length 2
2025-07-09 11:49:05,838 [INFO] BlockDiagram:2775 - set Specific Code input for plugin: SPI
2025-07-09 11:49:05,838 [INFO] BlockDiagram:2775 - set Specific Code input for plugin: RCC
2025-07-09 11:49:05,838 [INFO] BlockDiagram:2775 - set Specific Code input for plugin: DCMI
2025-07-09 11:49:05,838 [INFO] BlockDiagram:2775 - set Specific Code input for plugin: USART
2025-07-09 11:49:05,838 [INFO] BlockDiagram:2775 - set Specific Code input for plugin: FMC
2025-07-09 11:49:05,838 [INFO] BlockDiagram:2775 - set Specific Code input for plugin: MEMORYMAP
2025-07-09 11:49:05,838 [INFO] BlockDiagram:2775 - set Specific Code input for plugin: SYS
2025-07-09 11:49:05,838 [INFO] BlockDiagram:2775 - set Specific Code input for plugin: NVIC
2025-07-09 11:49:05,838 [INFO] BlockDiagram:2775 - set Specific Code input for plugin: CORTEX_M7
2025-07-09 11:49:05,838 [INFO] BlockDiagram:2775 - set Specific Code input for plugin: DMA
2025-07-09 11:49:05,838 [INFO] BlockDiagram:2775 - set Specific Code input for plugin: DEBUG
2025-07-09 11:49:05,839 [INFO] BlockDiagram:2775 - set Specific Code input for plugin: GPIO
2025-07-09 11:49:05,840 [INFO] CodeGenerator:882 - code generatio: config db path: C:\ST\STM32CubeIDE_1.18.1\STM32CubeIDE\plugins\com.st.stm32cube.common.mx_6.14.1.202504091515\\db\
2025-07-09 11:49:05,849 [INFO] Argument:325 - Argument : hdmavalue: null
2025-07-09 11:49:05,849 [INFO] Argument:327 - 	 sub Args: 
2025-07-09 11:49:05,849 [INFO] Argument:325 - Argument : Instancevalue: DMA1_Stream1
2025-07-09 11:49:05,849 [INFO] Argument:335 - Argument : Instancevalue: DMA1_Stream1
2025-07-09 11:49:05,849 [INFO] Argument:325 - Argument : Initvalue: null
2025-07-09 11:49:05,849 [INFO] Argument:327 - 	 sub Args: 
2025-07-09 11:49:05,849 [INFO] Argument:325 - Argument : Requestvalue: DMA_REQUEST_DCMI
2025-07-09 11:49:05,849 [INFO] Argument:335 - Argument : Requestvalue: DMA_REQUEST_DCMI
2025-07-09 11:49:05,850 [INFO] Argument:325 - Argument : Directionvalue: DMA_PERIPH_TO_MEMORY
2025-07-09 11:49:05,850 [INFO] Argument:335 - Argument : Directionvalue: DMA_PERIPH_TO_MEMORY
2025-07-09 11:49:05,850 [INFO] Argument:325 - Argument : PeriphIncvalue: DMA_PINC_DISABLE
2025-07-09 11:49:05,850 [INFO] Argument:335 - Argument : PeriphIncvalue: DMA_PINC_DISABLE
2025-07-09 11:49:05,850 [INFO] Argument:325 - Argument : MemIncvalue: DMA_MINC_ENABLE
2025-07-09 11:49:05,850 [INFO] Argument:335 - Argument : MemIncvalue: DMA_MINC_ENABLE
2025-07-09 11:49:05,850 [INFO] Argument:325 - Argument : PeriphDataAlignmentvalue: DMA_PDATAALIGN_WORD
2025-07-09 11:49:05,850 [INFO] Argument:335 - Argument : PeriphDataAlignmentvalue: DMA_PDATAALIGN_WORD
2025-07-09 11:49:05,850 [INFO] Argument:325 - Argument : MemDataAlignmentvalue: DMA_MDATAALIGN_WORD
2025-07-09 11:49:05,850 [INFO] Argument:335 - Argument : MemDataAlignmentvalue: DMA_MDATAALIGN_WORD
2025-07-09 11:49:05,850 [INFO] Argument:325 - Argument : Modevalue: DMA_NORMAL
2025-07-09 11:49:05,850 [INFO] Argument:335 - Argument : Modevalue: DMA_NORMAL
2025-07-09 11:49:05,850 [INFO] Argument:325 - Argument : Priorityvalue: DMA_PRIORITY_LOW
2025-07-09 11:49:05,850 [INFO] Argument:335 - Argument : Priorityvalue: DMA_PRIORITY_LOW
2025-07-09 11:49:05,850 [INFO] Argument:325 - Argument : FIFOModevalue: DMA_FIFOMODE_DISABLE
2025-07-09 11:49:05,850 [INFO] Argument:335 - Argument : FIFOModevalue: DMA_FIFOMODE_DISABLE
2025-07-09 11:49:05,850 [INFO] Argument:325 - Argument : FIFOThresholdvalue: null
2025-07-09 11:49:05,850 [INFO] Argument:335 - Argument : FIFOThresholdvalue: null
2025-07-09 11:49:05,850 [INFO] Argument:325 - Argument : MemBurstvalue: null
2025-07-09 11:49:05,850 [INFO] Argument:335 - Argument : MemBurstvalue: null
2025-07-09 11:49:05,850 [INFO] Argument:325 - Argument : PeriphBurstvalue: null
2025-07-09 11:49:05,850 [INFO] Argument:335 - Argument : PeriphBurstvalue: null
2025-07-09 11:49:05,850 [INFO] Argument:325 - Argument : Lockvalue: null
2025-07-09 11:49:05,850 [INFO] Argument:335 - Argument : Lockvalue: null
2025-07-09 11:49:05,850 [INFO] Argument:325 - Argument : Statevalue: null
2025-07-09 11:49:05,850 [INFO] Argument:335 - Argument : Statevalue: null
2025-07-09 11:49:05,850 [INFO] Argument:325 - Argument : Parentvalue: null
2025-07-09 11:49:05,850 [INFO] Argument:335 - Argument : Parentvalue: null
2025-07-09 11:49:05,850 [INFO] Argument:325 - Argument : XferCpltCallbackvalue: null
2025-07-09 11:49:05,850 [INFO] Argument:335 - Argument : XferCpltCallbackvalue: null
2025-07-09 11:49:05,850 [INFO] Argument:325 - Argument : XferHalfCpltCallbackvalue: null
2025-07-09 11:49:05,850 [INFO] Argument:335 - Argument : XferHalfCpltCallbackvalue: null
2025-07-09 11:49:05,850 [INFO] Argument:325 - Argument : XferM1CpltCallbackvalue: null
2025-07-09 11:49:05,850 [INFO] Argument:335 - Argument : XferM1CpltCallbackvalue: null
2025-07-09 11:49:05,850 [INFO] Argument:325 - Argument : XferM1HalfCpltCallbackvalue: null
2025-07-09 11:49:05,850 [INFO] Argument:335 - Argument : XferM1HalfCpltCallbackvalue: null
2025-07-09 11:49:05,850 [INFO] Argument:325 - Argument : XferErrorCallbackvalue: null
2025-07-09 11:49:05,850 [INFO] Argument:335 - Argument : XferErrorCallbackvalue: null
2025-07-09 11:49:05,850 [INFO] Argument:325 - Argument : XferAbortCallbackvalue: null
2025-07-09 11:49:05,850 [INFO] Argument:335 - Argument : XferAbortCallbackvalue: null
2025-07-09 11:49:05,850 [INFO] Argument:325 - Argument : ErrorCodevalue: null
2025-07-09 11:49:05,850 [INFO] Argument:335 - Argument : ErrorCodevalue: null
2025-07-09 11:49:05,850 [INFO] Argument:325 - Argument : StreamBaseAddressvalue: null
2025-07-09 11:49:05,850 [INFO] Argument:335 - Argument : StreamBaseAddressvalue: null
2025-07-09 11:49:05,850 [INFO] Argument:325 - Argument : StreamIndexvalue: null
2025-07-09 11:49:05,850 [INFO] Argument:335 - Argument : StreamIndexvalue: null
2025-07-09 11:49:05,895 [INFO] Argument:325 - Argument : hdmavalue: null
2025-07-09 11:49:05,895 [INFO] Argument:327 - 	 sub Args: 
2025-07-09 11:49:05,895 [INFO] Argument:325 - Argument : Instancevalue: DMA1_Stream0
2025-07-09 11:49:05,895 [INFO] Argument:335 - Argument : Instancevalue: DMA1_Stream0
2025-07-09 11:49:05,895 [INFO] Argument:325 - Argument : Initvalue: null
2025-07-09 11:49:05,895 [INFO] Argument:327 - 	 sub Args: 
2025-07-09 11:49:05,895 [INFO] Argument:325 - Argument : Requestvalue: DMA_REQUEST_SPI1_TX
2025-07-09 11:49:05,895 [INFO] Argument:335 - Argument : Requestvalue: DMA_REQUEST_SPI1_TX
2025-07-09 11:49:05,895 [INFO] Argument:325 - Argument : Directionvalue: DMA_MEMORY_TO_PERIPH
2025-07-09 11:49:05,895 [INFO] Argument:335 - Argument : Directionvalue: DMA_MEMORY_TO_PERIPH
2025-07-09 11:49:05,895 [INFO] Argument:325 - Argument : PeriphIncvalue: DMA_PINC_DISABLE
2025-07-09 11:49:05,895 [INFO] Argument:335 - Argument : PeriphIncvalue: DMA_PINC_DISABLE
2025-07-09 11:49:05,895 [INFO] Argument:325 - Argument : MemIncvalue: DMA_MINC_ENABLE
2025-07-09 11:49:05,895 [INFO] Argument:335 - Argument : MemIncvalue: DMA_MINC_ENABLE
2025-07-09 11:49:05,895 [INFO] Argument:325 - Argument : PeriphDataAlignmentvalue: DMA_PDATAALIGN_BYTE
2025-07-09 11:49:05,895 [INFO] Argument:335 - Argument : PeriphDataAlignmentvalue: DMA_PDATAALIGN_BYTE
2025-07-09 11:49:05,895 [INFO] Argument:325 - Argument : MemDataAlignmentvalue: DMA_MDATAALIGN_BYTE
2025-07-09 11:49:05,895 [INFO] Argument:335 - Argument : MemDataAlignmentvalue: DMA_MDATAALIGN_BYTE
2025-07-09 11:49:05,895 [INFO] Argument:325 - Argument : Modevalue: DMA_NORMAL
2025-07-09 11:49:05,895 [INFO] Argument:335 - Argument : Modevalue: DMA_NORMAL
2025-07-09 11:49:05,895 [INFO] Argument:325 - Argument : Priorityvalue: DMA_PRIORITY_LOW
2025-07-09 11:49:05,895 [INFO] Argument:335 - Argument : Priorityvalue: DMA_PRIORITY_LOW
2025-07-09 11:49:05,895 [INFO] Argument:325 - Argument : FIFOModevalue: DMA_FIFOMODE_DISABLE
2025-07-09 11:49:05,895 [INFO] Argument:335 - Argument : FIFOModevalue: DMA_FIFOMODE_DISABLE
2025-07-09 11:49:05,895 [INFO] Argument:325 - Argument : FIFOThresholdvalue: null
2025-07-09 11:49:05,896 [INFO] Argument:335 - Argument : FIFOThresholdvalue: null
2025-07-09 11:49:05,896 [INFO] Argument:325 - Argument : MemBurstvalue: null
2025-07-09 11:49:05,896 [INFO] Argument:335 - Argument : MemBurstvalue: null
2025-07-09 11:49:05,896 [INFO] Argument:325 - Argument : PeriphBurstvalue: null
2025-07-09 11:49:05,896 [INFO] Argument:335 - Argument : PeriphBurstvalue: null
2025-07-09 11:49:05,896 [INFO] Argument:325 - Argument : Lockvalue: null
2025-07-09 11:49:05,896 [INFO] Argument:335 - Argument : Lockvalue: null
2025-07-09 11:49:05,896 [INFO] Argument:325 - Argument : Statevalue: null
2025-07-09 11:49:05,896 [INFO] Argument:335 - Argument : Statevalue: null
2025-07-09 11:49:05,896 [INFO] Argument:325 - Argument : Parentvalue: null
2025-07-09 11:49:05,896 [INFO] Argument:335 - Argument : Parentvalue: null
2025-07-09 11:49:05,896 [INFO] Argument:325 - Argument : XferCpltCallbackvalue: null
2025-07-09 11:49:05,896 [INFO] Argument:335 - Argument : XferCpltCallbackvalue: null
2025-07-09 11:49:05,896 [INFO] Argument:325 - Argument : XferHalfCpltCallbackvalue: null
2025-07-09 11:49:05,896 [INFO] Argument:335 - Argument : XferHalfCpltCallbackvalue: null
2025-07-09 11:49:05,896 [INFO] Argument:325 - Argument : XferM1CpltCallbackvalue: null
2025-07-09 11:49:05,896 [INFO] Argument:335 - Argument : XferM1CpltCallbackvalue: null
2025-07-09 11:49:05,896 [INFO] Argument:325 - Argument : XferM1HalfCpltCallbackvalue: null
2025-07-09 11:49:05,896 [INFO] Argument:335 - Argument : XferM1HalfCpltCallbackvalue: null
2025-07-09 11:49:05,896 [INFO] Argument:325 - Argument : XferErrorCallbackvalue: null
2025-07-09 11:49:05,896 [INFO] Argument:335 - Argument : XferErrorCallbackvalue: null
2025-07-09 11:49:05,896 [INFO] Argument:325 - Argument : XferAbortCallbackvalue: null
2025-07-09 11:49:05,896 [INFO] Argument:335 - Argument : XferAbortCallbackvalue: null
2025-07-09 11:49:05,896 [INFO] Argument:325 - Argument : ErrorCodevalue: null
2025-07-09 11:49:05,896 [INFO] Argument:335 - Argument : ErrorCodevalue: null
2025-07-09 11:49:05,896 [INFO] Argument:325 - Argument : StreamBaseAddressvalue: null
2025-07-09 11:49:05,896 [INFO] Argument:335 - Argument : StreamBaseAddressvalue: null
2025-07-09 11:49:05,896 [INFO] Argument:325 - Argument : StreamIndexvalue: null
2025-07-09 11:49:05,896 [INFO] Argument:335 - Argument : StreamIndexvalue: null
2025-07-09 11:49:05,984 [INFO] CodeEngine:263 - oldGeneratedFile, C:\harman\STM32Cube\250708_OV7670\MXTmpFiles\license.tmp_save
2025-07-09 11:49:06,039 [INFO] CodeEngine:287 - Generated code: C:\harman\STM32Cube\250708_OV7670\MXTmpFiles\license.tmp
2025-07-09 11:49:06,184 [INFO] CodeEngine:263 - oldGeneratedFile, C:\harman\STM32Cube\250708_OV7670\Core\Src\gpio.c_save
2025-07-09 11:49:06,244 [INFO] CodeEngine:287 - Generated code: C:\harman\STM32Cube\250708_OV7670\Core\Src\gpio.c
2025-07-09 11:49:06,297 [INFO] CodeEngine:263 - oldGeneratedFile, C:\harman\STM32Cube\250708_OV7670\Core\Inc\gpio.h_save
2025-07-09 11:49:06,361 [INFO] CodeEngine:287 - Generated code: C:\harman\STM32Cube\250708_OV7670\Core\Inc\gpio.h
2025-07-09 11:49:06,623 [WARN] IPConfigManager:103 - WARNING: Missing Config File for DEBUG ip!!
2025-07-09 11:49:06,881 [WARN] IPConfigManager:103 - WARNING: Missing Config File for MEMORYMAP ip!!
2025-07-09 11:49:07,447 [INFO] CodeEngine:263 - oldGeneratedFile, C:\harman\STM32Cube\250708_OV7670\MXTmpFiles\cortex.tmp_save
2025-07-09 11:49:07,519 [INFO] CodeEngine:287 - Generated code: C:\harman\STM32Cube\250708_OV7670\MXTmpFiles\cortex.tmp
2025-07-09 11:49:07,528 [INFO] CodeEngine:263 - oldGeneratedFile, C:\harman\STM32Cube\250708_OV7670\Core\Src\dcmi.c_save
2025-07-09 11:49:07,595 [INFO] CodeEngine:287 - Generated code: C:\harman\STM32Cube\250708_OV7670\Core\Src\dcmi.c
2025-07-09 11:49:07,599 [INFO] CodeEngine:263 - oldGeneratedFile, C:\harman\STM32Cube\250708_OV7670\Core\Inc\dcmi.h_save
2025-07-09 11:49:07,637 [INFO] CodeEngine:287 - Generated code: C:\harman\STM32Cube\250708_OV7670\Core\Inc\dcmi.h
2025-07-09 11:49:07,699 [INFO] CodeEngine:263 - oldGeneratedFile, C:\harman\STM32Cube\250708_OV7670\Core\Src\dma.c_save
2025-07-09 11:49:07,742 [INFO] CodeEngine:287 - Generated code: C:\harman\STM32Cube\250708_OV7670\Core\Src\dma.c
2025-07-09 11:49:07,746 [INFO] CodeEngine:263 - oldGeneratedFile, C:\harman\STM32Cube\250708_OV7670\Core\Inc\dma.h_save
2025-07-09 11:49:07,782 [INFO] CodeEngine:287 - Generated code: C:\harman\STM32Cube\250708_OV7670\Core\Inc\dma.h
2025-07-09 11:49:07,791 [INFO] CodeEngine:263 - oldGeneratedFile, C:\harman\STM32Cube\250708_OV7670\Core\Src\fmc.c_save
2025-07-09 11:49:07,836 [INFO] CodeEngine:287 - Generated code: C:\harman\STM32Cube\250708_OV7670\Core\Src\fmc.c
2025-07-09 11:49:07,840 [INFO] CodeEngine:263 - oldGeneratedFile, C:\harman\STM32Cube\250708_OV7670\Core\Inc\fmc.h_save
2025-07-09 11:49:07,881 [INFO] CodeEngine:287 - Generated code: C:\harman\STM32Cube\250708_OV7670\Core\Inc\fmc.h
2025-07-09 11:49:07,889 [INFO] CodeEngine:263 - oldGeneratedFile, C:\harman\STM32Cube\250708_OV7670\Core\Src\memorymap.c_save
2025-07-09 11:49:07,938 [INFO] CodeEngine:287 - Generated code: C:\harman\STM32Cube\250708_OV7670\Core\Src\memorymap.c
2025-07-09 11:49:07,943 [INFO] CodeEngine:263 - oldGeneratedFile, C:\harman\STM32Cube\250708_OV7670\Core\Inc\memorymap.h_save
2025-07-09 11:49:07,979 [INFO] CodeEngine:287 - Generated code: C:\harman\STM32Cube\250708_OV7670\Core\Inc\memorymap.h
2025-07-09 11:49:07,988 [INFO] CodeEngine:263 - oldGeneratedFile, C:\harman\STM32Cube\250708_OV7670\Core\Src\spi.c_save
2025-07-09 11:49:08,041 [INFO] CodeEngine:287 - Generated code: C:\harman\STM32Cube\250708_OV7670\Core\Src\spi.c
2025-07-09 11:49:08,044 [INFO] CodeEngine:263 - oldGeneratedFile, C:\harman\STM32Cube\250708_OV7670\Core\Inc\spi.h_save
2025-07-09 11:49:08,088 [INFO] CodeEngine:287 - Generated code: C:\harman\STM32Cube\250708_OV7670\Core\Inc\spi.h
2025-07-09 11:49:08,098 [INFO] CodeEngine:263 - oldGeneratedFile, C:\harman\STM32Cube\250708_OV7670\Core\Src\usart.c_save
2025-07-09 11:49:08,150 [INFO] CodeEngine:287 - Generated code: C:\harman\STM32Cube\250708_OV7670\Core\Src\usart.c
2025-07-09 11:49:08,154 [INFO] CodeEngine:263 - oldGeneratedFile, C:\harman\STM32Cube\250708_OV7670\Core\Inc\usart.h_save
2025-07-09 11:49:08,192 [INFO] CodeEngine:287 - Generated code: C:\harman\STM32Cube\250708_OV7670\Core\Inc\usart.h
2025-07-09 11:49:08,210 [INFO] CodeEngine:263 - oldGeneratedFile, C:\harman\STM32Cube\250708_OV7670\Core\Src\stm32h7xx_it.c_save
2025-07-09 11:49:08,300 [INFO] CodeEngine:287 - Generated code: C:\harman\STM32Cube\250708_OV7670\Core\Src\stm32h7xx_it.c
2025-07-09 11:49:08,305 [INFO] CodeEngine:263 - oldGeneratedFile, C:\harman\STM32Cube\250708_OV7670\Core\Inc\stm32h7xx_it.h_save
2025-07-09 11:49:08,344 [INFO] CodeEngine:287 - Generated code: C:\harman\STM32Cube\250708_OV7670\Core\Inc\stm32h7xx_it.h
2025-07-09 11:49:08,538 [INFO] CodeEngine:263 - oldGeneratedFile, C:\harman\STM32Cube\250708_OV7670\Core\Src\stm32h7xx_hal_msp.c_save
2025-07-09 11:49:08,612 [INFO] CodeEngine:287 - Generated code: C:\harman\STM32Cube\250708_OV7670\Core\Src\stm32h7xx_hal_msp.c
2025-07-09 11:49:08,618 [INFO] CodeEngine:263 - oldGeneratedFile, C:\harman\STM32Cube\250708_OV7670\MXTmpFiles\system.tmp_save
2025-07-09 11:49:08,669 [INFO] CodeEngine:287 - Generated code: C:\harman\STM32Cube\250708_OV7670\MXTmpFiles\system.tmp
2025-07-09 11:49:08,681 [INFO] CodeEngine:319 - oldGeneratedFile, C:\harman\STM32Cube\250708_OV7670\Core\Inc\stm32h7xx_hal_conf.h_save
2025-07-09 11:49:08,744 [INFO] CodeEngine:343 - Generated code: C:\harman\STM32Cube\250708_OV7670\Core\Inc\stm32h7xx_hal_conf.h
2025-07-09 11:49:08,780 [ERROR] ApiDbMcu:464 - Can't load MEMORYMAP-STM32xx root dir null
2025-07-09 11:49:08,780 [ERROR] ApiDbMcu:536 - Cannot parse MEMORYMAP_Config file : file do not exist
2025-07-09 11:49:08,795 [INFO] CodeEngine:263 - oldGeneratedFile, C:\harman\STM32Cube\250708_OV7670\Core\Inc\main.h_save
2025-07-09 11:49:08,871 [INFO] CodeEngine:287 - Generated code: C:\harman\STM32Cube\250708_OV7670\Core\Inc\main.h
2025-07-09 11:49:08,903 [INFO] CodeEngine:263 - oldGeneratedFile, C:\harman\STM32Cube\250708_OV7670\Core\Src\main.c_save
2025-07-09 11:49:08,998 [INFO] CodeEngine:287 - Generated code: C:\harman\STM32Cube\250708_OV7670\Core\Src\main.c
2025-07-09 11:49:09,402 [INFO] ProjectBuilder:3324 - Time for Copy HAL[1] : 281mS.
2025-07-09 11:49:09,404 [INFO] ProjectBuilder:4912 - Project Generator version: 4.6.0.1-B1
2025-07-09 11:49:09,452 [INFO] ConfigFileManager:1590 - The Die is : DIE450
2025-07-09 11:49:10,552 [INFO] ProjectBuilder:5191 - Time for Generating toolchain IDE Files: 1148mS.
2025-07-09 11:49:10,553 [INFO] ProjectBuilder:3181 - Time for Copy CMSIS : 1mS.
2025-07-09 11:49:10,556 [INFO] ProjectBuilder:3181 - Time for Copy CMSIS : 0mS.
2025-07-09 11:52:45,806 [INFO] I2cTimingTraitement:330 - 0x307075B1
2025-07-09 11:52:50,385 [INFO] NvicIntPanel:101 - NVIC parent = com.st.microxplorer.plugins.ip.nvic.MultiNvicIntPanel[,0,0,486x440,layout=javax.swing.BoxLayout,alignmentX=0.0,alignmentY=0.0,border=,flags=9,maximumSize=,minimumSize=,preferredSize=]
2025-07-09 11:53:01,238 [INFO] UtilMem:75 - End SaveConfig() Used Memory: 939417728 Bytes (1073741824)
2025-07-09 11:53:03,667 [INFO] UtilMem:75 - End SaveConfig() Used Memory: 968263792 Bytes (1073741824)
2025-07-09 11:53:04,284 [INFO] BlockDiagram:2775 - set Specific Code input for plugin: SPI
2025-07-09 11:53:04,285 [INFO] BlockDiagram:2775 - set Specific Code input for plugin: RCC
2025-07-09 11:53:04,285 [INFO] BlockDiagram:2775 - set Specific Code input for plugin: I2C
2025-07-09 11:53:04,285 [INFO] BlockDiagram:2775 - set Specific Code input for plugin: DCMI
2025-07-09 11:53:04,285 [INFO] BlockDiagram:2775 - set Specific Code input for plugin: USART
2025-07-09 11:53:04,285 [INFO] BlockDiagram:2775 - set Specific Code input for plugin: FMC
2025-07-09 11:53:04,285 [INFO] BlockDiagram:2775 - set Specific Code input for plugin: MEMORYMAP
2025-07-09 11:53:04,285 [INFO] BlockDiagram:2775 - set Specific Code input for plugin: SYS
2025-07-09 11:53:04,285 [INFO] BlockDiagram:2775 - set Specific Code input for plugin: NVIC
2025-07-09 11:53:04,285 [INFO] BlockDiagram:2775 - set Specific Code input for plugin: CORTEX_M7
2025-07-09 11:53:04,285 [INFO] BlockDiagram:2775 - set Specific Code input for plugin: DMA
2025-07-09 11:53:04,285 [INFO] BlockDiagram:2775 - set Specific Code input for plugin: DEBUG
2025-07-09 11:53:04,287 [INFO] BlockDiagram:2775 - set Specific Code input for plugin: GPIO
2025-07-09 11:53:04,288 [INFO] CodeGenerator:882 - code generatio: config db path: C:\ST\STM32CubeIDE_1.18.1\STM32CubeIDE\plugins\com.st.stm32cube.common.mx_6.14.1.202504091515\\db\
2025-07-09 11:53:04,297 [INFO] Argument:325 - Argument : hdmavalue: null
2025-07-09 11:53:04,298 [INFO] Argument:327 - 	 sub Args: 
2025-07-09 11:53:04,298 [INFO] Argument:325 - Argument : Instancevalue: DMA1_Stream1
2025-07-09 11:53:04,298 [INFO] Argument:335 - Argument : Instancevalue: DMA1_Stream1
2025-07-09 11:53:04,298 [INFO] Argument:325 - Argument : Initvalue: null
2025-07-09 11:53:04,298 [INFO] Argument:327 - 	 sub Args: 
2025-07-09 11:53:04,298 [INFO] Argument:325 - Argument : Requestvalue: DMA_REQUEST_DCMI
2025-07-09 11:53:04,298 [INFO] Argument:335 - Argument : Requestvalue: DMA_REQUEST_DCMI
2025-07-09 11:53:04,298 [INFO] Argument:325 - Argument : Directionvalue: DMA_PERIPH_TO_MEMORY
2025-07-09 11:53:04,298 [INFO] Argument:335 - Argument : Directionvalue: DMA_PERIPH_TO_MEMORY
2025-07-09 11:53:04,298 [INFO] Argument:325 - Argument : PeriphIncvalue: DMA_PINC_DISABLE
2025-07-09 11:53:04,298 [INFO] Argument:335 - Argument : PeriphIncvalue: DMA_PINC_DISABLE
2025-07-09 11:53:04,298 [INFO] Argument:325 - Argument : MemIncvalue: DMA_MINC_ENABLE
2025-07-09 11:53:04,298 [INFO] Argument:335 - Argument : MemIncvalue: DMA_MINC_ENABLE
2025-07-09 11:53:04,298 [INFO] Argument:325 - Argument : PeriphDataAlignmentvalue: DMA_PDATAALIGN_WORD
2025-07-09 11:53:04,299 [INFO] Argument:335 - Argument : PeriphDataAlignmentvalue: DMA_PDATAALIGN_WORD
2025-07-09 11:53:04,299 [INFO] Argument:325 - Argument : MemDataAlignmentvalue: DMA_MDATAALIGN_WORD
2025-07-09 11:53:04,299 [INFO] Argument:335 - Argument : MemDataAlignmentvalue: DMA_MDATAALIGN_WORD
2025-07-09 11:53:04,299 [INFO] Argument:325 - Argument : Modevalue: DMA_NORMAL
2025-07-09 11:53:04,299 [INFO] Argument:335 - Argument : Modevalue: DMA_NORMAL
2025-07-09 11:53:04,299 [INFO] Argument:325 - Argument : Priorityvalue: DMA_PRIORITY_LOW
2025-07-09 11:53:04,299 [INFO] Argument:335 - Argument : Priorityvalue: DMA_PRIORITY_LOW
2025-07-09 11:53:04,299 [INFO] Argument:325 - Argument : FIFOModevalue: DMA_FIFOMODE_DISABLE
2025-07-09 11:53:04,299 [INFO] Argument:335 - Argument : FIFOModevalue: DMA_FIFOMODE_DISABLE
2025-07-09 11:53:04,299 [INFO] Argument:325 - Argument : FIFOThresholdvalue: null
2025-07-09 11:53:04,299 [INFO] Argument:335 - Argument : FIFOThresholdvalue: null
2025-07-09 11:53:04,299 [INFO] Argument:325 - Argument : MemBurstvalue: null
2025-07-09 11:53:04,299 [INFO] Argument:335 - Argument : MemBurstvalue: null
2025-07-09 11:53:04,299 [INFO] Argument:325 - Argument : PeriphBurstvalue: null
2025-07-09 11:53:04,299 [INFO] Argument:335 - Argument : PeriphBurstvalue: null
2025-07-09 11:53:04,299 [INFO] Argument:325 - Argument : Lockvalue: null
2025-07-09 11:53:04,299 [INFO] Argument:335 - Argument : Lockvalue: null
2025-07-09 11:53:04,299 [INFO] Argument:325 - Argument : Statevalue: null
2025-07-09 11:53:04,299 [INFO] Argument:335 - Argument : Statevalue: null
2025-07-09 11:53:04,299 [INFO] Argument:325 - Argument : Parentvalue: null
2025-07-09 11:53:04,300 [INFO] Argument:335 - Argument : Parentvalue: null
2025-07-09 11:53:04,300 [INFO] Argument:325 - Argument : XferCpltCallbackvalue: null
2025-07-09 11:53:04,300 [INFO] Argument:335 - Argument : XferCpltCallbackvalue: null
2025-07-09 11:53:04,300 [INFO] Argument:325 - Argument : XferHalfCpltCallbackvalue: null
2025-07-09 11:53:04,300 [INFO] Argument:335 - Argument : XferHalfCpltCallbackvalue: null
2025-07-09 11:53:04,300 [INFO] Argument:325 - Argument : XferM1CpltCallbackvalue: null
2025-07-09 11:53:04,300 [INFO] Argument:335 - Argument : XferM1CpltCallbackvalue: null
2025-07-09 11:53:04,300 [INFO] Argument:325 - Argument : XferM1HalfCpltCallbackvalue: null
2025-07-09 11:53:04,300 [INFO] Argument:335 - Argument : XferM1HalfCpltCallbackvalue: null
2025-07-09 11:53:04,300 [INFO] Argument:325 - Argument : XferErrorCallbackvalue: null
2025-07-09 11:53:04,300 [INFO] Argument:335 - Argument : XferErrorCallbackvalue: null
2025-07-09 11:53:04,300 [INFO] Argument:325 - Argument : XferAbortCallbackvalue: null
2025-07-09 11:53:04,300 [INFO] Argument:335 - Argument : XferAbortCallbackvalue: null
2025-07-09 11:53:04,300 [INFO] Argument:325 - Argument : ErrorCodevalue: null
2025-07-09 11:53:04,300 [INFO] Argument:335 - Argument : ErrorCodevalue: null
2025-07-09 11:53:04,300 [INFO] Argument:325 - Argument : StreamBaseAddressvalue: null
2025-07-09 11:53:04,300 [INFO] Argument:335 - Argument : StreamBaseAddressvalue: null
2025-07-09 11:53:04,301 [INFO] Argument:325 - Argument : StreamIndexvalue: null
2025-07-09 11:53:04,301 [INFO] Argument:335 - Argument : StreamIndexvalue: null
2025-07-09 11:53:04,344 [INFO] Argument:325 - Argument : hdmavalue: null
2025-07-09 11:53:04,344 [INFO] Argument:327 - 	 sub Args: 
2025-07-09 11:53:04,345 [INFO] Argument:325 - Argument : Instancevalue: DMA1_Stream0
2025-07-09 11:53:04,345 [INFO] Argument:335 - Argument : Instancevalue: DMA1_Stream0
2025-07-09 11:53:04,345 [INFO] Argument:325 - Argument : Initvalue: null
2025-07-09 11:53:04,345 [INFO] Argument:327 - 	 sub Args: 
2025-07-09 11:53:04,345 [INFO] Argument:325 - Argument : Requestvalue: DMA_REQUEST_SPI1_TX
2025-07-09 11:53:04,345 [INFO] Argument:335 - Argument : Requestvalue: DMA_REQUEST_SPI1_TX
2025-07-09 11:53:04,345 [INFO] Argument:325 - Argument : Directionvalue: DMA_MEMORY_TO_PERIPH
2025-07-09 11:53:04,345 [INFO] Argument:335 - Argument : Directionvalue: DMA_MEMORY_TO_PERIPH
2025-07-09 11:53:04,345 [INFO] Argument:325 - Argument : PeriphIncvalue: DMA_PINC_DISABLE
2025-07-09 11:53:04,345 [INFO] Argument:335 - Argument : PeriphIncvalue: DMA_PINC_DISABLE
2025-07-09 11:53:04,345 [INFO] Argument:325 - Argument : MemIncvalue: DMA_MINC_ENABLE
2025-07-09 11:53:04,345 [INFO] Argument:335 - Argument : MemIncvalue: DMA_MINC_ENABLE
2025-07-09 11:53:04,345 [INFO] Argument:325 - Argument : PeriphDataAlignmentvalue: DMA_PDATAALIGN_BYTE
2025-07-09 11:53:04,345 [INFO] Argument:335 - Argument : PeriphDataAlignmentvalue: DMA_PDATAALIGN_BYTE
2025-07-09 11:53:04,345 [INFO] Argument:325 - Argument : MemDataAlignmentvalue: DMA_MDATAALIGN_BYTE
2025-07-09 11:53:04,345 [INFO] Argument:335 - Argument : MemDataAlignmentvalue: DMA_MDATAALIGN_BYTE
2025-07-09 11:53:04,347 [INFO] Argument:325 - Argument : Modevalue: DMA_NORMAL
2025-07-09 11:53:04,347 [INFO] Argument:335 - Argument : Modevalue: DMA_NORMAL
2025-07-09 11:53:04,347 [INFO] Argument:325 - Argument : Priorityvalue: DMA_PRIORITY_LOW
2025-07-09 11:53:04,347 [INFO] Argument:335 - Argument : Priorityvalue: DMA_PRIORITY_LOW
2025-07-09 11:53:04,347 [INFO] Argument:325 - Argument : FIFOModevalue: DMA_FIFOMODE_DISABLE
2025-07-09 11:53:04,347 [INFO] Argument:335 - Argument : FIFOModevalue: DMA_FIFOMODE_DISABLE
2025-07-09 11:53:04,347 [INFO] Argument:325 - Argument : FIFOThresholdvalue: null
2025-07-09 11:53:04,347 [INFO] Argument:335 - Argument : FIFOThresholdvalue: null
2025-07-09 11:53:04,347 [INFO] Argument:325 - Argument : MemBurstvalue: null
2025-07-09 11:53:04,347 [INFO] Argument:335 - Argument : MemBurstvalue: null
2025-07-09 11:53:04,347 [INFO] Argument:325 - Argument : PeriphBurstvalue: null
2025-07-09 11:53:04,347 [INFO] Argument:335 - Argument : PeriphBurstvalue: null
2025-07-09 11:53:04,347 [INFO] Argument:325 - Argument : Lockvalue: null
2025-07-09 11:53:04,347 [INFO] Argument:335 - Argument : Lockvalue: null
2025-07-09 11:53:04,347 [INFO] Argument:325 - Argument : Statevalue: null
2025-07-09 11:53:04,347 [INFO] Argument:335 - Argument : Statevalue: null
2025-07-09 11:53:04,347 [INFO] Argument:325 - Argument : Parentvalue: null
2025-07-09 11:53:04,347 [INFO] Argument:335 - Argument : Parentvalue: null
2025-07-09 11:53:04,347 [INFO] Argument:325 - Argument : XferCpltCallbackvalue: null
2025-07-09 11:53:04,347 [INFO] Argument:335 - Argument : XferCpltCallbackvalue: null
2025-07-09 11:53:04,347 [INFO] Argument:325 - Argument : XferHalfCpltCallbackvalue: null
2025-07-09 11:53:04,347 [INFO] Argument:335 - Argument : XferHalfCpltCallbackvalue: null
2025-07-09 11:53:04,347 [INFO] Argument:325 - Argument : XferM1CpltCallbackvalue: null
2025-07-09 11:53:04,347 [INFO] Argument:335 - Argument : XferM1CpltCallbackvalue: null
2025-07-09 11:53:04,347 [INFO] Argument:325 - Argument : XferM1HalfCpltCallbackvalue: null
2025-07-09 11:53:04,347 [INFO] Argument:335 - Argument : XferM1HalfCpltCallbackvalue: null
2025-07-09 11:53:04,347 [INFO] Argument:325 - Argument : XferErrorCallbackvalue: null
2025-07-09 11:53:04,348 [INFO] Argument:335 - Argument : XferErrorCallbackvalue: null
2025-07-09 11:53:04,348 [INFO] Argument:325 - Argument : XferAbortCallbackvalue: null
2025-07-09 11:53:04,348 [INFO] Argument:335 - Argument : XferAbortCallbackvalue: null
2025-07-09 11:53:04,348 [INFO] Argument:325 - Argument : ErrorCodevalue: null
2025-07-09 11:53:04,348 [INFO] Argument:335 - Argument : ErrorCodevalue: null
2025-07-09 11:53:04,348 [INFO] Argument:325 - Argument : StreamBaseAddressvalue: null
2025-07-09 11:53:04,348 [INFO] Argument:335 - Argument : StreamBaseAddressvalue: null
2025-07-09 11:53:04,348 [INFO] Argument:325 - Argument : StreamIndexvalue: null
2025-07-09 11:53:04,348 [INFO] Argument:335 - Argument : StreamIndexvalue: null
2025-07-09 11:53:04,550 [INFO] CodeEngine:263 - oldGeneratedFile, C:\harman\STM32Cube\250708_OV7670\MXTmpFiles\license.tmp_save
2025-07-09 11:53:04,894 [INFO] CodeEngine:287 - Generated code: C:\harman\STM32Cube\250708_OV7670\MXTmpFiles\license.tmp
2025-07-09 11:53:05,060 [INFO] CodeEngine:263 - oldGeneratedFile, C:\harman\STM32Cube\250708_OV7670\Core\Src\gpio.c_save
2025-07-09 11:53:05,297 [INFO] CodeEngine:287 - Generated code: C:\harman\STM32Cube\250708_OV7670\Core\Src\gpio.c
2025-07-09 11:53:05,311 [INFO] CodeEngine:263 - oldGeneratedFile, C:\harman\STM32Cube\250708_OV7670\Core\Inc\gpio.h_save
2025-07-09 11:53:05,488 [INFO] CodeEngine:287 - Generated code: C:\harman\STM32Cube\250708_OV7670\Core\Inc\gpio.h
2025-07-09 11:53:05,962 [WARN] IPConfigManager:103 - WARNING: Missing Config File for DEBUG ip!!
2025-07-09 11:53:06,650 [WARN] IPConfigManager:103 - WARNING: Missing Config File for MEMORYMAP ip!!
2025-07-09 11:53:07,521 [INFO] CodeEngine:263 - oldGeneratedFile, C:\harman\STM32Cube\250708_OV7670\MXTmpFiles\cortex.tmp_save
2025-07-09 11:53:07,606 [INFO] CodeEngine:287 - Generated code: C:\harman\STM32Cube\250708_OV7670\MXTmpFiles\cortex.tmp
2025-07-09 11:53:07,621 [INFO] CodeEngine:263 - oldGeneratedFile, C:\harman\STM32Cube\250708_OV7670\Core\Src\dcmi.c_save
2025-07-09 11:53:07,725 [INFO] CodeEngine:287 - Generated code: C:\harman\STM32Cube\250708_OV7670\Core\Src\dcmi.c
2025-07-09 11:53:07,733 [INFO] CodeEngine:263 - oldGeneratedFile, C:\harman\STM32Cube\250708_OV7670\Core\Inc\dcmi.h_save
2025-07-09 11:53:07,787 [INFO] CodeEngine:287 - Generated code: C:\harman\STM32Cube\250708_OV7670\Core\Inc\dcmi.h
2025-07-09 11:53:07,882 [INFO] CodeEngine:263 - oldGeneratedFile, C:\harman\STM32Cube\250708_OV7670\Core\Src\dma.c_save
2025-07-09 11:53:07,943 [INFO] CodeEngine:287 - Generated code: C:\harman\STM32Cube\250708_OV7670\Core\Src\dma.c
2025-07-09 11:53:07,951 [INFO] CodeEngine:263 - oldGeneratedFile, C:\harman\STM32Cube\250708_OV7670\Core\Inc\dma.h_save
2025-07-09 11:53:08,008 [INFO] CodeEngine:287 - Generated code: C:\harman\STM32Cube\250708_OV7670\Core\Inc\dma.h
2025-07-09 11:53:08,026 [INFO] CodeEngine:263 - oldGeneratedFile, C:\harman\STM32Cube\250708_OV7670\Core\Src\fmc.c_save
2025-07-09 11:53:08,098 [INFO] CodeEngine:287 - Generated code: C:\harman\STM32Cube\250708_OV7670\Core\Src\fmc.c
2025-07-09 11:53:08,106 [INFO] CodeEngine:263 - oldGeneratedFile, C:\harman\STM32Cube\250708_OV7670\Core\Inc\fmc.h_save
2025-07-09 11:53:08,167 [INFO] CodeEngine:287 - Generated code: C:\harman\STM32Cube\250708_OV7670\Core\Inc\fmc.h
2025-07-09 11:53:08,182 [INFO] CodeEngine:263 - oldGeneratedFile, C:\harman\STM32Cube\250708_OV7670\Core\Src\i2c.c_save
2025-07-09 11:53:08,260 [INFO] CodeEngine:287 - Generated code: C:\harman\STM32Cube\250708_OV7670\Core\Src\i2c.c
2025-07-09 11:53:08,266 [INFO] CodeEngine:263 - oldGeneratedFile, C:\harman\STM32Cube\250708_OV7670\Core\Inc\i2c.h_save
2025-07-09 11:53:08,321 [INFO] CodeEngine:287 - Generated code: C:\harman\STM32Cube\250708_OV7670\Core\Inc\i2c.h
2025-07-09 11:53:08,337 [INFO] CodeEngine:263 - oldGeneratedFile, C:\harman\STM32Cube\250708_OV7670\Core\Src\memorymap.c_save
2025-07-09 11:53:08,415 [INFO] CodeEngine:287 - Generated code: C:\harman\STM32Cube\250708_OV7670\Core\Src\memorymap.c
2025-07-09 11:53:08,422 [INFO] CodeEngine:263 - oldGeneratedFile, C:\harman\STM32Cube\250708_OV7670\Core\Inc\memorymap.h_save
2025-07-09 11:53:08,480 [INFO] CodeEngine:287 - Generated code: C:\harman\STM32Cube\250708_OV7670\Core\Inc\memorymap.h
2025-07-09 11:53:08,494 [INFO] CodeEngine:263 - oldGeneratedFile, C:\harman\STM32Cube\250708_OV7670\Core\Src\spi.c_save
2025-07-09 11:53:08,580 [INFO] CodeEngine:287 - Generated code: C:\harman\STM32Cube\250708_OV7670\Core\Src\spi.c
2025-07-09 11:53:08,589 [INFO] CodeEngine:263 - oldGeneratedFile, C:\harman\STM32Cube\250708_OV7670\Core\Inc\spi.h_save
2025-07-09 11:53:08,646 [INFO] CodeEngine:287 - Generated code: C:\harman\STM32Cube\250708_OV7670\Core\Inc\spi.h
2025-07-09 11:53:08,664 [INFO] CodeEngine:263 - oldGeneratedFile, C:\harman\STM32Cube\250708_OV7670\Core\Src\usart.c_save
2025-07-09 11:53:08,751 [INFO] CodeEngine:287 - Generated code: C:\harman\STM32Cube\250708_OV7670\Core\Src\usart.c
2025-07-09 11:53:08,757 [INFO] CodeEngine:263 - oldGeneratedFile, C:\harman\STM32Cube\250708_OV7670\Core\Inc\usart.h_save
2025-07-09 11:53:08,813 [INFO] CodeEngine:287 - Generated code: C:\harman\STM32Cube\250708_OV7670\Core\Inc\usart.h
2025-07-09 11:53:08,841 [INFO] CodeEngine:263 - oldGeneratedFile, C:\harman\STM32Cube\250708_OV7670\Core\Src\stm32h7xx_it.c_save
2025-07-09 11:53:09,032 [INFO] CodeEngine:287 - Generated code: C:\harman\STM32Cube\250708_OV7670\Core\Src\stm32h7xx_it.c
2025-07-09 11:53:09,043 [INFO] CodeEngine:263 - oldGeneratedFile, C:\harman\STM32Cube\250708_OV7670\Core\Inc\stm32h7xx_it.h_save
2025-07-09 11:53:09,125 [INFO] CodeEngine:287 - Generated code: C:\harman\STM32Cube\250708_OV7670\Core\Inc\stm32h7xx_it.h
2025-07-09 11:53:09,547 [INFO] CodeEngine:263 - oldGeneratedFile, C:\harman\STM32Cube\250708_OV7670\Core\Src\stm32h7xx_hal_msp.c_save
2025-07-09 11:53:09,645 [INFO] CodeEngine:287 - Generated code: C:\harman\STM32Cube\250708_OV7670\Core\Src\stm32h7xx_hal_msp.c
2025-07-09 11:53:09,651 [INFO] CodeEngine:263 - oldGeneratedFile, C:\harman\STM32Cube\250708_OV7670\MXTmpFiles\system.tmp_save
2025-07-09 11:53:09,710 [INFO] CodeEngine:287 - Generated code: C:\harman\STM32Cube\250708_OV7670\MXTmpFiles\system.tmp
2025-07-09 11:53:09,724 [INFO] CodeEngine:319 - oldGeneratedFile, C:\harman\STM32Cube\250708_OV7670\Core\Inc\stm32h7xx_hal_conf.h_save
2025-07-09 11:53:09,781 [INFO] CodeEngine:343 - Generated code: C:\harman\STM32Cube\250708_OV7670\Core\Inc\stm32h7xx_hal_conf.h
2025-07-09 11:53:09,815 [INFO] ApiDbMcu:508 - Load IP Config File for I2C1
2025-07-09 11:53:09,815 [ERROR] ApiDbMcu:464 - Can't load MEMORYMAP-STM32xx root dir null
2025-07-09 11:53:09,815 [ERROR] ApiDbMcu:536 - Cannot parse MEMORYMAP_Config file : file do not exist
2025-07-09 11:53:09,832 [INFO] CodeEngine:263 - oldGeneratedFile, C:\harman\STM32Cube\250708_OV7670\Core\Inc\main.h_save
2025-07-09 11:53:09,905 [INFO] CodeEngine:287 - Generated code: C:\harman\STM32Cube\250708_OV7670\Core\Inc\main.h
2025-07-09 11:53:09,913 [INFO] CodeEngine:263 - oldGeneratedFile, C:\harman\STM32Cube\250708_OV7670\Core\Src\main.c_save
2025-07-09 11:53:09,996 [INFO] CodeEngine:287 - Generated code: C:\harman\STM32Cube\250708_OV7670\Core\Src\main.c
2025-07-09 11:53:10,503 [INFO] ProjectBuilder:3324 - Time for Copy HAL[1] : 374mS.
2025-07-09 11:53:10,509 [INFO] ProjectBuilder:4912 - Project Generator version: 4.6.0.1-B1
2025-07-09 11:53:10,571 [INFO] ConfigFileManager:1590 - The Die is : DIE450
2025-07-09 11:53:12,190 [INFO] ProjectBuilder:5191 - Time for Generating toolchain IDE Files: 1681mS.
2025-07-09 11:53:12,191 [INFO] ProjectBuilder:3181 - Time for Copy CMSIS : 1mS.
2025-07-09 11:53:12,197 [INFO] ProjectBuilder:3181 - Time for Copy CMSIS : 0mS.
2025-07-09 12:40:48,748 [INFO] MainUpdater:2872 - connection check result : 10
2025-07-09 12:40:48,749 [INFO] MainUpdater:2872 - connection check result : 10
2025-07-09 12:40:49,034 [INFO] I2cTimingTraitement:330 - 0x307075B1
2025-07-09 12:40:49,039 [INFO] MicroXplorer:468 - Change Database Path : 
2025-07-09 12:40:49,039 [INFO] MicroXplorer:498 - Change Database Version : DB.6.0.141
2025-07-09 12:40:49,118 [ERROR] ProjectManagerView:395 - 
java.lang.NullPointerException: Cannot invoke "javax.swing.JTextField.getText()" because the return value of "java.util.List.get(int)" is null
	at com.st.microxplorer.plugins.projectmanager.gui.ProjectChoiceTab$9.caretUpdate(ProjectChoiceTab.java:2678) ~[filemanager.jar:?]
	at javax.swing.text.JTextComponent.fireCaretUpdate(JTextComponent.java:408) ~[?:?]
	at javax.swing.text.JTextComponent$MutableCaretEvent.fire(JTextComponent.java:4484) ~[?:?]
	at javax.swing.text.JTextComponent$MutableCaretEvent.stateChanged(JTextComponent.java:4506) ~[?:?]
	at javax.swing.text.DefaultCaret.fireStateChanged(DefaultCaret.java:857) ~[?:?]
	at javax.swing.text.DefaultCaret.changeCaretPosition(DefaultCaret.java:1343) ~[?:?]
	at javax.swing.text.DefaultCaret.handleSetDot(DefaultCaret.java:1242) ~[?:?]
	at javax.swing.text.DefaultCaret.setDot(DefaultCaret.java:1223) ~[?:?]
	at javax.swing.text.DefaultCaret$Handler.insertUpdate(DefaultCaret.java:1819) ~[?:?]
	at javax.swing.text.AbstractDocument.fireInsertUpdate(AbstractDocument.java:227) ~[?:?]
	at javax.swing.text.AbstractDocument.handleInsertString(AbstractDocument.java:781) ~[?:?]
	at javax.swing.text.AbstractDocument.insertString(AbstractDocument.java:740) ~[?:?]
	at javax.swing.text.PlainDocument.insertString(PlainDocument.java:131) ~[?:?]
	at javax.swing.text.AbstractDocument.replace(AbstractDocument.java:699) ~[?:?]
	at javax.swing.text.JTextComponent.setText(JTextComponent.java:1725) ~[?:?]
	at com.st.microxplorer.plugins.projectmanager.gui.ProjectChoiceTab.createHeapStackFields(ProjectChoiceTab.java:979) ~[filemanager.jar:?]
	at com.st.microxplorer.plugins.projectmanager.gui.ProjectChoiceTab.buildLinkSettingsPanel(ProjectChoiceTab.java:3766) ~[filemanager.jar:?]
	at com.st.microxplorer.plugins.projectmanager.gui.ProjectChoiceTab.defineWindowsFields(ProjectChoiceTab.java:1962) ~[filemanager.jar:?]
	at com.st.microxplorer.plugins.projectmanager.gui.ProjectChoiceTab.updateSettings(ProjectChoiceTab.java:555) ~[filemanager.jar:?]
	at com.st.microxplorer.plugins.projectmanager.gui.ProjectSettingsPanel.UpdateDialog(ProjectSettingsPanel.java:245) ~[filemanager.jar:?]
	at com.st.microxplorer.plugins.projectmanager.ProjectManagerView.propertyChange(ProjectManagerView.java:392) ~[filemanager.jar:?]
	at java.beans.PropertyChangeSupport.fire(PropertyChangeSupport.java:343) ~[?:?]
	at java.beans.PropertyChangeSupport.firePropertyChange(PropertyChangeSupport.java:335) ~[?:?]
	at java.beans.PropertyChangeSupport.firePropertyChange(PropertyChangeSupport.java:268) ~[?:?]
	at com.st.microxplorer.util.MXPropertyChangeSupport.firePropertyChange(MXPropertyChangeSupport.java:54) ~[STM32CubeMX.jar:?]
	at com.st.microxplorer.mxsystem.MxSystem.closeConfig(MxSystem.java:899) ~[STM32CubeMX.jar:?]
	at com.st.microxplorer.maingui.MainPanel.closeConfig(MainPanel.java:789) ~[STM32CubeMX.jar:?]
	at com.st.microxplorer.plugins.filemanager.engine.OpenFileManager.loadConfigurationFile(OpenFileManager.java:287) ~[filemanager.jar:?]
	at com.st.microxplorer.plugins.filemanager.engine.MainFileManager.userLoadConfig(MainFileManager.java:341) ~[filemanager.jar:?]
	at com.st.microxplorer.plugins.filemanager.engine.MainFileManager.userLoadConfig(MainFileManager.java:319) ~[filemanager.jar:?]
	at com.st.microxplorer.plugins.filemanager.FileManagerView.getSpecificTask(FileManagerView.java:246) ~[filemanager.jar:?]
	at com.st.stm32cube.common.mx.editor.CubeMxEditor.getMxTabbedPaneInstance(CubeMxEditor.java:1198) ~[com.st.stm32cube.common.mx_6.14.1.202504091515/:?]
	at com.st.stm32cube.common.mx.editor.CubeMxEditor$12$1.createSwingComponent(CubeMxEditor.java:1068) ~[com.st.stm32cube.common.mx_6.14.1.202504091515/:?]
	at com.st.stm32cube.common.mx.oss.core.awtswtbridge.EmbeddedSwingComposite.doComponentCreation(EmbeddedSwingComposite.java:492) ~[com.st.stm32cube.common.mx.oss_6.14.1.202504091515/:?]
	at com.st.stm32cube.common.mx.oss.core.awtswtbridge.EmbeddedSwingComposite$4.run(EmbeddedSwingComposite.java:291) ~[com.st.stm32cube.common.mx.oss_6.14.1.202504091515/:?]
	at com.st.stm32cube.common.mx.oss.core.awtswtbridge.AwtEnvironment$2.run(AwtEnvironment.java:166) ~[com.st.stm32cube.common.mx.oss_6.14.1.202504091515/:?]
	at java.awt.event.InvocationEvent.dispatch(InvocationEvent.java:318) ~[?:?]
	at java.awt.EventQueue.dispatchEventImpl(EventQueue.java:773) ~[?:?]
	at java.awt.EventQueue$4.run(EventQueue.java:720) ~[?:?]
	at java.awt.EventQueue$4.run(EventQueue.java:714) ~[?:?]
	at java.security.AccessController.doPrivileged(AccessController.java:400) ~[?:?]
	at java.security.ProtectionDomain$JavaSecurityAccessImpl.doIntersectionPrivilege(ProtectionDomain.java:87) ~[?:?]
	at java.awt.EventQueue.dispatchEvent(EventQueue.java:742) ~[?:?]
	at java.awt.EventDispatchThread.pumpOneEventForFilters(EventDispatchThread.java:203) ~[?:?]
	at java.awt.EventDispatchThread.pumpEventsForFilter(EventDispatchThread.java:124) ~[?:?]
	at java.awt.EventDispatchThread.pumpEventsForHierarchy(EventDispatchThread.java:113) ~[?:?]
	at java.awt.EventDispatchThread.pumpEvents(EventDispatchThread.java:109) ~[?:?]
	at java.awt.EventDispatchThread.pumpEvents(EventDispatchThread.java:101) ~[?:?]
	at java.awt.EventDispatchThread.run(EventDispatchThread.java:90) ~[?:?]
2025-07-09 12:40:49,123 [WARN] ThirdParty:871 - waiting for thirdparty lock release [close project]
2025-07-09 12:40:49,123 [INFO] ThirdParty:873 - entering critical section [close project]
2025-07-09 12:40:49,123 [INFO] ThirdParty:883 - exiting critical section [close project]
2025-07-09 12:40:49,130 [INFO] PinOutPanel:1589 - setPackage(No Configuration,No Configuration)
2025-07-09 12:40:49,171 [WARN] IpParametersView:155 - Warning: This peripheral hasn't parameters
2025-07-09 12:40:49,197 [WARN] MainPanel:289 - <html><b><center>Warning: This peripheral has no parameters to be configured<br></b></html>
2025-07-09 12:40:49,210 [INFO] UtilMem:75 - Begin LoadConfig() Used Memory: 986320584 Bytes (1073741824)
2025-07-09 12:40:49,211 [INFO] MicroXplorer:468 - Change Database Path : 
2025-07-09 12:40:49,211 [INFO] MicroXplorer:498 - Change Database Version : DB.6.0.141
2025-07-09 12:40:49,211 [INFO] OpenFileManager:354 - Change cursor
2025-07-09 12:40:49,260 [INFO] RulesReader:64 - Compatibility file has been processed (302 Rules)
2025-07-09 12:40:49,288 [INFO] Mcu:2011 - Initializing MCU STM32H743XIHx STM32H743XIHx STM32H743XIH6
2025-07-09 12:40:54,453 [INFO] Context:756 - Trying to add GPIOservice into a context  which must be forbidden
2025-07-09 12:40:56,373 [INFO] ImportTextPane:218 - (OptionalMessage_ERROR) Pin67 (VP_RIF_VS_RIF1) cannot be retrieved for this MCU
2025-07-09 12:40:56,720 [INFO] RtosManager:558 - Registered RTOS mode: class=CMSIS, group=RTOS, mode=CMSIS_V1, owner=FREERTOS
2025-07-09 12:40:56,720 [INFO] RtosManager:558 - Registered RTOS mode: class=CMSIS, group=RTOS2, mode=CMSIS_V2, owner=FREERTOS
2025-07-09 12:40:56,720 [INFO] RtosManager:558 - Registered RTOS mode: class=RTOS, group=Core, mode=CMSIS_V1, owner=FREERTOS
2025-07-09 12:40:56,720 [INFO] RtosManager:558 - Registered RTOS mode: class=RTOS, group=Core, mode=CMSIS_V2, owner=FREERTOS
2025-07-09 12:40:56,720 [WARN] ModelIntegratedComponent:184 - Missing modes for component STMicroelectronics:FreeRTOS:0.0.1:STMicroelectronics:RTOS:FreeRTOS:Core:::10.2.0:
2025-07-09 12:40:56,730 [WARN] ModelIntegratedComponent:63 - No mode defined for component null
2025-07-09 12:40:56,730 [WARN] ModelIntegratedComponent:63 - No mode defined for component null
2025-07-09 12:40:56,730 [WARN] ModelIntegratedComponent:63 - No mode defined for component null
2025-07-09 12:40:56,730 [WARN] ModelIntegratedComponent:63 - No mode defined for component null
2025-07-09 12:40:56,730 [WARN] ModelIntegratedComponent:63 - No mode defined for component null
2025-07-09 12:40:56,730 [WARN] ModelIntegratedComponent:63 - No mode defined for component null
2025-07-09 12:40:56,730 [WARN] ModelIntegratedComponent:63 - No mode defined for component null
2025-07-09 12:40:56,730 [WARN] ModelIntegratedComponent:63 - No mode defined for component null
2025-07-09 12:40:56,731 [WARN] ModelIntegratedComponent:63 - No mode defined for component null
2025-07-09 12:40:56,731 [WARN] ModelIntegratedComponent:63 - No mode defined for component null
2025-07-09 12:40:56,731 [WARN] ModelIntegratedComponent:63 - No mode defined for component null
2025-07-09 12:40:56,731 [WARN] ModelIntegratedComponent:63 - No mode defined for component null
2025-07-09 12:40:56,731 [WARN] ModelIntegratedComponent:63 - No mode defined for component null
2025-07-09 12:40:56,731 [WARN] ModelIntegratedComponent:63 - No mode defined for component null
2025-07-09 12:40:56,731 [WARN] ModelIntegratedComponent:63 - No mode defined for component null
2025-07-09 12:40:56,731 [WARN] ModelIntegratedComponent:63 - No mode defined for component null
2025-07-09 12:40:56,731 [WARN] ModelIntegratedComponent:63 - No mode defined for component null
2025-07-09 12:40:56,731 [WARN] ModelIntegratedComponent:63 - No mode defined for component null
2025-07-09 12:40:56,732 [WARN] ModelIntegratedComponent:63 - No mode defined for component null
2025-07-09 12:40:56,732 [WARN] ModelIntegratedComponent:63 - No mode defined for component null
2025-07-09 12:40:56,732 [WARN] ModelIntegratedComponent:63 - No mode defined for component null
2025-07-09 12:40:56,732 [WARN] ModelIntegratedComponent:63 - No mode defined for component null
2025-07-09 12:40:56,732 [WARN] ModelIntegratedComponent:63 - No mode defined for component null
2025-07-09 12:40:56,732 [WARN] ModelIntegratedComponent:63 - No mode defined for component null
2025-07-09 12:40:56,732 [WARN] ModelIntegratedComponent:63 - No mode defined for component null
2025-07-09 12:40:56,732 [WARN] ModelIntegratedComponent:63 - No mode defined for component null
2025-07-09 12:40:56,732 [WARN] ModelIntegratedComponent:63 - No mode defined for component null
2025-07-09 12:40:56,732 [WARN] ModelIntegratedComponent:63 - No mode defined for component null
2025-07-09 12:40:56,732 [WARN] ModelIntegratedComponent:63 - No mode defined for component null
2025-07-09 12:40:56,732 [WARN] ModelIntegratedComponent:63 - No mode defined for component null
2025-07-09 12:40:56,732 [WARN] ModelIntegratedComponent:63 - No mode defined for component null
2025-07-09 12:40:56,732 [WARN] ModelIntegratedComponent:63 - No mode defined for component null
2025-07-09 12:40:56,732 [WARN] ModelIntegratedComponent:63 - No mode defined for component null
2025-07-09 12:40:56,732 [WARN] ModelIntegratedComponent:63 - No mode defined for component null
2025-07-09 12:40:56,732 [WARN] ModelIntegratedComponent:63 - No mode defined for component null
2025-07-09 12:40:56,732 [WARN] ModelPack:524 - Component already loaded: STMicroelectronics:HAL Drivers:0.0.0:STMicroelectronics:Device:STMicro_Driver:XSPI:HAL::0.0.1:HAL_XSPI
2025-07-09 12:40:56,795 [INFO] ThirdPartyModel:298 - Start build external matchings
2025-07-09 12:40:57,213 [INFO] ThirdPartyModel:316 - End build external matchings
2025-07-09 12:40:57,245 [INFO] ImportTextPane:218 - (OptionalMessage_ERROR) IP (DMA) : Parameter (Instance) has Id (SPI1_TX) currently not set
2025-07-09 12:40:57,245 [INFO] ImportTextPane:218 - (OptionalMessage_ERROR) IP (DMA) : Parameter (Request) has Id (SPI1_TX) currently not set
2025-07-09 12:40:57,245 [INFO] ImportTextPane:218 - (OptionalMessage_ERROR) IP (DMA) : Parameter (Direction) has Id (SPI1_TX) currently not set
2025-07-09 12:40:57,245 [INFO] ImportTextPane:218 - (OptionalMessage_ERROR) IP (DMA) : Parameter (PeriphInc) has Id (SPI1_TX) currently not set
2025-07-09 12:40:57,245 [INFO] ImportTextPane:218 - (OptionalMessage_ERROR) IP (DMA) : Parameter (MemInc) has Id (SPI1_TX) currently not set
2025-07-09 12:40:57,245 [INFO] ImportTextPane:218 - (OptionalMessage_ERROR) IP (DMA) : Parameter (PeriphDataAlignment) has Id (SPI1_TX) currently not set
2025-07-09 12:40:57,245 [INFO] ImportTextPane:218 - (OptionalMessage_ERROR) IP (DMA) : Parameter (MemDataAlignment) has Id (SPI1_TX) currently not set
2025-07-09 12:40:57,245 [INFO] ImportTextPane:218 - (OptionalMessage_ERROR) IP (DMA) : Parameter (Mode) has Id (SPI1_TX) currently not set
2025-07-09 12:40:57,245 [INFO] ImportTextPane:218 - (OptionalMessage_ERROR) IP (DMA) : Parameter (Priority) has Id (SPI1_TX) currently not set
2025-07-09 12:40:57,245 [INFO] ImportTextPane:218 - (OptionalMessage_ERROR) IP (DMA) : Parameter (FIFOMode) has Id (SPI1_TX) currently not set
2025-07-09 12:40:57,245 [INFO] ImportTextPane:218 - (OptionalMessage_ERROR) IP (DMA) : Parameter (SignalID) has Id (SPI1_TX) currently not set
2025-07-09 12:40:57,245 [INFO] ImportTextPane:218 - (OptionalMessage_ERROR) IP (DMA) : Parameter (Polarity) has Id (SPI1_TX) currently not set
2025-07-09 12:40:57,245 [INFO] ImportTextPane:218 - (OptionalMessage_ERROR) IP (DMA) : Parameter (RequestNumber) has Id (SPI1_TX) currently not set
2025-07-09 12:40:57,246 [INFO] ImportTextPane:218 - (OptionalMessage_ERROR) IP (DMA) : Parameter (SyncSignalID) has Id (SPI1_TX) currently not set
2025-07-09 12:40:57,246 [INFO] ImportTextPane:218 - (OptionalMessage_ERROR) IP (DMA) : Parameter (SyncPolarity) has Id (SPI1_TX) currently not set
2025-07-09 12:40:57,246 [INFO] ImportTextPane:218 - (OptionalMessage_ERROR) IP (DMA) : Parameter (SyncEnable) has Id (SPI1_TX) currently not set
2025-07-09 12:40:57,247 [INFO] ImportTextPane:218 - (OptionalMessage_ERROR) IP (DMA) : Parameter (EventEnable) has Id (SPI1_TX) currently not set
2025-07-09 12:40:57,247 [INFO] ImportTextPane:218 - (OptionalMessage_ERROR) IP (DMA) : Parameter (SyncRequestNumber) has Id (SPI1_TX) currently not set
2025-07-09 12:40:57,247 [INFO] ImportTextPane:218 - (OptionalMessage_ERROR) IP (DMA) : Parameter (Instance) has Id (DCMI) currently not set
2025-07-09 12:40:57,247 [INFO] ImportTextPane:218 - (OptionalMessage_ERROR) IP (DMA) : Parameter (Request) has Id (DCMI) currently not set
2025-07-09 12:40:57,247 [INFO] ImportTextPane:218 - (OptionalMessage_ERROR) IP (DMA) : Parameter (Direction) has Id (DCMI) currently not set
2025-07-09 12:40:57,247 [INFO] ImportTextPane:218 - (OptionalMessage_ERROR) IP (DMA) : Parameter (PeriphInc) has Id (DCMI) currently not set
2025-07-09 12:40:57,247 [INFO] ImportTextPane:218 - (OptionalMessage_ERROR) IP (DMA) : Parameter (MemInc) has Id (DCMI) currently not set
2025-07-09 12:40:57,247 [INFO] ImportTextPane:218 - (OptionalMessage_ERROR) IP (DMA) : Parameter (PeriphDataAlignment) has Id (DCMI) currently not set
2025-07-09 12:40:57,247 [INFO] ImportTextPane:218 - (OptionalMessage_ERROR) IP (DMA) : Parameter (MemDataAlignment) has Id (DCMI) currently not set
2025-07-09 12:40:57,247 [INFO] ImportTextPane:218 - (OptionalMessage_ERROR) IP (DMA) : Parameter (Mode) has Id (DCMI) currently not set
2025-07-09 12:40:57,247 [INFO] ImportTextPane:218 - (OptionalMessage_ERROR) IP (DMA) : Parameter (Priority) has Id (DCMI) currently not set
2025-07-09 12:40:57,247 [INFO] ImportTextPane:218 - (OptionalMessage_ERROR) IP (DMA) : Parameter (FIFOMode) has Id (DCMI) currently not set
2025-07-09 12:40:57,247 [INFO] ImportTextPane:218 - (OptionalMessage_ERROR) IP (DMA) : Parameter (SignalID) has Id (DCMI) currently not set
2025-07-09 12:40:57,247 [INFO] ImportTextPane:218 - (OptionalMessage_ERROR) IP (DMA) : Parameter (Polarity) has Id (DCMI) currently not set
2025-07-09 12:40:57,247 [INFO] ImportTextPane:218 - (OptionalMessage_ERROR) IP (DMA) : Parameter (RequestNumber) has Id (DCMI) currently not set
2025-07-09 12:40:57,247 [INFO] ImportTextPane:218 - (OptionalMessage_ERROR) IP (DMA) : Parameter (SyncSignalID) has Id (DCMI) currently not set
2025-07-09 12:40:57,247 [INFO] ImportTextPane:218 - (OptionalMessage_ERROR) IP (DMA) : Parameter (SyncPolarity) has Id (DCMI) currently not set
2025-07-09 12:40:57,247 [INFO] ImportTextPane:218 - (OptionalMessage_ERROR) IP (DMA) : Parameter (SyncEnable) has Id (DCMI) currently not set
2025-07-09 12:40:57,247 [INFO] ImportTextPane:218 - (OptionalMessage_ERROR) IP (DMA) : Parameter (EventEnable) has Id (DCMI) currently not set
2025-07-09 12:40:57,247 [INFO] ImportTextPane:218 - (OptionalMessage_ERROR) IP (DMA) : Parameter (SyncRequestNumber) has Id (DCMI) currently not set
2025-07-09 12:40:57,251 [INFO] ImportTextPane:218 - (OptionalMessage_ERROR) IP (RCC) : Parameter (DFSDMACLkFreq_Value) has invalid value (480000000)
2025-07-09 12:40:57,255 [INFO] ImportTextPane:218 - (OptionalMessage_ERROR) IP (RCC) : Parameter (FDCANFreq_Value) has invalid value (480000000)
2025-07-09 12:40:57,255 [INFO] ImportTextPane:218 - (OptionalMessage_ERROR) IP (RCC) : Invalid parameter (FamilyName)
2025-07-09 12:40:57,255 [INFO] ImportTextPane:218 - (OptionalMessage_ERROR) IP (RCC) : Parameter (SAI1Freq_Value) has invalid value (480000000)
2025-07-09 12:40:57,256 [INFO] ImportTextPane:218 - (OptionalMessage_ERROR) IP (RCC) : Parameter (SAI23Freq_Value) has invalid value (480000000)
2025-07-09 12:40:57,256 [INFO] ImportTextPane:218 - (OptionalMessage_ERROR) IP (RCC) : Parameter (SAI4AFreq_Value) has invalid value (480000000)
2025-07-09 12:40:57,256 [INFO] ImportTextPane:218 - (OptionalMessage_ERROR) IP (RCC) : Parameter (SAI4BFreq_Value) has invalid value (480000000)
2025-07-09 12:40:57,256 [INFO] ImportTextPane:218 - (OptionalMessage_ERROR) IP (RCC) : Parameter (SDMMCFreq_Value) has invalid value (480000000)
2025-07-09 12:40:57,256 [INFO] ImportTextPane:218 - (OptionalMessage_ERROR) IP (RCC) : Parameter (SPDIFRXFreq_Value) has invalid value (480000000)
2025-07-09 12:40:57,256 [INFO] ImportTextPane:218 - (OptionalMessage_ERROR) IP (RCC) : Parameter (USBFreq_Value) has invalid value (480000000)
2025-07-09 12:40:58,559 [INFO] UtilMem:75 - End LoadConfig() Used Memory: 911844784 Bytes (1073741824)
2025-07-09 12:40:58,616 [WARN] ThirdParty:833 - waiting for thirdparty lock release [change project]
2025-07-09 12:40:58,616 [INFO] ThirdParty:835 - entering critical section [change project]
2025-07-09 12:40:58,616 [INFO] ThirdParty:1030 - CMSIS Pack Vendor :STMicroelectronics X-CUBE-PM33A1 1.0.0
2025-07-09 12:40:58,616 [INFO] ThirdParty:1030 - CMSIS Pack Vendor :STMicroelectronics USBPD 4.1
2025-07-09 12:40:58,616 [INFO] ThirdParty:1030 - CMSIS Pack Vendor :STMicroelectronics X-CUBE-AZRTOS-H7 3.3.0
2025-07-09 12:40:58,616 [INFO] ThirdParty:1030 - CMSIS Pack Vendor :STMicroelectronics X-CUBE-NFC9 1.0.0
2025-07-09 12:40:58,616 [INFO] ThirdParty:1030 - CMSIS Pack Vendor :wolfSSL I-CUBE-wolfSSL 5.8.0
2025-07-09 12:40:58,616 [INFO] ThirdParty:1030 - CMSIS Pack Vendor :STMicroelectronics USB_HOST 2.0.0
2025-07-09 12:40:58,616 [INFO] ThirdParty:1030 - CMSIS Pack Vendor :STMicroelectronics FP-SNS-MOTENVWB1 1.4.0
2025-07-09 12:40:58,616 [INFO] ThirdParty:1030 - CMSIS Pack Vendor :STMicroelectronics X-CUBE-AZRTOS-F4 1.1.0
2025-07-09 12:40:58,616 [INFO] ThirdParty:1030 - CMSIS Pack Vendor :STMicroelectronics LIBJPEG 8.0.0
2025-07-09 12:40:58,616 [INFO] ThirdParty:1030 - CMSIS Pack Vendor :STMicroelectronics FP-ATR-ASTRA1 2.0.2
2025-07-09 12:40:58,616 [INFO] ThirdParty:1030 - CMSIS Pack Vendor :STMicroelectronics X-CUBE-BLE1 7.1.0
2025-07-09 12:40:58,616 [INFO] ThirdParty:1030 - CMSIS Pack Vendor :Avnet-IotConnect X-CUBE-IoTC-DA16k-PMOD 1.0.0
2025-07-09 12:40:58,616 [INFO] ThirdParty:1030 - CMSIS Pack Vendor :STMicroelectronics X-CUBE-SMBUS 2.1.0
2025-07-09 12:40:58,616 [INFO] ThirdParty:1030 - CMSIS Pack Vendor :wolfSSL I-CUBE-wolfMQTT 1.19.2
2025-07-09 12:40:58,616 [INFO] ThirdParty:1030 - CMSIS Pack Vendor :STMicroelectronics USB_DEVICE 3.0.0
2025-07-09 12:40:58,616 [INFO] ThirdParty:1030 - CMSIS Pack Vendor :STMicroelectronics X-CUBE-ISPU 2.1.0
2025-07-09 12:40:58,616 [INFO] ThirdParty:1030 - CMSIS Pack Vendor :STMicroelectronics X-CUBE-AZRTOS-WB 2.0.0
2025-07-09 12:40:58,616 [INFO] ThirdParty:1030 - CMSIS Pack Vendor :STMicroelectronics X-CUBE-ST60 1.0.0
2025-07-09 12:40:58,616 [INFO] ThirdParty:1030 - CMSIS Pack Vendor :STMicroelectronics X-CUBE-GNSS1 7.0.1
2025-07-09 12:40:58,616 [INFO] ThirdParty:1030 - CMSIS Pack Vendor :STMicroelectronics X-CUBE-AZRTOS-F7 1.1.0
2025-07-09 12:40:58,617 [INFO] ThirdParty:1030 - CMSIS Pack Vendor :STMicroelectronics X-CUBE-AZRTOS-L5 2.0.0
2025-07-09 12:40:58,617 [INFO] ThirdParty:1030 - CMSIS Pack Vendor :STMicroelectronics X-CUBE-TOUCHGFX 4.25.0
2025-07-09 12:40:58,617 [INFO] ThirdParty:1030 - CMSIS Pack Vendor :STMicroelectronics USB_DEVICE 2.0.0
2025-07-09 12:40:58,617 [INFO] ThirdParty:1030 - CMSIS Pack Vendor :STMicroelectronics X-CUBE-NFC6 3.1.0
2025-07-09 12:40:58,617 [INFO] ThirdParty:1030 - CMSIS Pack Vendor :STMicroelectronics X-CUBE-AI 10.1.0
2025-07-09 12:40:58,617 [INFO] ThirdParty:1030 - CMSIS Pack Vendor :STMicroelectronics FP-SNS-STBOX1 2.0.0
2025-07-09 12:40:58,617 [INFO] ThirdParty:1030 - CMSIS Pack Vendor :STMicroelectronics X-CUBE-MEMS1 11.2.0
2025-07-09 12:40:58,617 [INFO] ThirdParty:1030 - CMSIS Pack Vendor :STMicroelectronics FreeRTOS 0.0.1
2025-07-09 12:40:58,617 [INFO] ThirdParty:1030 - CMSIS Pack Vendor :STMicroelectronics X-CUBE-AZRTOS-G0 1.1.0
2025-07-09 12:40:58,617 [INFO] ThirdParty:1030 - CMSIS Pack Vendor :STMicroelectronics X-CUBE-SAFEA1 1.2.2
2025-07-09 12:40:58,617 [INFO] ThirdParty:1030 - CMSIS Pack Vendor :STMicroelectronics X-CUBE-NFC4 3.0.0
2025-07-09 12:40:58,617 [INFO] ThirdParty:1030 - CMSIS Pack Vendor :STMicroelectronics X-CUBE-SUBG2 5.0.0
2025-07-09 12:40:58,617 [INFO] ThirdParty:1030 - CMSIS Pack Vendor :STMicroelectronics X-CUBE-AZRTOS-H7RS 1.1.0
2025-07-09 12:40:58,617 [INFO] ThirdParty:1030 - CMSIS Pack Vendor :STMicroelectronics STM32_WPAN 1.0.0
2025-07-09 12:40:58,617 [INFO] ThirdParty:1030 - CMSIS Pack Vendor :EmbeddedOffice I-CUBE-FS-RTOS 1.0.1
2025-07-09 12:40:58,617 [INFO] ThirdParty:1030 - CMSIS Pack Vendor :STMicroelectronics lwIP 2.0.3
2025-07-09 12:40:58,617 [INFO] ThirdParty:1030 - CMSIS Pack Vendor :Cesanta I-CUBE-Mongoose 7.13.0
2025-07-09 12:40:58,617 [INFO] ThirdParty:1030 - CMSIS Pack Vendor :STMicroelectronics USB_HOST 1.0.0
2025-07-09 12:40:58,617 [INFO] ThirdParty:1030 - CMSIS Pack Vendor :Infineon AIROC-Wi-Fi-Bluetooth-STM32 1.7.0
2025-07-09 12:40:58,617 [INFO] ThirdParty:1030 - CMSIS Pack Vendor :STMicroelectronics X-CUBE-AZRTOS-G4 2.0.0
2025-07-09 12:40:58,617 [INFO] ThirdParty:1030 - CMSIS Pack Vendor :STMicroelectronics X-CUBE-WB05N 2.0.0
2025-07-09 12:40:58,617 [INFO] ThirdParty:1030 - CMSIS Pack Vendor :STMicroelectronics PDM2PCM 3.1.0
2025-07-09 12:40:58,617 [INFO] ThirdParty:1030 - CMSIS Pack Vendor :STMicroelectronics PDM2PCM 3.3.0
2025-07-09 12:40:58,617 [INFO] ThirdParty:1030 - CMSIS Pack Vendor :wolfSSL I-CUBE-wolfTPM 3.8.0
2025-07-09 12:40:58,617 [INFO] ThirdParty:1030 - CMSIS Pack Vendor :STMicroelectronics X-CUBE-AZRTOS-H7 3.4.0
2025-07-09 12:40:58,617 [INFO] ThirdParty:1030 - CMSIS Pack Vendor :STMicroelectronics X-CUBE-DISPLAY 3.0.0
2025-07-09 12:40:58,617 [INFO] ThirdParty:1030 - CMSIS Pack Vendor :wolfSSL I-CUBE-wolfSSH 1.4.20
2025-07-09 12:40:58,617 [INFO] ThirdParty:1030 - CMSIS Pack Vendor :STMicroelectronics X-CUBE-NFC7 2.0.0
2025-07-09 12:40:58,617 [INFO] ThirdParty:1030 - CMSIS Pack Vendor :STMicroelectronics X-CUBE-TCPP 4.2.0
2025-07-09 12:40:58,617 [INFO] ThirdParty:1030 - CMSIS Pack Vendor :RealThread X-CUBE-RT-Thread_Nano 4.1.1
2025-07-09 12:40:58,617 [INFO] ThirdParty:1030 - CMSIS Pack Vendor :STMicroelectronics FP-ATR-SIGFOX1 3.2.0
2025-07-09 12:40:58,617 [INFO] ThirdParty:1030 - CMSIS Pack Vendor :STMicroelectronics X-CUBE-NFC10 1.0.0
2025-07-09 12:40:58,617 [INFO] ThirdParty:1030 - CMSIS Pack Vendor :STMicroelectronics X-CUBE-BLEMGR 4.0.0
2025-07-09 12:40:58,617 [INFO] ThirdParty:1030 - CMSIS Pack Vendor :STMicroelectronics X-CUBE-EEPRMA1 5.1.0
2025-07-09 12:40:58,617 [INFO] ThirdParty:1030 - CMSIS Pack Vendor :STMicroelectronics X-CUBE-FREERTOS 1.3.1
2025-07-09 12:40:58,617 [INFO] ThirdParty:1030 - CMSIS Pack Vendor :STMicroelectronics HAL Drivers 0.0.0
2025-07-09 12:40:58,617 [INFO] ThirdParty:1030 - CMSIS Pack Vendor :STMicroelectronics MBEDTLS 2.16.2
2025-07-09 12:40:58,617 [INFO] ThirdParty:1030 - CMSIS Pack Vendor :STMicroelectronics X-CUBE-IPS 3.1.0
2025-07-09 12:40:58,617 [INFO] ThirdParty:1030 - CMSIS Pack Vendor :STMicroelectronics X-CUBE-ALS 1.0.2
2025-07-09 12:40:58,617 [INFO] ThirdParty:1030 - CMSIS Pack Vendor :emotas I-CUBE-CANOPEN 1.3.0
2025-07-09 12:40:58,617 [INFO] ThirdParty:1030 - CMSIS Pack Vendor :STMicroelectronics MBEDTLS 2.14.1
2025-07-09 12:40:58,617 [INFO] ThirdParty:1030 - CMSIS Pack Vendor :ITTIA_DB I-CUBE-ITTIADB 8.9.0
2025-07-09 12:40:58,617 [INFO] ThirdParty:1030 - CMSIS Pack Vendor :portGmbH I-Cube-SoM-uGOAL 1.1.0
2025-07-09 12:40:58,617 [INFO] ThirdParty:1030 - CMSIS Pack Vendor :quantropi X-CUBE-qispace-sdk-base 2.0.0
2025-07-09 12:40:58,617 [INFO] ThirdParty:1030 - CMSIS Pack Vendor :STMicroelectronics X-CUBE-AI 10.0.0
2025-07-09 12:40:58,617 [INFO] ThirdParty:1030 - CMSIS Pack Vendor :STMicroelectronics X-CUBE-ST67W61 1.0.0
2025-07-09 12:40:58,617 [INFO] ThirdParty:1030 - CMSIS Pack Vendor :STMicroelectronics FP-SNS-STAIOTCFT 1.0.0
2025-07-09 12:40:58,617 [INFO] ThirdParty:1030 - CMSIS Pack Vendor :STMicroelectronics ThreadX 1.0.0
2025-07-09 12:40:58,617 [INFO] ThirdParty:1030 - CMSIS Pack Vendor :STMicroelectronics FP-SNS-SMARTAG2 1.2.0
2025-07-09 12:40:58,617 [INFO] ThirdParty:1030 - CMSIS Pack Vendor :STMicroelectronics FP-SNS-FLIGHT1 5.1.0
2025-07-09 12:40:58,617 [INFO] ThirdParty:1030 - CMSIS Pack Vendor :STMicroelectronics X-CUBE-AZRTOS-WL 2.0.0
2025-07-09 12:40:58,617 [INFO] ThirdParty:1030 - CMSIS Pack Vendor :SEGGER I-CUBE-embOS 1.3.1
2025-07-09 12:40:58,617 [INFO] ThirdParty:1030 - CMSIS Pack Vendor :STMicroelectronics X-CUBE-ALGOBUILD 1.4.0
2025-07-09 12:40:58,617 [INFO] ThirdParty:1030 - CMSIS Pack Vendor :STMicroelectronics X-CUBE-DPower 1.3.0
2025-07-09 12:40:58,617 [INFO] ThirdParty:1030 - CMSIS Pack Vendor :STMicroelectronics X-CUBE-MEMS1 11.3.0
2025-07-09 12:40:58,617 [INFO] ThirdParty:1030 - CMSIS Pack Vendor :STMicroelectronics FP-SNS-MOTENV1 5.0.0
2025-07-09 12:40:58,617 [INFO] ThirdParty:1030 - CMSIS Pack Vendor :STMicroelectronics USB_DEVICE 1.0.0
2025-07-09 12:40:58,617 [INFO] ThirdParty:1030 - CMSIS Pack Vendor :STMicroelectronics X-CUBE-AZRTOS-L4 2.0.0
2025-07-09 12:40:58,617 [INFO] ThirdParty:1030 - CMSIS Pack Vendor :STMicroelectronics ThreadX 0.0.2
2025-07-09 12:40:58,617 [INFO] ThirdParty:1030 - CMSIS Pack Vendor :WES I-CUBE-Cesium 1.3.0
2025-07-09 12:40:58,617 [INFO] ThirdParty:1030 - CMSIS Pack Vendor :STMicroelectronics lwIP 2.1.2
2025-07-09 12:40:58,617 [INFO] ThirdParty:1030 - CMSIS Pack Vendor :STMicroelectronics X-CUBE-SFXS2LP1 4.0.0
2025-07-09 12:40:58,617 [INFO] ThirdParty:1030 - CMSIS Pack Vendor :STMicroelectronics X-CUBE-BLE2 3.3.0
2025-07-09 12:40:58,617 [INFO] ThirdParty:1030 - CMSIS Pack Vendor :STMicroelectronics X-CUBE-TOF1 3.4.3
2025-07-09 12:40:58,618 [INFO] ThirdParty:1030 - CMSIS Pack Vendor :STMicroelectronics PDM2PCM 3.2.0
2025-07-09 12:40:58,618 [INFO] ThirdParty:841 - exiting critical section [change project]
2025-07-09 12:40:59,238 [INFO] PinOutPanel:1589 - setPackage(No Configuration,No Configuration)
2025-07-09 12:40:59,239 [INFO] PinOutPanel:1589 - setPackage(STM32H743XIHx,TFBGA240)
2025-07-09 12:41:00,105 [INFO] UtilMem:75 - Before build in PCC Used Memory: 988477408 Bytes (1073741824)
2025-07-09 12:41:00,507 [INFO] UtilMem:75 - After build in PCC Used Memory: 946039160 Bytes (1073741824)
2025-07-09 12:41:00,546 [INFO] IPUIPlugin:80 - create IPUIPlugin
2025-07-09 12:41:00,546 [INFO] IPUIPlugin:80 - create IPUIPlugin
2025-07-09 12:41:00,546 [INFO] IPUIPlugin:80 - create IPUIPlugin
2025-07-09 12:41:00,546 [INFO] IPUIPlugin:80 - create IPUIPlugin
2025-07-09 12:41:00,546 [INFO] IPUIPlugin:80 - create IPUIPlugin
2025-07-09 12:41:00,547 [INFO] IPUIPlugin:80 - create IPUIPlugin
2025-07-09 12:41:00,547 [INFO] IPUIPlugin:80 - create IPUIPlugin
2025-07-09 12:41:00,547 [INFO] IPUIPlugin:80 - create IPUIPlugin
2025-07-09 12:41:00,547 [INFO] IPUIPlugin:80 - create IPUIPlugin
2025-07-09 12:41:00,547 [INFO] IPUIPlugin:80 - create IPUIPlugin
2025-07-09 12:41:00,547 [INFO] IPUIPlugin:80 - create IPUIPlugin
2025-07-09 12:41:00,548 [INFO] IPUIPlugin:80 - create IPUIPlugin
2025-07-09 12:41:00,548 [INFO] IPUIPlugin:80 - create IPUIPlugin
2025-07-09 12:41:00,548 [INFO] IPUIPlugin:80 - create IPUIPlugin
2025-07-09 12:41:00,548 [INFO] IPUIPlugin:80 - create IPUIPlugin
2025-07-09 12:41:00,548 [INFO] IPUIPlugin:80 - create IPUIPlugin
2025-07-09 12:41:00,548 [INFO] IPUIPlugin:80 - create IPUIPlugin
2025-07-09 12:41:00,548 [INFO] IPUIPlugin:80 - create IPUIPlugin
2025-07-09 12:41:00,548 [INFO] IPUIPlugin:80 - create IPUIPlugin
2025-07-09 12:41:00,548 [INFO] IPUIPlugin:80 - create IPUIPlugin
2025-07-09 12:41:00,548 [INFO] IPUIPlugin:80 - create IPUIPlugin
2025-07-09 12:41:00,549 [INFO] IPUIPlugin:80 - create IPUIPlugin
2025-07-09 12:41:00,549 [INFO] IPUIPlugin:80 - create IPUIPlugin
2025-07-09 12:41:00,549 [INFO] IPUIPlugin:80 - create IPUIPlugin
2025-07-09 12:41:00,549 [INFO] IPUIPlugin:80 - create IPUIPlugin
2025-07-09 12:41:00,549 [INFO] IPUIPlugin:80 - create IPUIPlugin
2025-07-09 12:41:00,549 [INFO] IPUIPlugin:80 - create IPUIPlugin
2025-07-09 12:41:00,550 [INFO] IPUIPlugin:80 - create IPUIPlugin
2025-07-09 12:41:00,550 [INFO] IPUIPlugin:80 - create IPUIPlugin
2025-07-09 12:41:00,550 [INFO] IPUIPlugin:80 - create IPUIPlugin
2025-07-09 12:41:00,550 [INFO] IPUIPlugin:80 - create IPUIPlugin
2025-07-09 12:41:00,550 [INFO] IPUIPlugin:80 - create IPUIPlugin
2025-07-09 12:41:00,550 [INFO] IPUIPlugin:80 - create IPUIPlugin
2025-07-09 12:41:00,550 [INFO] IPUIPlugin:80 - create IPUIPlugin
2025-07-09 12:41:00,551 [INFO] IPUIPlugin:80 - create IPUIPlugin
2025-07-09 12:41:00,551 [INFO] IPUIPlugin:80 - create IPUIPlugin
2025-07-09 12:41:00,551 [INFO] IPUIPlugin:80 - create IPUIPlugin
2025-07-09 12:41:00,551 [INFO] IPUIPlugin:80 - create IPUIPlugin
2025-07-09 12:41:00,551 [INFO] IPUIPlugin:80 - create IPUIPlugin
2025-07-09 12:41:00,552 [INFO] IPUIPlugin:80 - create IPUIPlugin
2025-07-09 12:41:00,552 [INFO] IPUIPlugin:80 - create IPUIPlugin
2025-07-09 12:41:00,552 [INFO] IPUIPlugin:80 - create IPUIPlugin
2025-07-09 12:41:00,552 [INFO] IPUIPlugin:80 - create IPUIPlugin
2025-07-09 12:41:00,552 [INFO] IPUIPlugin:80 - create IPUIPlugin
2025-07-09 12:41:00,552 [INFO] IPUIPlugin:80 - create IPUIPlugin
2025-07-09 12:41:00,553 [INFO] IPUIPlugin:80 - create IPUIPlugin
2025-07-09 12:41:00,553 [INFO] IPUIPlugin:80 - create IPUIPlugin
2025-07-09 12:41:00,553 [INFO] IPUIPlugin:80 - create IPUIPlugin
2025-07-09 12:41:00,553 [INFO] IPUIPlugin:80 - create IPUIPlugin
2025-07-09 12:41:00,553 [INFO] IPUIPlugin:80 - create IPUIPlugin
2025-07-09 12:41:00,553 [INFO] IPUIPlugin:80 - create IPUIPlugin
2025-07-09 12:41:00,553 [INFO] IPUIPlugin:80 - create IPUIPlugin
2025-07-09 12:41:00,553 [INFO] IPUIPlugin:80 - create IPUIPlugin
2025-07-09 12:41:00,553 [INFO] IPUIPlugin:80 - create IPUIPlugin
2025-07-09 12:41:00,554 [INFO] IPUIPlugin:80 - create IPUIPlugin
2025-07-09 12:41:00,555 [INFO] IPUIPlugin:80 - create IPUIPlugin
2025-07-09 12:41:00,555 [INFO] IPUIPlugin:80 - create IPUIPlugin
2025-07-09 12:41:00,555 [INFO] IPUIPlugin:80 - create IPUIPlugin
2025-07-09 12:41:00,555 [INFO] IPUIPlugin:80 - create IPUIPlugin
2025-07-09 12:41:00,555 [INFO] IPUIPlugin:80 - create IPUIPlugin
2025-07-09 12:41:00,556 [INFO] IPUIPlugin:80 - create IPUIPlugin
2025-07-09 12:41:00,556 [INFO] IPUIPlugin:80 - create IPUIPlugin
2025-07-09 12:41:00,556 [INFO] IPUIPlugin:80 - create IPUIPlugin
2025-07-09 12:41:00,556 [INFO] IPUIPlugin:80 - create IPUIPlugin
2025-07-09 12:41:00,556 [INFO] IPUIPlugin:80 - create IPUIPlugin
2025-07-09 12:41:00,557 [INFO] IPUIPlugin:80 - create IPUIPlugin
2025-07-09 12:41:00,557 [INFO] IPUIPlugin:80 - create IPUIPlugin
2025-07-09 12:41:00,557 [INFO] IPUIPlugin:80 - create IPUIPlugin
2025-07-09 12:41:00,557 [INFO] IPUIPlugin:80 - create IPUIPlugin
2025-07-09 12:41:00,557 [INFO] IPUIPlugin:80 - create IPUIPlugin
2025-07-09 12:41:00,558 [INFO] IPUIPlugin:80 - create IPUIPlugin
2025-07-09 12:41:00,558 [INFO] IPUIPlugin:80 - create IPUIPlugin
2025-07-09 12:41:00,558 [INFO] IPUIPlugin:80 - create IPUIPlugin
2025-07-09 12:41:00,559 [INFO] IPUIPlugin:80 - create IPUIPlugin
2025-07-09 12:41:00,559 [INFO] IPUIPlugin:80 - create IPUIPlugin
2025-07-09 12:41:00,559 [INFO] IPUIPlugin:80 - create IPUIPlugin
2025-07-09 12:41:00,559 [INFO] IPUIPlugin:80 - create IPUIPlugin
2025-07-09 12:41:00,560 [INFO] IPUIPlugin:80 - create IPUIPlugin
2025-07-09 12:41:00,560 [INFO] IPUIPlugin:80 - create IPUIPlugin
2025-07-09 12:41:00,560 [INFO] IPUIPlugin:80 - create IPUIPlugin
2025-07-09 12:41:00,560 [INFO] IPUIPlugin:80 - create IPUIPlugin
2025-07-09 12:41:00,561 [INFO] IPUIPlugin:80 - create IPUIPlugin
2025-07-09 12:41:00,561 [INFO] IPUIPlugin:80 - create IPUIPlugin
2025-07-09 12:41:00,561 [INFO] IPUIPlugin:80 - create IPUIPlugin
2025-07-09 12:41:00,562 [INFO] IPUIPlugin:80 - create IPUIPlugin
2025-07-09 12:41:00,562 [INFO] IPUIPlugin:80 - create IPUIPlugin
2025-07-09 12:41:00,562 [INFO] IPUIPlugin:80 - create IPUIPlugin
2025-07-09 12:41:00,563 [INFO] IPUIPlugin:80 - create IPUIPlugin
2025-07-09 12:41:00,563 [INFO] IPUIPlugin:80 - create IPUIPlugin
2025-07-09 12:41:00,563 [INFO] IPUIPlugin:80 - create IPUIPlugin
2025-07-09 12:41:00,563 [INFO] IPUIPlugin:80 - create IPUIPlugin
2025-07-09 12:41:00,564 [INFO] IPUIPlugin:80 - create IPUIPlugin
2025-07-09 12:41:00,565 [INFO] IPUIPlugin:80 - create IPUIPlugin
2025-07-09 12:41:00,565 [INFO] IPUIPlugin:80 - create IPUIPlugin
2025-07-09 12:41:00,565 [INFO] IPUIPlugin:80 - create IPUIPlugin
2025-07-09 12:41:00,566 [INFO] IPUIPlugin:80 - create IPUIPlugin
2025-07-09 12:41:00,566 [INFO] IPUIPlugin:80 - create IPUIPlugin
2025-07-09 12:41:00,567 [INFO] IPUIPlugin:80 - create IPUIPlugin
2025-07-09 12:41:00,587 [INFO] ApiDbMcu:508 - Load IP Config File for PDM2PCM
2025-07-09 12:41:00,683 [INFO] CADModel:165 - CPN selected for project levelSTM32H743XIH6
2025-07-09 12:41:00,684 [INFO] CADModel:114 - Register for checkConnection events
2025-07-09 12:41:00,851 [INFO] OpenFileManager:385 - Restore cursor
2025-07-09 12:41:16,168 [INFO] I2cTimingTraitement:330 - 0x307075B1
2025-07-09 12:41:29,663 [INFO] NvicIntPanel:101 - NVIC parent = com.st.microxplorer.plugins.ip.nvic.MultiNvicIntPanel[,0,0,486x269,layout=javax.swing.BoxLayout,alignmentX=0.0,alignmentY=0.0,border=,flags=9,maximumSize=,minimumSize=,preferredSize=]
2025-07-09 12:48:16,918 [INFO] MainUpdater:2872 - connection check result : 10
2025-07-09 12:48:16,918 [INFO] MainUpdater:2872 - connection check result : 10
2025-07-09 12:48:17,119 [INFO] I2cTimingTraitement:330 - 0x307075B1
2025-07-09 12:48:17,133 [INFO] MicroXplorer:468 - Change Database Path : 
2025-07-09 12:48:17,133 [INFO] MicroXplorer:498 - Change Database Version : DB.6.0.141
2025-07-09 12:48:17,213 [ERROR] ProjectManagerView:395 - 
java.lang.NullPointerException: Cannot invoke "javax.swing.JTextField.getText()" because the return value of "java.util.List.get(int)" is null
	at com.st.microxplorer.plugins.projectmanager.gui.ProjectChoiceTab$9.caretUpdate(ProjectChoiceTab.java:2678) ~[filemanager.jar:?]
	at javax.swing.text.JTextComponent.fireCaretUpdate(JTextComponent.java:408) ~[?:?]
	at javax.swing.text.JTextComponent$MutableCaretEvent.fire(JTextComponent.java:4484) ~[?:?]
	at javax.swing.text.JTextComponent$MutableCaretEvent.stateChanged(JTextComponent.java:4506) ~[?:?]
	at javax.swing.text.DefaultCaret.fireStateChanged(DefaultCaret.java:857) ~[?:?]
	at javax.swing.text.DefaultCaret.changeCaretPosition(DefaultCaret.java:1343) ~[?:?]
	at javax.swing.text.DefaultCaret.handleSetDot(DefaultCaret.java:1242) ~[?:?]
	at javax.swing.text.DefaultCaret.setDot(DefaultCaret.java:1223) ~[?:?]
	at javax.swing.text.DefaultCaret$Handler.insertUpdate(DefaultCaret.java:1819) ~[?:?]
	at javax.swing.text.AbstractDocument.fireInsertUpdate(AbstractDocument.java:227) ~[?:?]
	at javax.swing.text.AbstractDocument.handleInsertString(AbstractDocument.java:781) ~[?:?]
	at javax.swing.text.AbstractDocument.insertString(AbstractDocument.java:740) ~[?:?]
	at javax.swing.text.PlainDocument.insertString(PlainDocument.java:131) ~[?:?]
	at javax.swing.text.AbstractDocument.replace(AbstractDocument.java:699) ~[?:?]
	at javax.swing.text.JTextComponent.setText(JTextComponent.java:1725) ~[?:?]
	at com.st.microxplorer.plugins.projectmanager.gui.ProjectChoiceTab.createHeapStackFields(ProjectChoiceTab.java:979) ~[filemanager.jar:?]
	at com.st.microxplorer.plugins.projectmanager.gui.ProjectChoiceTab.buildLinkSettingsPanel(ProjectChoiceTab.java:3766) ~[filemanager.jar:?]
	at com.st.microxplorer.plugins.projectmanager.gui.ProjectChoiceTab.defineWindowsFields(ProjectChoiceTab.java:1962) ~[filemanager.jar:?]
	at com.st.microxplorer.plugins.projectmanager.gui.ProjectChoiceTab.updateSettings(ProjectChoiceTab.java:555) ~[filemanager.jar:?]
	at com.st.microxplorer.plugins.projectmanager.gui.ProjectSettingsPanel.UpdateDialog(ProjectSettingsPanel.java:245) ~[filemanager.jar:?]
	at com.st.microxplorer.plugins.projectmanager.ProjectManagerView.propertyChange(ProjectManagerView.java:392) ~[filemanager.jar:?]
	at java.beans.PropertyChangeSupport.fire(PropertyChangeSupport.java:343) ~[?:?]
	at java.beans.PropertyChangeSupport.firePropertyChange(PropertyChangeSupport.java:335) ~[?:?]
	at java.beans.PropertyChangeSupport.firePropertyChange(PropertyChangeSupport.java:268) ~[?:?]
	at com.st.microxplorer.util.MXPropertyChangeSupport.firePropertyChange(MXPropertyChangeSupport.java:54) ~[STM32CubeMX.jar:?]
	at com.st.microxplorer.mxsystem.MxSystem.closeConfig(MxSystem.java:899) ~[STM32CubeMX.jar:?]
	at com.st.microxplorer.maingui.MainPanel.closeConfig(MainPanel.java:789) ~[STM32CubeMX.jar:?]
	at com.st.microxplorer.plugins.filemanager.engine.OpenFileManager.loadConfigurationFile(OpenFileManager.java:287) ~[filemanager.jar:?]
	at com.st.microxplorer.plugins.filemanager.engine.MainFileManager.userLoadConfig(MainFileManager.java:341) ~[filemanager.jar:?]
	at com.st.microxplorer.plugins.filemanager.engine.MainFileManager.userLoadConfig(MainFileManager.java:319) ~[filemanager.jar:?]
	at com.st.microxplorer.plugins.filemanager.FileManagerView.getSpecificTask(FileManagerView.java:246) ~[filemanager.jar:?]
	at com.st.stm32cube.common.mx.editor.CubeMxEditor.getMxTabbedPaneInstance(CubeMxEditor.java:1198) ~[com.st.stm32cube.common.mx_6.14.1.202504091515/:?]
	at com.st.stm32cube.common.mx.editor.CubeMxEditor$12$1.createSwingComponent(CubeMxEditor.java:1068) ~[com.st.stm32cube.common.mx_6.14.1.202504091515/:?]
	at com.st.stm32cube.common.mx.oss.core.awtswtbridge.EmbeddedSwingComposite.doComponentCreation(EmbeddedSwingComposite.java:492) ~[com.st.stm32cube.common.mx.oss_6.14.1.202504091515/:?]
	at com.st.stm32cube.common.mx.oss.core.awtswtbridge.EmbeddedSwingComposite$4.run(EmbeddedSwingComposite.java:291) ~[com.st.stm32cube.common.mx.oss_6.14.1.202504091515/:?]
	at com.st.stm32cube.common.mx.oss.core.awtswtbridge.AwtEnvironment$2.run(AwtEnvironment.java:166) ~[com.st.stm32cube.common.mx.oss_6.14.1.202504091515/:?]
	at java.awt.event.InvocationEvent.dispatch(InvocationEvent.java:318) ~[?:?]
	at java.awt.EventQueue.dispatchEventImpl(EventQueue.java:773) ~[?:?]
	at java.awt.EventQueue$4.run(EventQueue.java:720) ~[?:?]
	at java.awt.EventQueue$4.run(EventQueue.java:714) ~[?:?]
	at java.security.AccessController.doPrivileged(AccessController.java:400) ~[?:?]
	at java.security.ProtectionDomain$JavaSecurityAccessImpl.doIntersectionPrivilege(ProtectionDomain.java:87) ~[?:?]
	at java.awt.EventQueue.dispatchEvent(EventQueue.java:742) ~[?:?]
	at java.awt.EventDispatchThread.pumpOneEventForFilters(EventDispatchThread.java:203) ~[?:?]
	at java.awt.EventDispatchThread.pumpEventsForFilter(EventDispatchThread.java:124) ~[?:?]
	at java.awt.EventDispatchThread.pumpEventsForHierarchy(EventDispatchThread.java:113) ~[?:?]
	at java.awt.EventDispatchThread.pumpEvents(EventDispatchThread.java:109) ~[?:?]
	at java.awt.EventDispatchThread.pumpEvents(EventDispatchThread.java:101) ~[?:?]
	at java.awt.EventDispatchThread.run(EventDispatchThread.java:90) ~[?:?]
2025-07-09 12:48:17,216 [WARN] ThirdParty:871 - waiting for thirdparty lock release [close project]
2025-07-09 12:48:17,216 [INFO] ThirdParty:873 - entering critical section [close project]
2025-07-09 12:48:17,216 [INFO] ThirdParty:883 - exiting critical section [close project]
2025-07-09 12:48:17,224 [INFO] PinOutPanel:1589 - setPackage(No Configuration,No Configuration)
2025-07-09 12:48:17,266 [WARN] IpParametersView:155 - Warning: This peripheral hasn't parameters
2025-07-09 12:48:17,293 [WARN] MainPanel:289 - <html><b><center>Warning: This peripheral has no parameters to be configured<br></b></html>
2025-07-09 12:48:17,306 [INFO] UtilMem:75 - Begin LoadConfig() Used Memory: 949048440 Bytes (1073741824)
2025-07-09 12:48:17,307 [INFO] MicroXplorer:468 - Change Database Path : 
2025-07-09 12:48:17,308 [INFO] MicroXplorer:498 - Change Database Version : DB.6.0.141
2025-07-09 12:48:17,308 [INFO] OpenFileManager:354 - Change cursor
2025-07-09 12:48:17,354 [INFO] Mcu:2011 - Initializing MCU STM32H743XIHx STM32H743XIHx STM32H743XIH6
2025-07-09 12:48:22,430 [INFO] Context:756 - Trying to add GPIOservice into a context  which must be forbidden
2025-07-09 12:48:24,379 [INFO] ImportTextPane:218 - (OptionalMessage_ERROR) Pin67 (VP_RIF_VS_RIF1) cannot be retrieved for this MCU
2025-07-09 12:48:24,643 [INFO] RtosManager:558 - Registered RTOS mode: class=CMSIS, group=RTOS, mode=CMSIS_V1, owner=FREERTOS
2025-07-09 12:48:24,644 [INFO] RtosManager:558 - Registered RTOS mode: class=CMSIS, group=RTOS2, mode=CMSIS_V2, owner=FREERTOS
2025-07-09 12:48:24,644 [INFO] RtosManager:558 - Registered RTOS mode: class=RTOS, group=Core, mode=CMSIS_V1, owner=FREERTOS
2025-07-09 12:48:24,644 [INFO] RtosManager:558 - Registered RTOS mode: class=RTOS, group=Core, mode=CMSIS_V2, owner=FREERTOS
2025-07-09 12:48:24,644 [WARN] ModelIntegratedComponent:184 - Missing modes for component STMicroelectronics:FreeRTOS:0.0.1:STMicroelectronics:RTOS:FreeRTOS:Core:::10.2.0:
2025-07-09 12:48:24,654 [WARN] ModelIntegratedComponent:63 - No mode defined for component null
2025-07-09 12:48:24,654 [WARN] ModelIntegratedComponent:63 - No mode defined for component null
2025-07-09 12:48:24,654 [WARN] ModelIntegratedComponent:63 - No mode defined for component null
2025-07-09 12:48:24,654 [WARN] ModelIntegratedComponent:63 - No mode defined for component null
2025-07-09 12:48:24,654 [WARN] ModelIntegratedComponent:63 - No mode defined for component null
2025-07-09 12:48:24,654 [WARN] ModelIntegratedComponent:63 - No mode defined for component null
2025-07-09 12:48:24,654 [WARN] ModelIntegratedComponent:63 - No mode defined for component null
2025-07-09 12:48:24,655 [WARN] ModelIntegratedComponent:63 - No mode defined for component null
2025-07-09 12:48:24,655 [WARN] ModelIntegratedComponent:63 - No mode defined for component null
2025-07-09 12:48:24,655 [WARN] ModelIntegratedComponent:63 - No mode defined for component null
2025-07-09 12:48:24,655 [WARN] ModelIntegratedComponent:63 - No mode defined for component null
2025-07-09 12:48:24,655 [WARN] ModelIntegratedComponent:63 - No mode defined for component null
2025-07-09 12:48:24,655 [WARN] ModelIntegratedComponent:63 - No mode defined for component null
2025-07-09 12:48:24,655 [WARN] ModelIntegratedComponent:63 - No mode defined for component null
2025-07-09 12:48:24,655 [WARN] ModelIntegratedComponent:63 - No mode defined for component null
2025-07-09 12:48:24,655 [WARN] ModelIntegratedComponent:63 - No mode defined for component null
2025-07-09 12:48:24,655 [WARN] ModelIntegratedComponent:63 - No mode defined for component null
2025-07-09 12:48:24,655 [WARN] ModelIntegratedComponent:63 - No mode defined for component null
2025-07-09 12:48:24,655 [WARN] ModelIntegratedComponent:63 - No mode defined for component null
2025-07-09 12:48:24,655 [WARN] ModelIntegratedComponent:63 - No mode defined for component null
2025-07-09 12:48:24,655 [WARN] ModelIntegratedComponent:63 - No mode defined for component null
2025-07-09 12:48:24,655 [WARN] ModelIntegratedComponent:63 - No mode defined for component null
2025-07-09 12:48:24,655 [WARN] ModelIntegratedComponent:63 - No mode defined for component null
2025-07-09 12:48:24,655 [WARN] ModelIntegratedComponent:63 - No mode defined for component null
2025-07-09 12:48:24,655 [WARN] ModelIntegratedComponent:63 - No mode defined for component null
2025-07-09 12:48:24,655 [WARN] ModelIntegratedComponent:63 - No mode defined for component null
2025-07-09 12:48:24,655 [WARN] ModelIntegratedComponent:63 - No mode defined for component null
2025-07-09 12:48:24,656 [WARN] ModelIntegratedComponent:63 - No mode defined for component null
2025-07-09 12:48:24,656 [WARN] ModelIntegratedComponent:63 - No mode defined for component null
2025-07-09 12:48:24,656 [WARN] ModelIntegratedComponent:63 - No mode defined for component null
2025-07-09 12:48:24,656 [WARN] ModelIntegratedComponent:63 - No mode defined for component null
2025-07-09 12:48:24,656 [WARN] ModelIntegratedComponent:63 - No mode defined for component null
2025-07-09 12:48:24,656 [WARN] ModelIntegratedComponent:63 - No mode defined for component null
2025-07-09 12:48:24,656 [WARN] ModelIntegratedComponent:63 - No mode defined for component null
2025-07-09 12:48:24,656 [WARN] ModelIntegratedComponent:63 - No mode defined for component null
2025-07-09 12:48:24,656 [WARN] ModelPack:524 - Component already loaded: STMicroelectronics:HAL Drivers:0.0.0:STMicroelectronics:Device:STMicro_Driver:XSPI:HAL::0.0.1:HAL_XSPI
2025-07-09 12:48:24,733 [INFO] ThirdPartyModel:298 - Start build external matchings
2025-07-09 12:48:25,137 [INFO] ThirdPartyModel:316 - End build external matchings
2025-07-09 12:48:25,162 [INFO] ImportTextPane:218 - (OptionalMessage_ERROR) IP (DMA) : Parameter (Instance) has Id (SPI1_TX) currently not set
2025-07-09 12:48:25,162 [INFO] ImportTextPane:218 - (OptionalMessage_ERROR) IP (DMA) : Parameter (Request) has Id (SPI1_TX) currently not set
2025-07-09 12:48:25,162 [INFO] ImportTextPane:218 - (OptionalMessage_ERROR) IP (DMA) : Parameter (Direction) has Id (SPI1_TX) currently not set
2025-07-09 12:48:25,162 [INFO] ImportTextPane:218 - (OptionalMessage_ERROR) IP (DMA) : Parameter (PeriphInc) has Id (SPI1_TX) currently not set
2025-07-09 12:48:25,162 [INFO] ImportTextPane:218 - (OptionalMessage_ERROR) IP (DMA) : Parameter (MemInc) has Id (SPI1_TX) currently not set
2025-07-09 12:48:25,163 [INFO] ImportTextPane:218 - (OptionalMessage_ERROR) IP (DMA) : Parameter (PeriphDataAlignment) has Id (SPI1_TX) currently not set
2025-07-09 12:48:25,163 [INFO] ImportTextPane:218 - (OptionalMessage_ERROR) IP (DMA) : Parameter (MemDataAlignment) has Id (SPI1_TX) currently not set
2025-07-09 12:48:25,163 [INFO] ImportTextPane:218 - (OptionalMessage_ERROR) IP (DMA) : Parameter (Mode) has Id (SPI1_TX) currently not set
2025-07-09 12:48:25,163 [INFO] ImportTextPane:218 - (OptionalMessage_ERROR) IP (DMA) : Parameter (Priority) has Id (SPI1_TX) currently not set
2025-07-09 12:48:25,163 [INFO] ImportTextPane:218 - (OptionalMessage_ERROR) IP (DMA) : Parameter (FIFOMode) has Id (SPI1_TX) currently not set
2025-07-09 12:48:25,163 [INFO] ImportTextPane:218 - (OptionalMessage_ERROR) IP (DMA) : Parameter (SignalID) has Id (SPI1_TX) currently not set
2025-07-09 12:48:25,163 [INFO] ImportTextPane:218 - (OptionalMessage_ERROR) IP (DMA) : Parameter (Polarity) has Id (SPI1_TX) currently not set
2025-07-09 12:48:25,163 [INFO] ImportTextPane:218 - (OptionalMessage_ERROR) IP (DMA) : Parameter (RequestNumber) has Id (SPI1_TX) currently not set
2025-07-09 12:48:25,163 [INFO] ImportTextPane:218 - (OptionalMessage_ERROR) IP (DMA) : Parameter (SyncSignalID) has Id (SPI1_TX) currently not set
2025-07-09 12:48:25,163 [INFO] ImportTextPane:218 - (OptionalMessage_ERROR) IP (DMA) : Parameter (SyncPolarity) has Id (SPI1_TX) currently not set
2025-07-09 12:48:25,163 [INFO] ImportTextPane:218 - (OptionalMessage_ERROR) IP (DMA) : Parameter (SyncEnable) has Id (SPI1_TX) currently not set
2025-07-09 12:48:25,163 [INFO] ImportTextPane:218 - (OptionalMessage_ERROR) IP (DMA) : Parameter (EventEnable) has Id (SPI1_TX) currently not set
2025-07-09 12:48:25,163 [INFO] ImportTextPane:218 - (OptionalMessage_ERROR) IP (DMA) : Parameter (SyncRequestNumber) has Id (SPI1_TX) currently not set
2025-07-09 12:48:25,163 [INFO] ImportTextPane:218 - (OptionalMessage_ERROR) IP (DMA) : Parameter (Instance) has Id (DCMI) currently not set
2025-07-09 12:48:25,163 [INFO] ImportTextPane:218 - (OptionalMessage_ERROR) IP (DMA) : Parameter (Request) has Id (DCMI) currently not set
2025-07-09 12:48:25,164 [INFO] ImportTextPane:218 - (OptionalMessage_ERROR) IP (DMA) : Parameter (Direction) has Id (DCMI) currently not set
2025-07-09 12:48:25,164 [INFO] ImportTextPane:218 - (OptionalMessage_ERROR) IP (DMA) : Parameter (PeriphInc) has Id (DCMI) currently not set
2025-07-09 12:48:25,164 [INFO] ImportTextPane:218 - (OptionalMessage_ERROR) IP (DMA) : Parameter (MemInc) has Id (DCMI) currently not set
2025-07-09 12:48:25,164 [INFO] ImportTextPane:218 - (OptionalMessage_ERROR) IP (DMA) : Parameter (PeriphDataAlignment) has Id (DCMI) currently not set
2025-07-09 12:48:25,164 [INFO] ImportTextPane:218 - (OptionalMessage_ERROR) IP (DMA) : Parameter (MemDataAlignment) has Id (DCMI) currently not set
2025-07-09 12:48:25,164 [INFO] ImportTextPane:218 - (OptionalMessage_ERROR) IP (DMA) : Parameter (Mode) has Id (DCMI) currently not set
2025-07-09 12:48:25,164 [INFO] ImportTextPane:218 - (OptionalMessage_ERROR) IP (DMA) : Parameter (Priority) has Id (DCMI) currently not set
2025-07-09 12:48:25,164 [INFO] ImportTextPane:218 - (OptionalMessage_ERROR) IP (DMA) : Parameter (FIFOMode) has Id (DCMI) currently not set
2025-07-09 12:48:25,164 [INFO] ImportTextPane:218 - (OptionalMessage_ERROR) IP (DMA) : Parameter (SignalID) has Id (DCMI) currently not set
2025-07-09 12:48:25,164 [INFO] ImportTextPane:218 - (OptionalMessage_ERROR) IP (DMA) : Parameter (Polarity) has Id (DCMI) currently not set
2025-07-09 12:48:25,164 [INFO] ImportTextPane:218 - (OptionalMessage_ERROR) IP (DMA) : Parameter (RequestNumber) has Id (DCMI) currently not set
2025-07-09 12:48:25,164 [INFO] ImportTextPane:218 - (OptionalMessage_ERROR) IP (DMA) : Parameter (SyncSignalID) has Id (DCMI) currently not set
2025-07-09 12:48:25,164 [INFO] ImportTextPane:218 - (OptionalMessage_ERROR) IP (DMA) : Parameter (SyncPolarity) has Id (DCMI) currently not set
2025-07-09 12:48:25,164 [INFO] ImportTextPane:218 - (OptionalMessage_ERROR) IP (DMA) : Parameter (SyncEnable) has Id (DCMI) currently not set
2025-07-09 12:48:25,166 [INFO] ImportTextPane:218 - (OptionalMessage_ERROR) IP (DMA) : Parameter (EventEnable) has Id (DCMI) currently not set
2025-07-09 12:48:25,166 [INFO] ImportTextPane:218 - (OptionalMessage_ERROR) IP (DMA) : Parameter (SyncRequestNumber) has Id (DCMI) currently not set
2025-07-09 12:48:25,170 [INFO] ImportTextPane:218 - (OptionalMessage_ERROR) IP (RCC) : Parameter (DFSDMACLkFreq_Value) has invalid value (480000000)
2025-07-09 12:48:25,173 [INFO] ImportTextPane:218 - (OptionalMessage_ERROR) IP (RCC) : Parameter (FDCANFreq_Value) has invalid value (480000000)
2025-07-09 12:48:25,173 [INFO] ImportTextPane:218 - (OptionalMessage_ERROR) IP (RCC) : Invalid parameter (FamilyName)
2025-07-09 12:48:25,173 [INFO] ImportTextPane:218 - (OptionalMessage_ERROR) IP (RCC) : Parameter (SAI1Freq_Value) has invalid value (480000000)
2025-07-09 12:48:25,173 [INFO] ImportTextPane:218 - (OptionalMessage_ERROR) IP (RCC) : Parameter (SAI23Freq_Value) has invalid value (480000000)
2025-07-09 12:48:25,174 [INFO] ImportTextPane:218 - (OptionalMessage_ERROR) IP (RCC) : Parameter (SAI4AFreq_Value) has invalid value (480000000)
2025-07-09 12:48:25,174 [INFO] ImportTextPane:218 - (OptionalMessage_ERROR) IP (RCC) : Parameter (SAI4BFreq_Value) has invalid value (480000000)
2025-07-09 12:48:25,174 [INFO] ImportTextPane:218 - (OptionalMessage_ERROR) IP (RCC) : Parameter (SDMMCFreq_Value) has invalid value (480000000)
2025-07-09 12:48:25,174 [INFO] ImportTextPane:218 - (OptionalMessage_ERROR) IP (RCC) : Parameter (SPDIFRXFreq_Value) has invalid value (480000000)
2025-07-09 12:48:25,174 [INFO] ImportTextPane:218 - (OptionalMessage_ERROR) IP (RCC) : Parameter (USBFreq_Value) has invalid value (480000000)
2025-07-09 12:48:26,410 [INFO] UtilMem:75 - End LoadConfig() Used Memory: 992947016 Bytes (1073741824)
2025-07-09 12:48:26,461 [WARN] ThirdParty:833 - waiting for thirdparty lock release [change project]
2025-07-09 12:48:26,461 [INFO] ThirdParty:835 - entering critical section [change project]
2025-07-09 12:48:26,461 [INFO] ThirdParty:1030 - CMSIS Pack Vendor :STMicroelectronics X-CUBE-PM33A1 1.0.0
2025-07-09 12:48:26,461 [INFO] ThirdParty:1030 - CMSIS Pack Vendor :STMicroelectronics USBPD 4.1
2025-07-09 12:48:26,461 [INFO] ThirdParty:1030 - CMSIS Pack Vendor :STMicroelectronics X-CUBE-AZRTOS-H7 3.3.0
2025-07-09 12:48:26,461 [INFO] ThirdParty:1030 - CMSIS Pack Vendor :STMicroelectronics X-CUBE-NFC9 1.0.0
2025-07-09 12:48:26,461 [INFO] ThirdParty:1030 - CMSIS Pack Vendor :wolfSSL I-CUBE-wolfSSL 5.8.0
2025-07-09 12:48:26,461 [INFO] ThirdParty:1030 - CMSIS Pack Vendor :STMicroelectronics USB_HOST 2.0.0
2025-07-09 12:48:26,462 [INFO] ThirdParty:1030 - CMSIS Pack Vendor :STMicroelectronics FP-SNS-MOTENVWB1 1.4.0
2025-07-09 12:48:26,462 [INFO] ThirdParty:1030 - CMSIS Pack Vendor :STMicroelectronics X-CUBE-AZRTOS-F4 1.1.0
2025-07-09 12:48:26,462 [INFO] ThirdParty:1030 - CMSIS Pack Vendor :STMicroelectronics LIBJPEG 8.0.0
2025-07-09 12:48:26,462 [INFO] ThirdParty:1030 - CMSIS Pack Vendor :STMicroelectronics FP-ATR-ASTRA1 2.0.2
2025-07-09 12:48:26,462 [INFO] ThirdParty:1030 - CMSIS Pack Vendor :STMicroelectronics X-CUBE-BLE1 7.1.0
2025-07-09 12:48:26,462 [INFO] ThirdParty:1030 - CMSIS Pack Vendor :Avnet-IotConnect X-CUBE-IoTC-DA16k-PMOD 1.0.0
2025-07-09 12:48:26,462 [INFO] ThirdParty:1030 - CMSIS Pack Vendor :STMicroelectronics X-CUBE-SMBUS 2.1.0
2025-07-09 12:48:26,462 [INFO] ThirdParty:1030 - CMSIS Pack Vendor :wolfSSL I-CUBE-wolfMQTT 1.19.2
2025-07-09 12:48:26,462 [INFO] ThirdParty:1030 - CMSIS Pack Vendor :STMicroelectronics USB_DEVICE 3.0.0
2025-07-09 12:48:26,462 [INFO] ThirdParty:1030 - CMSIS Pack Vendor :STMicroelectronics X-CUBE-ISPU 2.1.0
2025-07-09 12:48:26,462 [INFO] ThirdParty:1030 - CMSIS Pack Vendor :STMicroelectronics X-CUBE-AZRTOS-WB 2.0.0
2025-07-09 12:48:26,462 [INFO] ThirdParty:1030 - CMSIS Pack Vendor :STMicroelectronics X-CUBE-ST60 1.0.0
2025-07-09 12:48:26,462 [INFO] ThirdParty:1030 - CMSIS Pack Vendor :STMicroelectronics X-CUBE-GNSS1 7.0.1
2025-07-09 12:48:26,462 [INFO] ThirdParty:1030 - CMSIS Pack Vendor :STMicroelectronics X-CUBE-AZRTOS-F7 1.1.0
2025-07-09 12:48:26,462 [INFO] ThirdParty:1030 - CMSIS Pack Vendor :STMicroelectronics X-CUBE-AZRTOS-L5 2.0.0
2025-07-09 12:48:26,462 [INFO] ThirdParty:1030 - CMSIS Pack Vendor :STMicroelectronics X-CUBE-TOUCHGFX 4.25.0
2025-07-09 12:48:26,462 [INFO] ThirdParty:1030 - CMSIS Pack Vendor :STMicroelectronics USB_DEVICE 2.0.0
2025-07-09 12:48:26,462 [INFO] ThirdParty:1030 - CMSIS Pack Vendor :STMicroelectronics X-CUBE-NFC6 3.1.0
2025-07-09 12:48:26,462 [INFO] ThirdParty:1030 - CMSIS Pack Vendor :STMicroelectronics X-CUBE-AI 10.1.0
2025-07-09 12:48:26,462 [INFO] ThirdParty:1030 - CMSIS Pack Vendor :STMicroelectronics FP-SNS-STBOX1 2.0.0
2025-07-09 12:48:26,462 [INFO] ThirdParty:1030 - CMSIS Pack Vendor :STMicroelectronics X-CUBE-MEMS1 11.2.0
2025-07-09 12:48:26,462 [INFO] ThirdParty:1030 - CMSIS Pack Vendor :STMicroelectronics FreeRTOS 0.0.1
2025-07-09 12:48:26,462 [INFO] ThirdParty:1030 - CMSIS Pack Vendor :STMicroelectronics X-CUBE-AZRTOS-G0 1.1.0
2025-07-09 12:48:26,462 [INFO] ThirdParty:1030 - CMSIS Pack Vendor :STMicroelectronics X-CUBE-SAFEA1 1.2.2
2025-07-09 12:48:26,462 [INFO] ThirdParty:1030 - CMSIS Pack Vendor :STMicroelectronics X-CUBE-NFC4 3.0.0
2025-07-09 12:48:26,462 [INFO] ThirdParty:1030 - CMSIS Pack Vendor :STMicroelectronics X-CUBE-SUBG2 5.0.0
2025-07-09 12:48:26,462 [INFO] ThirdParty:1030 - CMSIS Pack Vendor :STMicroelectronics X-CUBE-AZRTOS-H7RS 1.1.0
2025-07-09 12:48:26,462 [INFO] ThirdParty:1030 - CMSIS Pack Vendor :STMicroelectronics STM32_WPAN 1.0.0
2025-07-09 12:48:26,462 [INFO] ThirdParty:1030 - CMSIS Pack Vendor :EmbeddedOffice I-CUBE-FS-RTOS 1.0.1
2025-07-09 12:48:26,462 [INFO] ThirdParty:1030 - CMSIS Pack Vendor :STMicroelectronics lwIP 2.0.3
2025-07-09 12:48:26,462 [INFO] ThirdParty:1030 - CMSIS Pack Vendor :Cesanta I-CUBE-Mongoose 7.13.0
2025-07-09 12:48:26,462 [INFO] ThirdParty:1030 - CMSIS Pack Vendor :STMicroelectronics USB_HOST 1.0.0
2025-07-09 12:48:26,462 [INFO] ThirdParty:1030 - CMSIS Pack Vendor :Infineon AIROC-Wi-Fi-Bluetooth-STM32 1.7.0
2025-07-09 12:48:26,462 [INFO] ThirdParty:1030 - CMSIS Pack Vendor :STMicroelectronics X-CUBE-AZRTOS-G4 2.0.0
2025-07-09 12:48:26,462 [INFO] ThirdParty:1030 - CMSIS Pack Vendor :STMicroelectronics X-CUBE-WB05N 2.0.0
2025-07-09 12:48:26,462 [INFO] ThirdParty:1030 - CMSIS Pack Vendor :STMicroelectronics PDM2PCM 3.1.0
2025-07-09 12:48:26,462 [INFO] ThirdParty:1030 - CMSIS Pack Vendor :STMicroelectronics PDM2PCM 3.3.0
2025-07-09 12:48:26,462 [INFO] ThirdParty:1030 - CMSIS Pack Vendor :wolfSSL I-CUBE-wolfTPM 3.8.0
2025-07-09 12:48:26,462 [INFO] ThirdParty:1030 - CMSIS Pack Vendor :STMicroelectronics X-CUBE-AZRTOS-H7 3.4.0
2025-07-09 12:48:26,462 [INFO] ThirdParty:1030 - CMSIS Pack Vendor :STMicroelectronics X-CUBE-DISPLAY 3.0.0
2025-07-09 12:48:26,462 [INFO] ThirdParty:1030 - CMSIS Pack Vendor :wolfSSL I-CUBE-wolfSSH 1.4.20
2025-07-09 12:48:26,463 [INFO] ThirdParty:1030 - CMSIS Pack Vendor :STMicroelectronics X-CUBE-NFC7 2.0.0
2025-07-09 12:48:26,463 [INFO] ThirdParty:1030 - CMSIS Pack Vendor :STMicroelectronics X-CUBE-TCPP 4.2.0
2025-07-09 12:48:26,463 [INFO] ThirdParty:1030 - CMSIS Pack Vendor :RealThread X-CUBE-RT-Thread_Nano 4.1.1
2025-07-09 12:48:26,463 [INFO] ThirdParty:1030 - CMSIS Pack Vendor :STMicroelectronics FP-ATR-SIGFOX1 3.2.0
2025-07-09 12:48:26,463 [INFO] ThirdParty:1030 - CMSIS Pack Vendor :STMicroelectronics X-CUBE-NFC10 1.0.0
2025-07-09 12:48:26,463 [INFO] ThirdParty:1030 - CMSIS Pack Vendor :STMicroelectronics X-CUBE-BLEMGR 4.0.0
2025-07-09 12:48:26,463 [INFO] ThirdParty:1030 - CMSIS Pack Vendor :STMicroelectronics X-CUBE-EEPRMA1 5.1.0
2025-07-09 12:48:26,463 [INFO] ThirdParty:1030 - CMSIS Pack Vendor :STMicroelectronics X-CUBE-FREERTOS 1.3.1
2025-07-09 12:48:26,463 [INFO] ThirdParty:1030 - CMSIS Pack Vendor :STMicroelectronics HAL Drivers 0.0.0
2025-07-09 12:48:26,463 [INFO] ThirdParty:1030 - CMSIS Pack Vendor :STMicroelectronics MBEDTLS 2.16.2
2025-07-09 12:48:26,463 [INFO] ThirdParty:1030 - CMSIS Pack Vendor :STMicroelectronics X-CUBE-IPS 3.1.0
2025-07-09 12:48:26,463 [INFO] ThirdParty:1030 - CMSIS Pack Vendor :STMicroelectronics X-CUBE-ALS 1.0.2
2025-07-09 12:48:26,463 [INFO] ThirdParty:1030 - CMSIS Pack Vendor :emotas I-CUBE-CANOPEN 1.3.0
2025-07-09 12:48:26,463 [INFO] ThirdParty:1030 - CMSIS Pack Vendor :STMicroelectronics MBEDTLS 2.14.1
2025-07-09 12:48:26,463 [INFO] ThirdParty:1030 - CMSIS Pack Vendor :ITTIA_DB I-CUBE-ITTIADB 8.9.0
2025-07-09 12:48:26,463 [INFO] ThirdParty:1030 - CMSIS Pack Vendor :portGmbH I-Cube-SoM-uGOAL 1.1.0
2025-07-09 12:48:26,463 [INFO] ThirdParty:1030 - CMSIS Pack Vendor :quantropi X-CUBE-qispace-sdk-base 2.0.0
2025-07-09 12:48:26,463 [INFO] ThirdParty:1030 - CMSIS Pack Vendor :STMicroelectronics X-CUBE-AI 10.0.0
2025-07-09 12:48:26,463 [INFO] ThirdParty:1030 - CMSIS Pack Vendor :STMicroelectronics X-CUBE-ST67W61 1.0.0
2025-07-09 12:48:26,463 [INFO] ThirdParty:1030 - CMSIS Pack Vendor :STMicroelectronics FP-SNS-STAIOTCFT 1.0.0
2025-07-09 12:48:26,463 [INFO] ThirdParty:1030 - CMSIS Pack Vendor :STMicroelectronics ThreadX 1.0.0
2025-07-09 12:48:26,463 [INFO] ThirdParty:1030 - CMSIS Pack Vendor :STMicroelectronics FP-SNS-SMARTAG2 1.2.0
2025-07-09 12:48:26,463 [INFO] ThirdParty:1030 - CMSIS Pack Vendor :STMicroelectronics FP-SNS-FLIGHT1 5.1.0
2025-07-09 12:48:26,463 [INFO] ThirdParty:1030 - CMSIS Pack Vendor :STMicroelectronics X-CUBE-AZRTOS-WL 2.0.0
2025-07-09 12:48:26,463 [INFO] ThirdParty:1030 - CMSIS Pack Vendor :SEGGER I-CUBE-embOS 1.3.1
2025-07-09 12:48:26,463 [INFO] ThirdParty:1030 - CMSIS Pack Vendor :STMicroelectronics X-CUBE-ALGOBUILD 1.4.0
2025-07-09 12:48:26,463 [INFO] ThirdParty:1030 - CMSIS Pack Vendor :STMicroelectronics X-CUBE-DPower 1.3.0
2025-07-09 12:48:26,463 [INFO] ThirdParty:1030 - CMSIS Pack Vendor :STMicroelectronics X-CUBE-MEMS1 11.3.0
2025-07-09 12:48:26,463 [INFO] ThirdParty:1030 - CMSIS Pack Vendor :STMicroelectronics FP-SNS-MOTENV1 5.0.0
2025-07-09 12:48:26,463 [INFO] ThirdParty:1030 - CMSIS Pack Vendor :STMicroelectronics USB_DEVICE 1.0.0
2025-07-09 12:48:26,463 [INFO] ThirdParty:1030 - CMSIS Pack Vendor :STMicroelectronics X-CUBE-AZRTOS-L4 2.0.0
2025-07-09 12:48:26,463 [INFO] ThirdParty:1030 - CMSIS Pack Vendor :STMicroelectronics ThreadX 0.0.2
2025-07-09 12:48:26,463 [INFO] ThirdParty:1030 - CMSIS Pack Vendor :WES I-CUBE-Cesium 1.3.0
2025-07-09 12:48:26,463 [INFO] ThirdParty:1030 - CMSIS Pack Vendor :STMicroelectronics lwIP 2.1.2
2025-07-09 12:48:26,463 [INFO] ThirdParty:1030 - CMSIS Pack Vendor :STMicroelectronics X-CUBE-SFXS2LP1 4.0.0
2025-07-09 12:48:26,463 [INFO] ThirdParty:1030 - CMSIS Pack Vendor :STMicroelectronics X-CUBE-BLE2 3.3.0
2025-07-09 12:48:26,463 [INFO] ThirdParty:1030 - CMSIS Pack Vendor :STMicroelectronics X-CUBE-TOF1 3.4.3
2025-07-09 12:48:26,463 [INFO] ThirdParty:1030 - CMSIS Pack Vendor :STMicroelectronics PDM2PCM 3.2.0
2025-07-09 12:48:26,463 [INFO] ThirdParty:841 - exiting critical section [change project]
2025-07-09 12:48:27,100 [INFO] PinOutPanel:1589 - setPackage(No Configuration,No Configuration)
2025-07-09 12:48:27,103 [INFO] PinOutPanel:1589 - setPackage(STM32H743XIHx,TFBGA240)
2025-07-09 12:48:27,977 [INFO] UtilMem:75 - Before build in PCC Used Memory: 994129440 Bytes (1073741824)
2025-07-09 12:48:28,475 [INFO] UtilMem:75 - After build in PCC Used Memory: 958689800 Bytes (1073741824)
2025-07-09 12:48:28,535 [INFO] IPUIPlugin:80 - create IPUIPlugin
2025-07-09 12:48:28,535 [INFO] IPUIPlugin:80 - create IPUIPlugin
2025-07-09 12:48:28,535 [INFO] IPUIPlugin:80 - create IPUIPlugin
2025-07-09 12:48:28,535 [INFO] IPUIPlugin:80 - create IPUIPlugin
2025-07-09 12:48:28,535 [INFO] IPUIPlugin:80 - create IPUIPlugin
2025-07-09 12:48:28,535 [INFO] IPUIPlugin:80 - create IPUIPlugin
2025-07-09 12:48:28,536 [INFO] IPUIPlugin:80 - create IPUIPlugin
2025-07-09 12:48:28,536 [INFO] IPUIPlugin:80 - create IPUIPlugin
2025-07-09 12:48:28,536 [INFO] IPUIPlugin:80 - create IPUIPlugin
2025-07-09 12:48:28,536 [INFO] IPUIPlugin:80 - create IPUIPlugin
2025-07-09 12:48:28,536 [INFO] IPUIPlugin:80 - create IPUIPlugin
2025-07-09 12:48:28,536 [INFO] IPUIPlugin:80 - create IPUIPlugin
2025-07-09 12:48:28,536 [INFO] IPUIPlugin:80 - create IPUIPlugin
2025-07-09 12:48:28,536 [INFO] IPUIPlugin:80 - create IPUIPlugin
2025-07-09 12:48:28,536 [INFO] IPUIPlugin:80 - create IPUIPlugin
2025-07-09 12:48:28,536 [INFO] IPUIPlugin:80 - create IPUIPlugin
2025-07-09 12:48:28,536 [INFO] IPUIPlugin:80 - create IPUIPlugin
2025-07-09 12:48:28,536 [INFO] IPUIPlugin:80 - create IPUIPlugin
2025-07-09 12:48:28,537 [INFO] IPUIPlugin:80 - create IPUIPlugin
2025-07-09 12:48:28,537 [INFO] IPUIPlugin:80 - create IPUIPlugin
2025-07-09 12:48:28,537 [INFO] IPUIPlugin:80 - create IPUIPlugin
2025-07-09 12:48:28,537 [INFO] IPUIPlugin:80 - create IPUIPlugin
2025-07-09 12:48:28,537 [INFO] IPUIPlugin:80 - create IPUIPlugin
2025-07-09 12:48:28,537 [INFO] IPUIPlugin:80 - create IPUIPlugin
2025-07-09 12:48:28,537 [INFO] IPUIPlugin:80 - create IPUIPlugin
2025-07-09 12:48:28,537 [INFO] IPUIPlugin:80 - create IPUIPlugin
2025-07-09 12:48:28,537 [INFO] IPUIPlugin:80 - create IPUIPlugin
2025-07-09 12:48:28,538 [INFO] IPUIPlugin:80 - create IPUIPlugin
2025-07-09 12:48:28,538 [INFO] IPUIPlugin:80 - create IPUIPlugin
2025-07-09 12:48:28,538 [INFO] IPUIPlugin:80 - create IPUIPlugin
2025-07-09 12:48:28,538 [INFO] IPUIPlugin:80 - create IPUIPlugin
2025-07-09 12:48:28,538 [INFO] IPUIPlugin:80 - create IPUIPlugin
2025-07-09 12:48:28,538 [INFO] IPUIPlugin:80 - create IPUIPlugin
2025-07-09 12:48:28,539 [INFO] IPUIPlugin:80 - create IPUIPlugin
2025-07-09 12:48:28,539 [INFO] IPUIPlugin:80 - create IPUIPlugin
2025-07-09 12:48:28,539 [INFO] IPUIPlugin:80 - create IPUIPlugin
2025-07-09 12:48:28,540 [INFO] IPUIPlugin:80 - create IPUIPlugin
2025-07-09 12:48:28,540 [INFO] IPUIPlugin:80 - create IPUIPlugin
2025-07-09 12:48:28,540 [INFO] IPUIPlugin:80 - create IPUIPlugin
2025-07-09 12:48:28,540 [INFO] IPUIPlugin:80 - create IPUIPlugin
2025-07-09 12:48:28,540 [INFO] IPUIPlugin:80 - create IPUIPlugin
2025-07-09 12:48:28,541 [INFO] IPUIPlugin:80 - create IPUIPlugin
2025-07-09 12:48:28,541 [INFO] IPUIPlugin:80 - create IPUIPlugin
2025-07-09 12:48:28,541 [INFO] IPUIPlugin:80 - create IPUIPlugin
2025-07-09 12:48:28,541 [INFO] IPUIPlugin:80 - create IPUIPlugin
2025-07-09 12:48:28,541 [INFO] IPUIPlugin:80 - create IPUIPlugin
2025-07-09 12:48:28,542 [INFO] IPUIPlugin:80 - create IPUIPlugin
2025-07-09 12:48:28,542 [INFO] IPUIPlugin:80 - create IPUIPlugin
2025-07-09 12:48:28,542 [INFO] IPUIPlugin:80 - create IPUIPlugin
2025-07-09 12:48:28,543 [INFO] IPUIPlugin:80 - create IPUIPlugin
2025-07-09 12:48:28,543 [INFO] IPUIPlugin:80 - create IPUIPlugin
2025-07-09 12:48:28,543 [INFO] IPUIPlugin:80 - create IPUIPlugin
2025-07-09 12:48:28,543 [INFO] IPUIPlugin:80 - create IPUIPlugin
2025-07-09 12:48:28,545 [INFO] IPUIPlugin:80 - create IPUIPlugin
2025-07-09 12:48:28,545 [INFO] IPUIPlugin:80 - create IPUIPlugin
2025-07-09 12:48:28,545 [INFO] IPUIPlugin:80 - create IPUIPlugin
2025-07-09 12:48:28,546 [INFO] IPUIPlugin:80 - create IPUIPlugin
2025-07-09 12:48:28,546 [INFO] IPUIPlugin:80 - create IPUIPlugin
2025-07-09 12:48:28,546 [INFO] IPUIPlugin:80 - create IPUIPlugin
2025-07-09 12:48:28,547 [INFO] IPUIPlugin:80 - create IPUIPlugin
2025-07-09 12:48:28,547 [INFO] IPUIPlugin:80 - create IPUIPlugin
2025-07-09 12:48:28,547 [INFO] IPUIPlugin:80 - create IPUIPlugin
2025-07-09 12:48:28,548 [INFO] IPUIPlugin:80 - create IPUIPlugin
2025-07-09 12:48:28,548 [INFO] IPUIPlugin:80 - create IPUIPlugin
2025-07-09 12:48:28,549 [INFO] IPUIPlugin:80 - create IPUIPlugin
2025-07-09 12:48:28,549 [INFO] IPUIPlugin:80 - create IPUIPlugin
2025-07-09 12:48:28,549 [INFO] IPUIPlugin:80 - create IPUIPlugin
2025-07-09 12:48:28,550 [INFO] IPUIPlugin:80 - create IPUIPlugin
2025-07-09 12:48:28,550 [INFO] IPUIPlugin:80 - create IPUIPlugin
2025-07-09 12:48:28,550 [INFO] IPUIPlugin:80 - create IPUIPlugin
2025-07-09 12:48:28,550 [INFO] IPUIPlugin:80 - create IPUIPlugin
2025-07-09 12:48:28,551 [INFO] IPUIPlugin:80 - create IPUIPlugin
2025-07-09 12:48:28,551 [INFO] IPUIPlugin:80 - create IPUIPlugin
2025-07-09 12:48:28,551 [INFO] IPUIPlugin:80 - create IPUIPlugin
2025-07-09 12:48:28,552 [INFO] IPUIPlugin:80 - create IPUIPlugin
2025-07-09 12:48:28,552 [INFO] IPUIPlugin:80 - create IPUIPlugin
2025-07-09 12:48:28,552 [INFO] IPUIPlugin:80 - create IPUIPlugin
2025-07-09 12:48:28,552 [INFO] IPUIPlugin:80 - create IPUIPlugin
2025-07-09 12:48:28,553 [INFO] IPUIPlugin:80 - create IPUIPlugin
2025-07-09 12:48:28,553 [INFO] IPUIPlugin:80 - create IPUIPlugin
2025-07-09 12:48:28,553 [INFO] IPUIPlugin:80 - create IPUIPlugin
2025-07-09 12:48:28,553 [INFO] IPUIPlugin:80 - create IPUIPlugin
2025-07-09 12:48:28,553 [INFO] IPUIPlugin:80 - create IPUIPlugin
2025-07-09 12:48:28,553 [INFO] IPUIPlugin:80 - create IPUIPlugin
2025-07-09 12:48:28,554 [INFO] IPUIPlugin:80 - create IPUIPlugin
2025-07-09 12:48:28,554 [INFO] IPUIPlugin:80 - create IPUIPlugin
2025-07-09 12:48:28,554 [INFO] IPUIPlugin:80 - create IPUIPlugin
2025-07-09 12:48:28,555 [INFO] IPUIPlugin:80 - create IPUIPlugin
2025-07-09 12:48:28,555 [INFO] IPUIPlugin:80 - create IPUIPlugin
2025-07-09 12:48:28,556 [INFO] IPUIPlugin:80 - create IPUIPlugin
2025-07-09 12:48:28,556 [INFO] IPUIPlugin:80 - create IPUIPlugin
2025-07-09 12:48:28,557 [INFO] IPUIPlugin:80 - create IPUIPlugin
2025-07-09 12:48:28,557 [INFO] IPUIPlugin:80 - create IPUIPlugin
2025-07-09 12:48:28,558 [INFO] IPUIPlugin:80 - create IPUIPlugin
2025-07-09 12:48:28,558 [INFO] IPUIPlugin:80 - create IPUIPlugin
2025-07-09 12:48:28,567 [INFO] IPUIPlugin:80 - create IPUIPlugin
2025-07-09 12:48:28,568 [INFO] IPUIPlugin:80 - create IPUIPlugin
2025-07-09 12:48:28,568 [INFO] IPUIPlugin:80 - create IPUIPlugin
2025-07-09 12:48:28,593 [INFO] ApiDbMcu:508 - Load IP Config File for PDM2PCM
2025-07-09 12:48:28,694 [INFO] CADModel:165 - CPN selected for project levelSTM32H743XIH6
2025-07-09 12:48:28,694 [INFO] CADModel:114 - Register for checkConnection events
2025-07-09 12:48:28,878 [INFO] OpenFileManager:385 - Restore cursor
2025-07-09 12:48:40,090 [INFO] NvicIntPanel:101 - NVIC parent = com.st.microxplorer.plugins.ip.nvic.MultiNvicIntPanel[,0,0,486x270,layout=javax.swing.BoxLayout,alignmentX=0.0,alignmentY=0.0,border=,flags=9,maximumSize=,minimumSize=,preferredSize=]
2025-07-09 12:48:54,743 [INFO] NvicIntPanel:101 - NVIC parent = com.st.microxplorer.plugins.ip.nvic.MultiNvicIntPanel[,0,0,0x0,invalid,layout=javax.swing.BoxLayout,alignmentX=0.0,alignmentY=0.0,border=,flags=9,maximumSize=,minimumSize=,preferredSize=]
2025-07-09 12:48:55,029 [INFO] NvicIntPanel:101 - NVIC parent = com.st.microxplorer.plugins.ip.nvic.MultiNvicIntPanel[,0,0,0x0,invalid,layout=javax.swing.BoxLayout,alignmentX=0.0,alignmentY=0.0,border=,flags=9,maximumSize=,minimumSize=,preferredSize=]
2025-07-09 12:48:57,144 [INFO] NvicIntPanel:101 - NVIC parent = com.st.microxplorer.plugins.ip.nvic.MultiNvicIntPanel[,0,0,0x0,invalid,layout=javax.swing.BoxLayout,alignmentX=0.0,alignmentY=0.0,border=,flags=9,maximumSize=,minimumSize=,preferredSize=]
2025-07-09 12:48:57,399 [INFO] NvicIntPanel:101 - NVIC parent = com.st.microxplorer.plugins.ip.nvic.MultiNvicIntPanel[,0,0,0x0,invalid,layout=javax.swing.BoxLayout,alignmentX=0.0,alignmentY=0.0,border=,flags=9,maximumSize=,minimumSize=,preferredSize=]
2025-07-09 12:48:58,847 [INFO] NvicIntPanel:101 - NVIC parent = com.st.microxplorer.plugins.ip.nvic.MultiNvicIntPanel[,0,0,0x0,invalid,layout=javax.swing.BoxLayout,alignmentX=0.0,alignmentY=0.0,border=,flags=9,maximumSize=,minimumSize=,preferredSize=]
2025-07-09 12:48:58,998 [INFO] NvicIntPanel:101 - NVIC parent = com.st.microxplorer.plugins.ip.nvic.MultiNvicIntPanel[,0,0,0x0,invalid,layout=javax.swing.BoxLayout,alignmentX=0.0,alignmentY=0.0,border=,flags=9,maximumSize=,minimumSize=,preferredSize=]
2025-07-09 12:49:00,907 [INFO] NvicIntPanel:101 - NVIC parent = com.st.microxplorer.plugins.ip.nvic.MultiNvicIntPanel[,0,0,0x0,invalid,layout=javax.swing.BoxLayout,alignmentX=0.0,alignmentY=0.0,border=,flags=9,maximumSize=,minimumSize=,preferredSize=]
2025-07-09 12:49:01,133 [INFO] NvicIntPanel:101 - NVIC parent = com.st.microxplorer.plugins.ip.nvic.MultiNvicIntPanel[,0,0,0x0,invalid,layout=javax.swing.BoxLayout,alignmentX=0.0,alignmentY=0.0,border=,flags=9,maximumSize=,minimumSize=,preferredSize=]
2025-07-09 12:49:05,370 [INFO] UtilMem:75 - End SaveConfig() Used Memory: 947603408 Bytes (1073741824)
2025-07-09 12:49:05,638 [INFO] UtilMem:75 - End SaveConfig() Used Memory: 891031800 Bytes (1073741824)
2025-07-09 12:49:06,231 [INFO] BlockDiagram:2775 - set Specific Code input for plugin: SPI
2025-07-09 12:49:06,231 [INFO] BlockDiagram:2775 - set Specific Code input for plugin: RCC
2025-07-09 12:49:06,231 [INFO] BlockDiagram:2775 - set Specific Code input for plugin: I2C
2025-07-09 12:49:06,231 [INFO] BlockDiagram:2775 - set Specific Code input for plugin: DCMI
2025-07-09 12:49:06,231 [INFO] BlockDiagram:2775 - set Specific Code input for plugin: USART
2025-07-09 12:49:06,231 [INFO] BlockDiagram:2775 - set Specific Code input for plugin: FMC
2025-07-09 12:49:06,231 [INFO] BlockDiagram:2775 - set Specific Code input for plugin: MEMORYMAP
2025-07-09 12:49:06,231 [INFO] BlockDiagram:2775 - set Specific Code input for plugin: SYS
2025-07-09 12:49:06,231 [INFO] BlockDiagram:2775 - set Specific Code input for plugin: NVIC
2025-07-09 12:49:06,231 [INFO] BlockDiagram:2775 - set Specific Code input for plugin: CORTEX_M7
2025-07-09 12:49:06,231 [INFO] BlockDiagram:2775 - set Specific Code input for plugin: DMA
2025-07-09 12:49:06,232 [INFO] BlockDiagram:2775 - set Specific Code input for plugin: DEBUG
2025-07-09 12:49:06,232 [INFO] BlockDiagram:2775 - set Specific Code input for plugin: GPIO
2025-07-09 12:49:06,233 [INFO] CodeGenerator:882 - code generatio: config db path: C:\ST\STM32CubeIDE_1.18.1\STM32CubeIDE\plugins\com.st.stm32cube.common.mx_6.14.1.202504091515\\db\
2025-07-09 12:49:06,243 [INFO] Argument:325 - Argument : hdmavalue: null
2025-07-09 12:49:06,243 [INFO] Argument:327 - 	 sub Args: 
2025-07-09 12:49:06,243 [INFO] Argument:325 - Argument : Instancevalue: DMA1_Stream1
2025-07-09 12:49:06,243 [INFO] Argument:335 - Argument : Instancevalue: DMA1_Stream1
2025-07-09 12:49:06,243 [INFO] Argument:325 - Argument : Initvalue: null
2025-07-09 12:49:06,243 [INFO] Argument:327 - 	 sub Args: 
2025-07-09 12:49:06,243 [INFO] Argument:325 - Argument : Requestvalue: DMA_REQUEST_DCMI
2025-07-09 12:49:06,243 [INFO] Argument:335 - Argument : Requestvalue: DMA_REQUEST_DCMI
2025-07-09 12:49:06,243 [INFO] Argument:325 - Argument : Directionvalue: DMA_PERIPH_TO_MEMORY
2025-07-09 12:49:06,243 [INFO] Argument:335 - Argument : Directionvalue: DMA_PERIPH_TO_MEMORY
2025-07-09 12:49:06,243 [INFO] Argument:325 - Argument : PeriphIncvalue: DMA_PINC_DISABLE
2025-07-09 12:49:06,243 [INFO] Argument:335 - Argument : PeriphIncvalue: DMA_PINC_DISABLE
2025-07-09 12:49:06,243 [INFO] Argument:325 - Argument : MemIncvalue: DMA_MINC_ENABLE
2025-07-09 12:49:06,243 [INFO] Argument:335 - Argument : MemIncvalue: DMA_MINC_ENABLE
2025-07-09 12:49:06,243 [INFO] Argument:325 - Argument : PeriphDataAlignmentvalue: DMA_PDATAALIGN_WORD
2025-07-09 12:49:06,243 [INFO] Argument:335 - Argument : PeriphDataAlignmentvalue: DMA_PDATAALIGN_WORD
2025-07-09 12:49:06,243 [INFO] Argument:325 - Argument : MemDataAlignmentvalue: DMA_MDATAALIGN_WORD
2025-07-09 12:49:06,243 [INFO] Argument:335 - Argument : MemDataAlignmentvalue: DMA_MDATAALIGN_WORD
2025-07-09 12:49:06,243 [INFO] Argument:325 - Argument : Modevalue: DMA_NORMAL
2025-07-09 12:49:06,243 [INFO] Argument:335 - Argument : Modevalue: DMA_NORMAL
2025-07-09 12:49:06,243 [INFO] Argument:325 - Argument : Priorityvalue: DMA_PRIORITY_LOW
2025-07-09 12:49:06,243 [INFO] Argument:335 - Argument : Priorityvalue: DMA_PRIORITY_LOW
2025-07-09 12:49:06,243 [INFO] Argument:325 - Argument : FIFOModevalue: DMA_FIFOMODE_DISABLE
2025-07-09 12:49:06,243 [INFO] Argument:335 - Argument : FIFOModevalue: DMA_FIFOMODE_DISABLE
2025-07-09 12:49:06,243 [INFO] Argument:325 - Argument : FIFOThresholdvalue: null
2025-07-09 12:49:06,243 [INFO] Argument:335 - Argument : FIFOThresholdvalue: null
2025-07-09 12:49:06,243 [INFO] Argument:325 - Argument : MemBurstvalue: null
2025-07-09 12:49:06,243 [INFO] Argument:335 - Argument : MemBurstvalue: null
2025-07-09 12:49:06,243 [INFO] Argument:325 - Argument : PeriphBurstvalue: null
2025-07-09 12:49:06,243 [INFO] Argument:335 - Argument : PeriphBurstvalue: null
2025-07-09 12:49:06,243 [INFO] Argument:325 - Argument : Lockvalue: null
2025-07-09 12:49:06,243 [INFO] Argument:335 - Argument : Lockvalue: null
2025-07-09 12:49:06,243 [INFO] Argument:325 - Argument : Statevalue: null
2025-07-09 12:49:06,243 [INFO] Argument:335 - Argument : Statevalue: null
2025-07-09 12:49:06,243 [INFO] Argument:325 - Argument : Parentvalue: null
2025-07-09 12:49:06,243 [INFO] Argument:335 - Argument : Parentvalue: null
2025-07-09 12:49:06,243 [INFO] Argument:325 - Argument : XferCpltCallbackvalue: null
2025-07-09 12:49:06,243 [INFO] Argument:335 - Argument : XferCpltCallbackvalue: null
2025-07-09 12:49:06,243 [INFO] Argument:325 - Argument : XferHalfCpltCallbackvalue: null
2025-07-09 12:49:06,243 [INFO] Argument:335 - Argument : XferHalfCpltCallbackvalue: null
2025-07-09 12:49:06,243 [INFO] Argument:325 - Argument : XferM1CpltCallbackvalue: null
2025-07-09 12:49:06,243 [INFO] Argument:335 - Argument : XferM1CpltCallbackvalue: null
2025-07-09 12:49:06,243 [INFO] Argument:325 - Argument : XferM1HalfCpltCallbackvalue: null
2025-07-09 12:49:06,243 [INFO] Argument:335 - Argument : XferM1HalfCpltCallbackvalue: null
2025-07-09 12:49:06,243 [INFO] Argument:325 - Argument : XferErrorCallbackvalue: null
2025-07-09 12:49:06,243 [INFO] Argument:335 - Argument : XferErrorCallbackvalue: null
2025-07-09 12:49:06,243 [INFO] Argument:325 - Argument : XferAbortCallbackvalue: null
2025-07-09 12:49:06,243 [INFO] Argument:335 - Argument : XferAbortCallbackvalue: null
2025-07-09 12:49:06,243 [INFO] Argument:325 - Argument : ErrorCodevalue: null
2025-07-09 12:49:06,243 [INFO] Argument:335 - Argument : ErrorCodevalue: null
2025-07-09 12:49:06,243 [INFO] Argument:325 - Argument : StreamBaseAddressvalue: null
2025-07-09 12:49:06,243 [INFO] Argument:335 - Argument : StreamBaseAddressvalue: null
2025-07-09 12:49:06,243 [INFO] Argument:325 - Argument : StreamIndexvalue: null
2025-07-09 12:49:06,243 [INFO] Argument:335 - Argument : StreamIndexvalue: null
2025-07-09 12:49:06,278 [INFO] Argument:325 - Argument : hdmavalue: null
2025-07-09 12:49:06,278 [INFO] Argument:327 - 	 sub Args: 
2025-07-09 12:49:06,278 [INFO] Argument:325 - Argument : Instancevalue: DMA1_Stream0
2025-07-09 12:49:06,278 [INFO] Argument:335 - Argument : Instancevalue: DMA1_Stream0
2025-07-09 12:49:06,278 [INFO] Argument:325 - Argument : Initvalue: null
2025-07-09 12:49:06,278 [INFO] Argument:327 - 	 sub Args: 
2025-07-09 12:49:06,278 [INFO] Argument:325 - Argument : Requestvalue: DMA_REQUEST_SPI1_TX
2025-07-09 12:49:06,278 [INFO] Argument:335 - Argument : Requestvalue: DMA_REQUEST_SPI1_TX
2025-07-09 12:49:06,279 [INFO] Argument:325 - Argument : Directionvalue: DMA_MEMORY_TO_PERIPH
2025-07-09 12:49:06,279 [INFO] Argument:335 - Argument : Directionvalue: DMA_MEMORY_TO_PERIPH
2025-07-09 12:49:06,279 [INFO] Argument:325 - Argument : PeriphIncvalue: DMA_PINC_DISABLE
2025-07-09 12:49:06,279 [INFO] Argument:335 - Argument : PeriphIncvalue: DMA_PINC_DISABLE
2025-07-09 12:49:06,279 [INFO] Argument:325 - Argument : MemIncvalue: DMA_MINC_ENABLE
2025-07-09 12:49:06,279 [INFO] Argument:335 - Argument : MemIncvalue: DMA_MINC_ENABLE
2025-07-09 12:49:06,279 [INFO] Argument:325 - Argument : PeriphDataAlignmentvalue: DMA_PDATAALIGN_BYTE
2025-07-09 12:49:06,279 [INFO] Argument:335 - Argument : PeriphDataAlignmentvalue: DMA_PDATAALIGN_BYTE
2025-07-09 12:49:06,279 [INFO] Argument:325 - Argument : MemDataAlignmentvalue: DMA_MDATAALIGN_BYTE
2025-07-09 12:49:06,279 [INFO] Argument:335 - Argument : MemDataAlignmentvalue: DMA_MDATAALIGN_BYTE
2025-07-09 12:49:06,279 [INFO] Argument:325 - Argument : Modevalue: DMA_NORMAL
2025-07-09 12:49:06,279 [INFO] Argument:335 - Argument : Modevalue: DMA_NORMAL
2025-07-09 12:49:06,279 [INFO] Argument:325 - Argument : Priorityvalue: DMA_PRIORITY_LOW
2025-07-09 12:49:06,279 [INFO] Argument:335 - Argument : Priorityvalue: DMA_PRIORITY_LOW
2025-07-09 12:49:06,279 [INFO] Argument:325 - Argument : FIFOModevalue: DMA_FIFOMODE_DISABLE
2025-07-09 12:49:06,279 [INFO] Argument:335 - Argument : FIFOModevalue: DMA_FIFOMODE_DISABLE
2025-07-09 12:49:06,279 [INFO] Argument:325 - Argument : FIFOThresholdvalue: null
2025-07-09 12:49:06,279 [INFO] Argument:335 - Argument : FIFOThresholdvalue: null
2025-07-09 12:49:06,279 [INFO] Argument:325 - Argument : MemBurstvalue: null
2025-07-09 12:49:06,279 [INFO] Argument:335 - Argument : MemBurstvalue: null
2025-07-09 12:49:06,279 [INFO] Argument:325 - Argument : PeriphBurstvalue: null
2025-07-09 12:49:06,279 [INFO] Argument:335 - Argument : PeriphBurstvalue: null
2025-07-09 12:49:06,279 [INFO] Argument:325 - Argument : Lockvalue: null
2025-07-09 12:49:06,279 [INFO] Argument:335 - Argument : Lockvalue: null
2025-07-09 12:49:06,279 [INFO] Argument:325 - Argument : Statevalue: null
2025-07-09 12:49:06,279 [INFO] Argument:335 - Argument : Statevalue: null
2025-07-09 12:49:06,279 [INFO] Argument:325 - Argument : Parentvalue: null
2025-07-09 12:49:06,279 [INFO] Argument:335 - Argument : Parentvalue: null
2025-07-09 12:49:06,279 [INFO] Argument:325 - Argument : XferCpltCallbackvalue: null
2025-07-09 12:49:06,279 [INFO] Argument:335 - Argument : XferCpltCallbackvalue: null
2025-07-09 12:49:06,279 [INFO] Argument:325 - Argument : XferHalfCpltCallbackvalue: null
2025-07-09 12:49:06,279 [INFO] Argument:335 - Argument : XferHalfCpltCallbackvalue: null
2025-07-09 12:49:06,279 [INFO] Argument:325 - Argument : XferM1CpltCallbackvalue: null
2025-07-09 12:49:06,279 [INFO] Argument:335 - Argument : XferM1CpltCallbackvalue: null
2025-07-09 12:49:06,279 [INFO] Argument:325 - Argument : XferM1HalfCpltCallbackvalue: null
2025-07-09 12:49:06,279 [INFO] Argument:335 - Argument : XferM1HalfCpltCallbackvalue: null
2025-07-09 12:49:06,279 [INFO] Argument:325 - Argument : XferErrorCallbackvalue: null
2025-07-09 12:49:06,279 [INFO] Argument:335 - Argument : XferErrorCallbackvalue: null
2025-07-09 12:49:06,279 [INFO] Argument:325 - Argument : XferAbortCallbackvalue: null
2025-07-09 12:49:06,279 [INFO] Argument:335 - Argument : XferAbortCallbackvalue: null
2025-07-09 12:49:06,279 [INFO] Argument:325 - Argument : ErrorCodevalue: null
2025-07-09 12:49:06,279 [INFO] Argument:335 - Argument : ErrorCodevalue: null
2025-07-09 12:49:06,279 [INFO] Argument:325 - Argument : StreamBaseAddressvalue: null
2025-07-09 12:49:06,279 [INFO] Argument:335 - Argument : StreamBaseAddressvalue: null
2025-07-09 12:49:06,279 [INFO] Argument:325 - Argument : StreamIndexvalue: null
2025-07-09 12:49:06,279 [INFO] Argument:335 - Argument : StreamIndexvalue: null
2025-07-09 12:49:06,844 [INFO] CodeEngine:263 - oldGeneratedFile, C:\harman\STM32Cube\250708_OV7670\MXTmpFiles\license.tmp_save
2025-07-09 12:49:07,168 [INFO] CodeEngine:287 - Generated code: C:\harman\STM32Cube\250708_OV7670\MXTmpFiles\license.tmp
2025-07-09 12:49:07,345 [INFO] CodeEngine:263 - oldGeneratedFile, C:\harman\STM32Cube\250708_OV7670\Core\Src\gpio.c_save
2025-07-09 12:49:07,494 [INFO] CodeEngine:287 - Generated code: C:\harman\STM32Cube\250708_OV7670\Core\Src\gpio.c
2025-07-09 12:49:07,500 [INFO] CodeEngine:263 - oldGeneratedFile, C:\harman\STM32Cube\250708_OV7670\Core\Inc\gpio.h_save
2025-07-09 12:49:07,601 [INFO] CodeEngine:287 - Generated code: C:\harman\STM32Cube\250708_OV7670\Core\Inc\gpio.h
2025-07-09 12:49:07,962 [WARN] IPConfigManager:103 - WARNING: Missing Config File for DEBUG ip!!
2025-07-09 12:49:08,657 [WARN] IPConfigManager:103 - WARNING: Missing Config File for MEMORYMAP ip!!
2025-07-09 12:49:09,420 [INFO] CodeEngine:263 - oldGeneratedFile, C:\harman\STM32Cube\250708_OV7670\MXTmpFiles\cortex.tmp_save
2025-07-09 12:49:09,526 [INFO] CodeEngine:287 - Generated code: C:\harman\STM32Cube\250708_OV7670\MXTmpFiles\cortex.tmp
2025-07-09 12:49:09,538 [INFO] CodeEngine:263 - oldGeneratedFile, C:\harman\STM32Cube\250708_OV7670\Core\Src\dcmi.c_save
2025-07-09 12:49:09,657 [INFO] CodeEngine:287 - Generated code: C:\harman\STM32Cube\250708_OV7670\Core\Src\dcmi.c
2025-07-09 12:49:09,663 [INFO] CodeEngine:263 - oldGeneratedFile, C:\harman\STM32Cube\250708_OV7670\Core\Inc\dcmi.h_save
2025-07-09 12:49:09,727 [INFO] CodeEngine:287 - Generated code: C:\harman\STM32Cube\250708_OV7670\Core\Inc\dcmi.h
2025-07-09 12:49:09,809 [INFO] CodeEngine:263 - oldGeneratedFile, C:\harman\STM32Cube\250708_OV7670\Core\Src\dma.c_save
2025-07-09 12:49:09,872 [INFO] CodeEngine:287 - Generated code: C:\harman\STM32Cube\250708_OV7670\Core\Src\dma.c
2025-07-09 12:49:09,878 [INFO] CodeEngine:263 - oldGeneratedFile, C:\harman\STM32Cube\250708_OV7670\Core\Inc\dma.h_save
2025-07-09 12:49:09,950 [INFO] CodeEngine:287 - Generated code: C:\harman\STM32Cube\250708_OV7670\Core\Inc\dma.h
2025-07-09 12:49:09,963 [INFO] CodeEngine:263 - oldGeneratedFile, C:\harman\STM32Cube\250708_OV7670\Core\Src\fmc.c_save
2025-07-09 12:49:10,053 [INFO] CodeEngine:287 - Generated code: C:\harman\STM32Cube\250708_OV7670\Core\Src\fmc.c
2025-07-09 12:49:10,060 [INFO] CodeEngine:263 - oldGeneratedFile, C:\harman\STM32Cube\250708_OV7670\Core\Inc\fmc.h_save
2025-07-09 12:49:10,124 [INFO] CodeEngine:287 - Generated code: C:\harman\STM32Cube\250708_OV7670\Core\Inc\fmc.h
2025-07-09 12:49:10,138 [INFO] CodeEngine:263 - oldGeneratedFile, C:\harman\STM32Cube\250708_OV7670\Core\Src\i2c.c_save
2025-07-09 12:49:10,234 [INFO] CodeEngine:287 - Generated code: C:\harman\STM32Cube\250708_OV7670\Core\Src\i2c.c
2025-07-09 12:49:10,242 [INFO] CodeEngine:263 - oldGeneratedFile, C:\harman\STM32Cube\250708_OV7670\Core\Inc\i2c.h_save
2025-07-09 12:49:10,303 [INFO] CodeEngine:287 - Generated code: C:\harman\STM32Cube\250708_OV7670\Core\Inc\i2c.h
2025-07-09 12:49:10,321 [INFO] CodeEngine:263 - oldGeneratedFile, C:\harman\STM32Cube\250708_OV7670\Core\Src\memorymap.c_save
2025-07-09 12:49:10,409 [INFO] CodeEngine:287 - Generated code: C:\harman\STM32Cube\250708_OV7670\Core\Src\memorymap.c
2025-07-09 12:49:10,415 [INFO] CodeEngine:263 - oldGeneratedFile, C:\harman\STM32Cube\250708_OV7670\Core\Inc\memorymap.h_save
2025-07-09 12:49:10,470 [INFO] CodeEngine:287 - Generated code: C:\harman\STM32Cube\250708_OV7670\Core\Inc\memorymap.h
2025-07-09 12:49:10,485 [INFO] CodeEngine:263 - oldGeneratedFile, C:\harman\STM32Cube\250708_OV7670\Core\Src\spi.c_save
2025-07-09 12:49:10,581 [INFO] CodeEngine:287 - Generated code: C:\harman\STM32Cube\250708_OV7670\Core\Src\spi.c
2025-07-09 12:49:10,590 [INFO] CodeEngine:263 - oldGeneratedFile, C:\harman\STM32Cube\250708_OV7670\Core\Inc\spi.h_save
2025-07-09 12:49:10,645 [INFO] CodeEngine:287 - Generated code: C:\harman\STM32Cube\250708_OV7670\Core\Inc\spi.h
2025-07-09 12:49:10,658 [INFO] CodeEngine:263 - oldGeneratedFile, C:\harman\STM32Cube\250708_OV7670\Core\Src\usart.c_save
2025-07-09 12:49:10,738 [INFO] CodeEngine:287 - Generated code: C:\harman\STM32Cube\250708_OV7670\Core\Src\usart.c
2025-07-09 12:49:10,745 [INFO] CodeEngine:263 - oldGeneratedFile, C:\harman\STM32Cube\250708_OV7670\Core\Inc\usart.h_save
2025-07-09 12:49:10,809 [INFO] CodeEngine:287 - Generated code: C:\harman\STM32Cube\250708_OV7670\Core\Inc\usart.h
2025-07-09 12:49:10,834 [INFO] CodeEngine:263 - oldGeneratedFile, C:\harman\STM32Cube\250708_OV7670\Core\Src\stm32h7xx_it.c_save
2025-07-09 12:49:11,046 [INFO] CodeEngine:287 - Generated code: C:\harman\STM32Cube\250708_OV7670\Core\Src\stm32h7xx_it.c
2025-07-09 12:49:11,058 [INFO] CodeEngine:263 - oldGeneratedFile, C:\harman\STM32Cube\250708_OV7670\Core\Inc\stm32h7xx_it.h_save
2025-07-09 12:49:11,148 [INFO] CodeEngine:287 - Generated code: C:\harman\STM32Cube\250708_OV7670\Core\Inc\stm32h7xx_it.h
2025-07-09 12:49:11,582 [INFO] CodeEngine:263 - oldGeneratedFile, C:\harman\STM32Cube\250708_OV7670\Core\Src\stm32h7xx_hal_msp.c_save
2025-07-09 12:49:11,676 [INFO] CodeEngine:287 - Generated code: C:\harman\STM32Cube\250708_OV7670\Core\Src\stm32h7xx_hal_msp.c
2025-07-09 12:49:11,681 [INFO] CodeEngine:263 - oldGeneratedFile, C:\harman\STM32Cube\250708_OV7670\MXTmpFiles\system.tmp_save
2025-07-09 12:49:11,737 [INFO] CodeEngine:287 - Generated code: C:\harman\STM32Cube\250708_OV7670\MXTmpFiles\system.tmp
2025-07-09 12:49:11,752 [INFO] CodeEngine:319 - oldGeneratedFile, C:\harman\STM32Cube\250708_OV7670\Core\Inc\stm32h7xx_hal_conf.h_save
2025-07-09 12:49:11,808 [INFO] CodeEngine:343 - Generated code: C:\harman\STM32Cube\250708_OV7670\Core\Inc\stm32h7xx_hal_conf.h
2025-07-09 12:49:11,848 [INFO] ApiDbMcu:508 - Load IP Config File for DCMI
2025-07-09 12:49:11,855 [INFO] ApiDbMcu:508 - Load IP Config File for FMC
2025-07-09 12:49:11,859 [INFO] ApiDbMcu:508 - Load IP Config File for I2C1
2025-07-09 12:49:11,859 [ERROR] ApiDbMcu:464 - Can't load MEMORYMAP-STM32xx root dir null
2025-07-09 12:49:11,859 [ERROR] ApiDbMcu:536 - Cannot parse MEMORYMAP_Config file : file do not exist
2025-07-09 12:49:11,862 [INFO] ApiDbMcu:508 - Load IP Config File for SPI1
2025-07-09 12:49:11,872 [INFO] ApiDbMcu:508 - Load IP Config File for USART1
2025-07-09 12:49:11,876 [INFO] ApiDbMcu:508 - Load IP Config File for RCC
2025-07-09 12:49:11,888 [INFO] CodeEngine:263 - oldGeneratedFile, C:\harman\STM32Cube\250708_OV7670\Core\Inc\main.h_save
2025-07-09 12:49:11,963 [INFO] CodeEngine:287 - Generated code: C:\harman\STM32Cube\250708_OV7670\Core\Inc\main.h
2025-07-09 12:49:11,969 [INFO] CodeEngine:263 - oldGeneratedFile, C:\harman\STM32Cube\250708_OV7670\Core\Src\main.c_save
2025-07-09 12:49:12,051 [INFO] CodeEngine:287 - Generated code: C:\harman\STM32Cube\250708_OV7670\Core\Src\main.c
2025-07-09 12:49:12,417 [INFO] ProjectBuilder:3324 - Time for Copy HAL[1] : 235mS.
2025-07-09 12:49:12,421 [INFO] ProjectBuilder:4912 - Project Generator version: 4.6.0.1-B1
2025-07-09 12:49:12,507 [INFO] ConfigFileManager:1590 - The Die is : DIE450
2025-07-09 12:49:12,513 [INFO] ApiDbMcu:508 - Load IP Config File for FATFS
2025-07-09 12:49:12,519 [INFO] ApiDbMcu:508 - Load IP Config File for FREERTOS
2025-07-09 12:49:12,523 [INFO] ApiDbMcu:508 - Load IP Config File for LIBJPEG
2025-07-09 12:49:12,530 [INFO] ApiDbMcu:508 - Load IP Config File for LWIP
2025-07-09 12:49:12,537 [INFO] ApiDbMcu:508 - Load IP Config File for MBEDTLS
2025-07-09 12:49:12,546 [INFO] ApiDbMcu:508 - Load IP Config File for USB_DEVICE
2025-07-09 12:49:12,553 [INFO] ApiDbMcu:508 - Load IP Config File for USB_HOST
2025-07-09 12:49:14,624 [INFO] ProjectBuilder:5191 - Time for Generating toolchain IDE Files: 2203mS.
2025-07-09 12:49:14,625 [INFO] ProjectBuilder:3181 - Time for Copy CMSIS : 1mS.
2025-07-09 12:49:14,632 [INFO] ProjectBuilder:3181 - Time for Copy CMSIS : 1mS.
2025-07-09 12:50:02,520 [INFO] NvicIntPanel:101 - NVIC parent = com.st.microxplorer.plugins.ip.nvic.MultiNvicIntPanel[,0,0,0x0,invalid,layout=javax.swing.BoxLayout,alignmentX=0.0,alignmentY=0.0,border=,flags=9,maximumSize=,minimumSize=,preferredSize=]
2025-07-09 12:50:02,903 [INFO] NvicIntPanel:101 - NVIC parent = com.st.microxplorer.plugins.ip.nvic.MultiNvicIntPanel[,0,0,0x0,invalid,layout=javax.swing.BoxLayout,alignmentX=0.0,alignmentY=0.0,border=,flags=9,maximumSize=,minimumSize=,preferredSize=]
2025-07-09 12:50:05,003 [INFO] UtilMem:75 - End SaveConfig() Used Memory: 923958472 Bytes (1073741824)
2025-07-09 12:50:06,737 [INFO] UtilMem:75 - End SaveConfig() Used Memory: 977435848 Bytes (1073741824)
2025-07-09 12:50:06,990 [INFO] BlockDiagram:2775 - set Specific Code input for plugin: SPI
2025-07-09 12:50:06,990 [INFO] BlockDiagram:2775 - set Specific Code input for plugin: RCC
2025-07-09 12:50:06,990 [INFO] BlockDiagram:2775 - set Specific Code input for plugin: I2C
2025-07-09 12:50:06,990 [INFO] BlockDiagram:2775 - set Specific Code input for plugin: DCMI
2025-07-09 12:50:06,990 [INFO] BlockDiagram:2775 - set Specific Code input for plugin: USART
2025-07-09 12:50:06,990 [INFO] BlockDiagram:2775 - set Specific Code input for plugin: FMC
2025-07-09 12:50:06,990 [INFO] BlockDiagram:2775 - set Specific Code input for plugin: MEMORYMAP
2025-07-09 12:50:06,990 [INFO] BlockDiagram:2775 - set Specific Code input for plugin: SYS
2025-07-09 12:50:06,990 [INFO] BlockDiagram:2775 - set Specific Code input for plugin: NVIC
2025-07-09 12:50:06,990 [INFO] BlockDiagram:2775 - set Specific Code input for plugin: CORTEX_M7
2025-07-09 12:50:06,990 [INFO] BlockDiagram:2775 - set Specific Code input for plugin: DMA
2025-07-09 12:50:06,990 [INFO] BlockDiagram:2775 - set Specific Code input for plugin: DEBUG
2025-07-09 12:50:06,991 [INFO] BlockDiagram:2775 - set Specific Code input for plugin: GPIO
2025-07-09 12:50:06,993 [INFO] CodeGenerator:882 - code generatio: config db path: C:\ST\STM32CubeIDE_1.18.1\STM32CubeIDE\plugins\com.st.stm32cube.common.mx_6.14.1.202504091515\\db\
2025-07-09 12:50:07,012 [INFO] Argument:325 - Argument : hdmavalue: null
2025-07-09 12:50:07,012 [INFO] Argument:327 - 	 sub Args: 
2025-07-09 12:50:07,012 [INFO] Argument:325 - Argument : Instancevalue: DMA1_Stream1
2025-07-09 12:50:07,012 [INFO] Argument:335 - Argument : Instancevalue: DMA1_Stream1
2025-07-09 12:50:07,012 [INFO] Argument:325 - Argument : Initvalue: null
2025-07-09 12:50:07,012 [INFO] Argument:327 - 	 sub Args: 
2025-07-09 12:50:07,012 [INFO] Argument:325 - Argument : Requestvalue: DMA_REQUEST_DCMI
2025-07-09 12:50:07,012 [INFO] Argument:335 - Argument : Requestvalue: DMA_REQUEST_DCMI
2025-07-09 12:50:07,012 [INFO] Argument:325 - Argument : Directionvalue: DMA_PERIPH_TO_MEMORY
2025-07-09 12:50:07,012 [INFO] Argument:335 - Argument : Directionvalue: DMA_PERIPH_TO_MEMORY
2025-07-09 12:50:07,012 [INFO] Argument:325 - Argument : PeriphIncvalue: DMA_PINC_DISABLE
2025-07-09 12:50:07,012 [INFO] Argument:335 - Argument : PeriphIncvalue: DMA_PINC_DISABLE
2025-07-09 12:50:07,012 [INFO] Argument:325 - Argument : MemIncvalue: DMA_MINC_ENABLE
2025-07-09 12:50:07,012 [INFO] Argument:335 - Argument : MemIncvalue: DMA_MINC_ENABLE
2025-07-09 12:50:07,012 [INFO] Argument:325 - Argument : PeriphDataAlignmentvalue: DMA_PDATAALIGN_WORD
2025-07-09 12:50:07,012 [INFO] Argument:335 - Argument : PeriphDataAlignmentvalue: DMA_PDATAALIGN_WORD
2025-07-09 12:50:07,012 [INFO] Argument:325 - Argument : MemDataAlignmentvalue: DMA_MDATAALIGN_WORD
2025-07-09 12:50:07,012 [INFO] Argument:335 - Argument : MemDataAlignmentvalue: DMA_MDATAALIGN_WORD
2025-07-09 12:50:07,012 [INFO] Argument:325 - Argument : Modevalue: DMA_NORMAL
2025-07-09 12:50:07,012 [INFO] Argument:335 - Argument : Modevalue: DMA_NORMAL
2025-07-09 12:50:07,012 [INFO] Argument:325 - Argument : Priorityvalue: DMA_PRIORITY_LOW
2025-07-09 12:50:07,012 [INFO] Argument:335 - Argument : Priorityvalue: DMA_PRIORITY_LOW
2025-07-09 12:50:07,012 [INFO] Argument:325 - Argument : FIFOModevalue: DMA_FIFOMODE_DISABLE
2025-07-09 12:50:07,012 [INFO] Argument:335 - Argument : FIFOModevalue: DMA_FIFOMODE_DISABLE
2025-07-09 12:50:07,012 [INFO] Argument:325 - Argument : FIFOThresholdvalue: null
2025-07-09 12:50:07,012 [INFO] Argument:335 - Argument : FIFOThresholdvalue: null
2025-07-09 12:50:07,012 [INFO] Argument:325 - Argument : MemBurstvalue: null
2025-07-09 12:50:07,012 [INFO] Argument:335 - Argument : MemBurstvalue: null
2025-07-09 12:50:07,012 [INFO] Argument:325 - Argument : PeriphBurstvalue: null
2025-07-09 12:50:07,012 [INFO] Argument:335 - Argument : PeriphBurstvalue: null
2025-07-09 12:50:07,012 [INFO] Argument:325 - Argument : Lockvalue: null
2025-07-09 12:50:07,012 [INFO] Argument:335 - Argument : Lockvalue: null
2025-07-09 12:50:07,012 [INFO] Argument:325 - Argument : Statevalue: null
2025-07-09 12:50:07,012 [INFO] Argument:335 - Argument : Statevalue: null
2025-07-09 12:50:07,012 [INFO] Argument:325 - Argument : Parentvalue: null
2025-07-09 12:50:07,012 [INFO] Argument:335 - Argument : Parentvalue: null
2025-07-09 12:50:07,012 [INFO] Argument:325 - Argument : XferCpltCallbackvalue: null
2025-07-09 12:50:07,012 [INFO] Argument:335 - Argument : XferCpltCallbackvalue: null
2025-07-09 12:50:07,012 [INFO] Argument:325 - Argument : XferHalfCpltCallbackvalue: null
2025-07-09 12:50:07,012 [INFO] Argument:335 - Argument : XferHalfCpltCallbackvalue: null
2025-07-09 12:50:07,012 [INFO] Argument:325 - Argument : XferM1CpltCallbackvalue: null
2025-07-09 12:50:07,012 [INFO] Argument:335 - Argument : XferM1CpltCallbackvalue: null
2025-07-09 12:50:07,012 [INFO] Argument:325 - Argument : XferM1HalfCpltCallbackvalue: null
2025-07-09 12:50:07,012 [INFO] Argument:335 - Argument : XferM1HalfCpltCallbackvalue: null
2025-07-09 12:50:07,012 [INFO] Argument:325 - Argument : XferErrorCallbackvalue: null
2025-07-09 12:50:07,012 [INFO] Argument:335 - Argument : XferErrorCallbackvalue: null
2025-07-09 12:50:07,012 [INFO] Argument:325 - Argument : XferAbortCallbackvalue: null
2025-07-09 12:50:07,012 [INFO] Argument:335 - Argument : XferAbortCallbackvalue: null
2025-07-09 12:50:07,012 [INFO] Argument:325 - Argument : ErrorCodevalue: null
2025-07-09 12:50:07,012 [INFO] Argument:335 - Argument : ErrorCodevalue: null
2025-07-09 12:50:07,012 [INFO] Argument:325 - Argument : StreamBaseAddressvalue: null
2025-07-09 12:50:07,012 [INFO] Argument:335 - Argument : StreamBaseAddressvalue: null
2025-07-09 12:50:07,012 [INFO] Argument:325 - Argument : StreamIndexvalue: null
2025-07-09 12:50:07,012 [INFO] Argument:335 - Argument : StreamIndexvalue: null
2025-07-09 12:50:07,048 [INFO] Argument:325 - Argument : hdmavalue: null
2025-07-09 12:50:07,048 [INFO] Argument:327 - 	 sub Args: 
2025-07-09 12:50:07,048 [INFO] Argument:325 - Argument : Instancevalue: DMA1_Stream0
2025-07-09 12:50:07,048 [INFO] Argument:335 - Argument : Instancevalue: DMA1_Stream0
2025-07-09 12:50:07,048 [INFO] Argument:325 - Argument : Initvalue: null
2025-07-09 12:50:07,048 [INFO] Argument:327 - 	 sub Args: 
2025-07-09 12:50:07,048 [INFO] Argument:325 - Argument : Requestvalue: DMA_REQUEST_SPI1_TX
2025-07-09 12:50:07,048 [INFO] Argument:335 - Argument : Requestvalue: DMA_REQUEST_SPI1_TX
2025-07-09 12:50:07,048 [INFO] Argument:325 - Argument : Directionvalue: DMA_MEMORY_TO_PERIPH
2025-07-09 12:50:07,048 [INFO] Argument:335 - Argument : Directionvalue: DMA_MEMORY_TO_PERIPH
2025-07-09 12:50:07,048 [INFO] Argument:325 - Argument : PeriphIncvalue: DMA_PINC_DISABLE
2025-07-09 12:50:07,048 [INFO] Argument:335 - Argument : PeriphIncvalue: DMA_PINC_DISABLE
2025-07-09 12:50:07,048 [INFO] Argument:325 - Argument : MemIncvalue: DMA_MINC_ENABLE
2025-07-09 12:50:07,048 [INFO] Argument:335 - Argument : MemIncvalue: DMA_MINC_ENABLE
2025-07-09 12:50:07,048 [INFO] Argument:325 - Argument : PeriphDataAlignmentvalue: DMA_PDATAALIGN_BYTE
2025-07-09 12:50:07,048 [INFO] Argument:335 - Argument : PeriphDataAlignmentvalue: DMA_PDATAALIGN_BYTE
2025-07-09 12:50:07,048 [INFO] Argument:325 - Argument : MemDataAlignmentvalue: DMA_MDATAALIGN_BYTE
2025-07-09 12:50:07,048 [INFO] Argument:335 - Argument : MemDataAlignmentvalue: DMA_MDATAALIGN_BYTE
2025-07-09 12:50:07,048 [INFO] Argument:325 - Argument : Modevalue: DMA_NORMAL
2025-07-09 12:50:07,048 [INFO] Argument:335 - Argument : Modevalue: DMA_NORMAL
2025-07-09 12:50:07,048 [INFO] Argument:325 - Argument : Priorityvalue: DMA_PRIORITY_LOW
2025-07-09 12:50:07,048 [INFO] Argument:335 - Argument : Priorityvalue: DMA_PRIORITY_LOW
2025-07-09 12:50:07,048 [INFO] Argument:325 - Argument : FIFOModevalue: DMA_FIFOMODE_DISABLE
2025-07-09 12:50:07,048 [INFO] Argument:335 - Argument : FIFOModevalue: DMA_FIFOMODE_DISABLE
2025-07-09 12:50:07,048 [INFO] Argument:325 - Argument : FIFOThresholdvalue: null
2025-07-09 12:50:07,048 [INFO] Argument:335 - Argument : FIFOThresholdvalue: null
2025-07-09 12:50:07,048 [INFO] Argument:325 - Argument : MemBurstvalue: null
2025-07-09 12:50:07,048 [INFO] Argument:335 - Argument : MemBurstvalue: null
2025-07-09 12:50:07,049 [INFO] Argument:325 - Argument : PeriphBurstvalue: null
2025-07-09 12:50:07,049 [INFO] Argument:335 - Argument : PeriphBurstvalue: null
2025-07-09 12:50:07,049 [INFO] Argument:325 - Argument : Lockvalue: null
2025-07-09 12:50:07,049 [INFO] Argument:335 - Argument : Lockvalue: null
2025-07-09 12:50:07,049 [INFO] Argument:325 - Argument : Statevalue: null
2025-07-09 12:50:07,049 [INFO] Argument:335 - Argument : Statevalue: null
2025-07-09 12:50:07,049 [INFO] Argument:325 - Argument : Parentvalue: null
2025-07-09 12:50:07,049 [INFO] Argument:335 - Argument : Parentvalue: null
2025-07-09 12:50:07,049 [INFO] Argument:325 - Argument : XferCpltCallbackvalue: null
2025-07-09 12:50:07,049 [INFO] Argument:335 - Argument : XferCpltCallbackvalue: null
2025-07-09 12:50:07,049 [INFO] Argument:325 - Argument : XferHalfCpltCallbackvalue: null
2025-07-09 12:50:07,049 [INFO] Argument:335 - Argument : XferHalfCpltCallbackvalue: null
2025-07-09 12:50:07,049 [INFO] Argument:325 - Argument : XferM1CpltCallbackvalue: null
2025-07-09 12:50:07,049 [INFO] Argument:335 - Argument : XferM1CpltCallbackvalue: null
2025-07-09 12:50:07,049 [INFO] Argument:325 - Argument : XferM1HalfCpltCallbackvalue: null
2025-07-09 12:50:07,049 [INFO] Argument:335 - Argument : XferM1HalfCpltCallbackvalue: null
2025-07-09 12:50:07,049 [INFO] Argument:325 - Argument : XferErrorCallbackvalue: null
2025-07-09 12:50:07,049 [INFO] Argument:335 - Argument : XferErrorCallbackvalue: null
2025-07-09 12:50:07,049 [INFO] Argument:325 - Argument : XferAbortCallbackvalue: null
2025-07-09 12:50:07,049 [INFO] Argument:335 - Argument : XferAbortCallbackvalue: null
2025-07-09 12:50:07,049 [INFO] Argument:325 - Argument : ErrorCodevalue: null
2025-07-09 12:50:07,049 [INFO] Argument:335 - Argument : ErrorCodevalue: null
2025-07-09 12:50:07,049 [INFO] Argument:325 - Argument : StreamBaseAddressvalue: null
2025-07-09 12:50:07,049 [INFO] Argument:335 - Argument : StreamBaseAddressvalue: null
2025-07-09 12:50:07,049 [INFO] Argument:325 - Argument : StreamIndexvalue: null
2025-07-09 12:50:07,049 [INFO] Argument:335 - Argument : StreamIndexvalue: null
2025-07-09 12:50:07,150 [INFO] CodeEngine:263 - oldGeneratedFile, C:\harman\STM32Cube\250708_OV7670\MXTmpFiles\license.tmp_save
2025-07-09 12:50:07,482 [INFO] CodeEngine:287 - Generated code: C:\harman\STM32Cube\250708_OV7670\MXTmpFiles\license.tmp
2025-07-09 12:50:07,631 [INFO] CodeEngine:263 - oldGeneratedFile, C:\harman\STM32Cube\250708_OV7670\Core\Src\gpio.c_save
2025-07-09 12:50:07,771 [INFO] CodeEngine:287 - Generated code: C:\harman\STM32Cube\250708_OV7670\Core\Src\gpio.c
2025-07-09 12:50:07,777 [INFO] CodeEngine:263 - oldGeneratedFile, C:\harman\STM32Cube\250708_OV7670\Core\Inc\gpio.h_save
2025-07-09 12:50:07,889 [INFO] CodeEngine:287 - Generated code: C:\harman\STM32Cube\250708_OV7670\Core\Inc\gpio.h
2025-07-09 12:50:08,154 [WARN] IPConfigManager:103 - WARNING: Missing Config File for DEBUG ip!!
2025-07-09 12:50:08,760 [WARN] IPConfigManager:103 - WARNING: Missing Config File for MEMORYMAP ip!!
2025-07-09 12:50:09,311 [INFO] CodeEngine:263 - oldGeneratedFile, C:\harman\STM32Cube\250708_OV7670\MXTmpFiles\cortex.tmp_save
2025-07-09 12:50:09,390 [INFO] CodeEngine:287 - Generated code: C:\harman\STM32Cube\250708_OV7670\MXTmpFiles\cortex.tmp
2025-07-09 12:50:09,403 [INFO] CodeEngine:263 - oldGeneratedFile, C:\harman\STM32Cube\250708_OV7670\Core\Src\dcmi.c_save
2025-07-09 12:50:09,500 [INFO] CodeEngine:287 - Generated code: C:\harman\STM32Cube\250708_OV7670\Core\Src\dcmi.c
2025-07-09 12:50:09,507 [INFO] CodeEngine:263 - oldGeneratedFile, C:\harman\STM32Cube\250708_OV7670\Core\Inc\dcmi.h_save
2025-07-09 12:50:09,584 [INFO] CodeEngine:287 - Generated code: C:\harman\STM32Cube\250708_OV7670\Core\Inc\dcmi.h
2025-07-09 12:50:09,673 [INFO] CodeEngine:263 - oldGeneratedFile, C:\harman\STM32Cube\250708_OV7670\Core\Src\dma.c_save
2025-07-09 12:50:09,734 [INFO] CodeEngine:287 - Generated code: C:\harman\STM32Cube\250708_OV7670\Core\Src\dma.c
2025-07-09 12:50:09,742 [INFO] CodeEngine:263 - oldGeneratedFile, C:\harman\STM32Cube\250708_OV7670\Core\Inc\dma.h_save
2025-07-09 12:50:09,796 [INFO] CodeEngine:287 - Generated code: C:\harman\STM32Cube\250708_OV7670\Core\Inc\dma.h
2025-07-09 12:50:09,808 [INFO] CodeEngine:263 - oldGeneratedFile, C:\harman\STM32Cube\250708_OV7670\Core\Src\fmc.c_save
2025-07-09 12:50:09,868 [INFO] CodeEngine:287 - Generated code: C:\harman\STM32Cube\250708_OV7670\Core\Src\fmc.c
2025-07-09 12:50:09,874 [INFO] CodeEngine:263 - oldGeneratedFile, C:\harman\STM32Cube\250708_OV7670\Core\Inc\fmc.h_save
2025-07-09 12:50:09,924 [INFO] CodeEngine:287 - Generated code: C:\harman\STM32Cube\250708_OV7670\Core\Inc\fmc.h
2025-07-09 12:50:09,937 [INFO] CodeEngine:263 - oldGeneratedFile, C:\harman\STM32Cube\250708_OV7670\Core\Src\i2c.c_save
2025-07-09 12:50:10,001 [INFO] CodeEngine:287 - Generated code: C:\harman\STM32Cube\250708_OV7670\Core\Src\i2c.c
2025-07-09 12:50:10,006 [INFO] CodeEngine:263 - oldGeneratedFile, C:\harman\STM32Cube\250708_OV7670\Core\Inc\i2c.h_save
2025-07-09 12:50:10,053 [INFO] CodeEngine:287 - Generated code: C:\harman\STM32Cube\250708_OV7670\Core\Inc\i2c.h
2025-07-09 12:50:10,063 [INFO] CodeEngine:263 - oldGeneratedFile, C:\harman\STM32Cube\250708_OV7670\Core\Src\memorymap.c_save
2025-07-09 12:50:10,111 [INFO] CodeEngine:287 - Generated code: C:\harman\STM32Cube\250708_OV7670\Core\Src\memorymap.c
2025-07-09 12:50:10,115 [INFO] CodeEngine:263 - oldGeneratedFile, C:\harman\STM32Cube\250708_OV7670\Core\Inc\memorymap.h_save
2025-07-09 12:50:10,157 [INFO] CodeEngine:287 - Generated code: C:\harman\STM32Cube\250708_OV7670\Core\Inc\memorymap.h
2025-07-09 12:50:10,166 [INFO] CodeEngine:263 - oldGeneratedFile, C:\harman\STM32Cube\250708_OV7670\Core\Src\spi.c_save
2025-07-09 12:50:10,225 [INFO] CodeEngine:287 - Generated code: C:\harman\STM32Cube\250708_OV7670\Core\Src\spi.c
2025-07-09 12:50:10,230 [INFO] CodeEngine:263 - oldGeneratedFile, C:\harman\STM32Cube\250708_OV7670\Core\Inc\spi.h_save
2025-07-09 12:50:10,271 [INFO] CodeEngine:287 - Generated code: C:\harman\STM32Cube\250708_OV7670\Core\Inc\spi.h
2025-07-09 12:50:10,283 [INFO] CodeEngine:263 - oldGeneratedFile, C:\harman\STM32Cube\250708_OV7670\Core\Src\usart.c_save
2025-07-09 12:50:10,340 [INFO] CodeEngine:287 - Generated code: C:\harman\STM32Cube\250708_OV7670\Core\Src\usart.c
2025-07-09 12:50:10,345 [INFO] CodeEngine:263 - oldGeneratedFile, C:\harman\STM32Cube\250708_OV7670\Core\Inc\usart.h_save
2025-07-09 12:50:10,384 [INFO] CodeEngine:287 - Generated code: C:\harman\STM32Cube\250708_OV7670\Core\Inc\usart.h
2025-07-09 12:50:10,406 [INFO] CodeEngine:263 - oldGeneratedFile, C:\harman\STM32Cube\250708_OV7670\Core\Src\stm32h7xx_it.c_save
2025-07-09 12:50:10,507 [INFO] CodeEngine:287 - Generated code: C:\harman\STM32Cube\250708_OV7670\Core\Src\stm32h7xx_it.c
2025-07-09 12:50:10,511 [INFO] CodeEngine:263 - oldGeneratedFile, C:\harman\STM32Cube\250708_OV7670\Core\Inc\stm32h7xx_it.h_save
2025-07-09 12:50:10,548 [INFO] CodeEngine:287 - Generated code: C:\harman\STM32Cube\250708_OV7670\Core\Inc\stm32h7xx_it.h
2025-07-09 12:50:10,754 [INFO] CodeEngine:263 - oldGeneratedFile, C:\harman\STM32Cube\250708_OV7670\Core\Src\stm32h7xx_hal_msp.c_save
2025-07-09 12:50:10,835 [INFO] CodeEngine:287 - Generated code: C:\harman\STM32Cube\250708_OV7670\Core\Src\stm32h7xx_hal_msp.c
2025-07-09 12:50:10,839 [INFO] CodeEngine:263 - oldGeneratedFile, C:\harman\STM32Cube\250708_OV7670\MXTmpFiles\system.tmp_save
2025-07-09 12:50:10,893 [INFO] CodeEngine:287 - Generated code: C:\harman\STM32Cube\250708_OV7670\MXTmpFiles\system.tmp
2025-07-09 12:50:10,909 [INFO] CodeEngine:319 - oldGeneratedFile, C:\harman\STM32Cube\250708_OV7670\Core\Inc\stm32h7xx_hal_conf.h_save
2025-07-09 12:50:10,968 [INFO] CodeEngine:343 - Generated code: C:\harman\STM32Cube\250708_OV7670\Core\Inc\stm32h7xx_hal_conf.h
2025-07-09 12:50:11,003 [ERROR] ApiDbMcu:464 - Can't load MEMORYMAP-STM32xx root dir null
2025-07-09 12:50:11,005 [ERROR] ApiDbMcu:536 - Cannot parse MEMORYMAP_Config file : file do not exist
2025-07-09 12:50:11,019 [INFO] CodeEngine:263 - oldGeneratedFile, C:\harman\STM32Cube\250708_OV7670\Core\Inc\main.h_save
2025-07-09 12:50:11,110 [INFO] CodeEngine:287 - Generated code: C:\harman\STM32Cube\250708_OV7670\Core\Inc\main.h
2025-07-09 12:50:11,117 [INFO] CodeEngine:263 - oldGeneratedFile, C:\harman\STM32Cube\250708_OV7670\Core\Src\main.c_save
2025-07-09 12:50:11,208 [INFO] CodeEngine:287 - Generated code: C:\harman\STM32Cube\250708_OV7670\Core\Src\main.c
2025-07-09 12:50:11,542 [INFO] ProjectBuilder:3324 - Time for Copy HAL[1] : 200mS.
2025-07-09 12:50:11,546 [INFO] ProjectBuilder:4912 - Project Generator version: 4.6.0.1-B1
2025-07-09 12:50:11,597 [INFO] ConfigFileManager:1590 - The Die is : DIE450
2025-07-09 12:50:12,759 [INFO] ProjectBuilder:5191 - Time for Generating toolchain IDE Files: 1212mS.
2025-07-09 12:50:12,760 [INFO] ProjectBuilder:3181 - Time for Copy CMSIS : 1mS.
2025-07-09 12:50:12,770 [INFO] ProjectBuilder:3181 - Time for Copy CMSIS : 0mS.
2025-07-09 13:29:43,018 [INFO] I2cTimingTraitement:330 - 0x307075B1
2025-07-09 13:29:48,544 [INFO] UtilMem:75 - End SaveConfig() Used Memory: 919878936 Bytes (1073741824)
2025-07-09 13:29:50,344 [INFO] UtilMem:75 - End SaveConfig() Used Memory: 938573224 Bytes (1073741824)
2025-07-09 13:29:50,837 [INFO] BlockDiagram:2775 - set Specific Code input for plugin: SPI
2025-07-09 13:29:50,838 [INFO] BlockDiagram:2775 - set Specific Code input for plugin: RCC
2025-07-09 13:29:50,838 [INFO] BlockDiagram:2775 - set Specific Code input for plugin: I2C
2025-07-09 13:29:50,838 [INFO] BlockDiagram:2775 - set Specific Code input for plugin: DCMI
2025-07-09 13:29:50,838 [INFO] BlockDiagram:2775 - set Specific Code input for plugin: USART
2025-07-09 13:29:50,838 [INFO] BlockDiagram:2775 - set Specific Code input for plugin: FMC
2025-07-09 13:29:50,838 [INFO] BlockDiagram:2775 - set Specific Code input for plugin: MEMORYMAP
2025-07-09 13:29:50,838 [INFO] BlockDiagram:2775 - set Specific Code input for plugin: SYS
2025-07-09 13:29:50,838 [INFO] BlockDiagram:2775 - set Specific Code input for plugin: NVIC
2025-07-09 13:29:50,839 [INFO] BlockDiagram:2775 - set Specific Code input for plugin: CORTEX_M7
2025-07-09 13:29:50,839 [INFO] BlockDiagram:2775 - set Specific Code input for plugin: DMA
2025-07-09 13:29:50,839 [INFO] BlockDiagram:2775 - set Specific Code input for plugin: DEBUG
2025-07-09 13:29:50,840 [INFO] BlockDiagram:2775 - set Specific Code input for plugin: GPIO
2025-07-09 13:29:50,842 [INFO] CodeGenerator:882 - code generatio: config db path: C:\ST\STM32CubeIDE_1.18.1\STM32CubeIDE\plugins\com.st.stm32cube.common.mx_6.14.1.202504091515\\db\
2025-07-09 13:29:50,870 [INFO] Argument:325 - Argument : hdmavalue: null
2025-07-09 13:29:50,870 [INFO] Argument:327 - 	 sub Args: 
2025-07-09 13:29:50,870 [INFO] Argument:325 - Argument : Instancevalue: DMA1_Stream1
2025-07-09 13:29:50,870 [INFO] Argument:335 - Argument : Instancevalue: DMA1_Stream1
2025-07-09 13:29:50,871 [INFO] Argument:325 - Argument : Initvalue: null
2025-07-09 13:29:50,871 [INFO] Argument:327 - 	 sub Args: 
2025-07-09 13:29:50,871 [INFO] Argument:325 - Argument : Requestvalue: DMA_REQUEST_DCMI
2025-07-09 13:29:50,871 [INFO] Argument:335 - Argument : Requestvalue: DMA_REQUEST_DCMI
2025-07-09 13:29:50,871 [INFO] Argument:325 - Argument : Directionvalue: DMA_PERIPH_TO_MEMORY
2025-07-09 13:29:50,871 [INFO] Argument:335 - Argument : Directionvalue: DMA_PERIPH_TO_MEMORY
2025-07-09 13:29:50,871 [INFO] Argument:325 - Argument : PeriphIncvalue: DMA_PINC_DISABLE
2025-07-09 13:29:50,871 [INFO] Argument:335 - Argument : PeriphIncvalue: DMA_PINC_DISABLE
2025-07-09 13:29:50,871 [INFO] Argument:325 - Argument : MemIncvalue: DMA_MINC_ENABLE
2025-07-09 13:29:50,871 [INFO] Argument:335 - Argument : MemIncvalue: DMA_MINC_ENABLE
2025-07-09 13:29:50,871 [INFO] Argument:325 - Argument : PeriphDataAlignmentvalue: DMA_PDATAALIGN_WORD
2025-07-09 13:29:50,871 [INFO] Argument:335 - Argument : PeriphDataAlignmentvalue: DMA_PDATAALIGN_WORD
2025-07-09 13:29:50,871 [INFO] Argument:325 - Argument : MemDataAlignmentvalue: DMA_MDATAALIGN_WORD
2025-07-09 13:29:50,871 [INFO] Argument:335 - Argument : MemDataAlignmentvalue: DMA_MDATAALIGN_WORD
2025-07-09 13:29:50,871 [INFO] Argument:325 - Argument : Modevalue: DMA_NORMAL
2025-07-09 13:29:50,871 [INFO] Argument:335 - Argument : Modevalue: DMA_NORMAL
2025-07-09 13:29:50,871 [INFO] Argument:325 - Argument : Priorityvalue: DMA_PRIORITY_LOW
2025-07-09 13:29:50,871 [INFO] Argument:335 - Argument : Priorityvalue: DMA_PRIORITY_LOW
2025-07-09 13:29:50,872 [INFO] Argument:325 - Argument : FIFOModevalue: DMA_FIFOMODE_DISABLE
2025-07-09 13:29:50,872 [INFO] Argument:335 - Argument : FIFOModevalue: DMA_FIFOMODE_DISABLE
2025-07-09 13:29:50,872 [INFO] Argument:325 - Argument : FIFOThresholdvalue: null
2025-07-09 13:29:50,872 [INFO] Argument:335 - Argument : FIFOThresholdvalue: null
2025-07-09 13:29:50,872 [INFO] Argument:325 - Argument : MemBurstvalue: null
2025-07-09 13:29:50,872 [INFO] Argument:335 - Argument : MemBurstvalue: null
2025-07-09 13:29:50,872 [INFO] Argument:325 - Argument : PeriphBurstvalue: null
2025-07-09 13:29:50,872 [INFO] Argument:335 - Argument : PeriphBurstvalue: null
2025-07-09 13:29:50,872 [INFO] Argument:325 - Argument : Lockvalue: null
2025-07-09 13:29:50,872 [INFO] Argument:335 - Argument : Lockvalue: null
2025-07-09 13:29:50,872 [INFO] Argument:325 - Argument : Statevalue: null
2025-07-09 13:29:50,872 [INFO] Argument:335 - Argument : Statevalue: null
2025-07-09 13:29:50,872 [INFO] Argument:325 - Argument : Parentvalue: null
2025-07-09 13:29:50,872 [INFO] Argument:335 - Argument : Parentvalue: null
2025-07-09 13:29:50,872 [INFO] Argument:325 - Argument : XferCpltCallbackvalue: null
2025-07-09 13:29:50,872 [INFO] Argument:335 - Argument : XferCpltCallbackvalue: null
2025-07-09 13:29:50,872 [INFO] Argument:325 - Argument : XferHalfCpltCallbackvalue: null
2025-07-09 13:29:50,872 [INFO] Argument:335 - Argument : XferHalfCpltCallbackvalue: null
2025-07-09 13:29:50,872 [INFO] Argument:325 - Argument : XferM1CpltCallbackvalue: null
2025-07-09 13:29:50,872 [INFO] Argument:335 - Argument : XferM1CpltCallbackvalue: null
2025-07-09 13:29:50,872 [INFO] Argument:325 - Argument : XferM1HalfCpltCallbackvalue: null
2025-07-09 13:29:50,872 [INFO] Argument:335 - Argument : XferM1HalfCpltCallbackvalue: null
2025-07-09 13:29:50,872 [INFO] Argument:325 - Argument : XferErrorCallbackvalue: null
2025-07-09 13:29:50,872 [INFO] Argument:335 - Argument : XferErrorCallbackvalue: null
2025-07-09 13:29:50,872 [INFO] Argument:325 - Argument : XferAbortCallbackvalue: null
2025-07-09 13:29:50,872 [INFO] Argument:335 - Argument : XferAbortCallbackvalue: null
2025-07-09 13:29:50,872 [INFO] Argument:325 - Argument : ErrorCodevalue: null
2025-07-09 13:29:50,872 [INFO] Argument:335 - Argument : ErrorCodevalue: null
2025-07-09 13:29:50,872 [INFO] Argument:325 - Argument : StreamBaseAddressvalue: null
2025-07-09 13:29:50,872 [INFO] Argument:335 - Argument : StreamBaseAddressvalue: null
2025-07-09 13:29:50,872 [INFO] Argument:325 - Argument : StreamIndexvalue: null
2025-07-09 13:29:50,872 [INFO] Argument:335 - Argument : StreamIndexvalue: null
2025-07-09 13:29:50,916 [INFO] Argument:325 - Argument : hdmavalue: null
2025-07-09 13:29:50,917 [INFO] Argument:327 - 	 sub Args: 
2025-07-09 13:29:50,917 [INFO] Argument:325 - Argument : Instancevalue: DMA1_Stream0
2025-07-09 13:29:50,917 [INFO] Argument:335 - Argument : Instancevalue: DMA1_Stream0
2025-07-09 13:29:50,917 [INFO] Argument:325 - Argument : Initvalue: null
2025-07-09 13:29:50,917 [INFO] Argument:327 - 	 sub Args: 
2025-07-09 13:29:50,917 [INFO] Argument:325 - Argument : Requestvalue: DMA_REQUEST_SPI1_TX
2025-07-09 13:29:50,917 [INFO] Argument:335 - Argument : Requestvalue: DMA_REQUEST_SPI1_TX
2025-07-09 13:29:50,917 [INFO] Argument:325 - Argument : Directionvalue: DMA_MEMORY_TO_PERIPH
2025-07-09 13:29:50,917 [INFO] Argument:335 - Argument : Directionvalue: DMA_MEMORY_TO_PERIPH
2025-07-09 13:29:50,917 [INFO] Argument:325 - Argument : PeriphIncvalue: DMA_PINC_DISABLE
2025-07-09 13:29:50,917 [INFO] Argument:335 - Argument : PeriphIncvalue: DMA_PINC_DISABLE
2025-07-09 13:29:50,917 [INFO] Argument:325 - Argument : MemIncvalue: DMA_MINC_ENABLE
2025-07-09 13:29:50,917 [INFO] Argument:335 - Argument : MemIncvalue: DMA_MINC_ENABLE
2025-07-09 13:29:50,917 [INFO] Argument:325 - Argument : PeriphDataAlignmentvalue: DMA_PDATAALIGN_BYTE
2025-07-09 13:29:50,917 [INFO] Argument:335 - Argument : PeriphDataAlignmentvalue: DMA_PDATAALIGN_BYTE
2025-07-09 13:29:50,917 [INFO] Argument:325 - Argument : MemDataAlignmentvalue: DMA_MDATAALIGN_BYTE
2025-07-09 13:29:50,917 [INFO] Argument:335 - Argument : MemDataAlignmentvalue: DMA_MDATAALIGN_BYTE
2025-07-09 13:29:50,917 [INFO] Argument:325 - Argument : Modevalue: DMA_NORMAL
2025-07-09 13:29:50,917 [INFO] Argument:335 - Argument : Modevalue: DMA_NORMAL
2025-07-09 13:29:50,918 [INFO] Argument:325 - Argument : Priorityvalue: DMA_PRIORITY_LOW
2025-07-09 13:29:50,918 [INFO] Argument:335 - Argument : Priorityvalue: DMA_PRIORITY_LOW
2025-07-09 13:29:50,918 [INFO] Argument:325 - Argument : FIFOModevalue: DMA_FIFOMODE_DISABLE
2025-07-09 13:29:50,918 [INFO] Argument:335 - Argument : FIFOModevalue: DMA_FIFOMODE_DISABLE
2025-07-09 13:29:50,918 [INFO] Argument:325 - Argument : FIFOThresholdvalue: null
2025-07-09 13:29:50,918 [INFO] Argument:335 - Argument : FIFOThresholdvalue: null
2025-07-09 13:29:50,918 [INFO] Argument:325 - Argument : MemBurstvalue: null
2025-07-09 13:29:50,918 [INFO] Argument:335 - Argument : MemBurstvalue: null
2025-07-09 13:29:50,918 [INFO] Argument:325 - Argument : PeriphBurstvalue: null
2025-07-09 13:29:50,918 [INFO] Argument:335 - Argument : PeriphBurstvalue: null
2025-07-09 13:29:50,918 [INFO] Argument:325 - Argument : Lockvalue: null
2025-07-09 13:29:50,918 [INFO] Argument:335 - Argument : Lockvalue: null
2025-07-09 13:29:50,918 [INFO] Argument:325 - Argument : Statevalue: null
2025-07-09 13:29:50,918 [INFO] Argument:335 - Argument : Statevalue: null
2025-07-09 13:29:50,918 [INFO] Argument:325 - Argument : Parentvalue: null
2025-07-09 13:29:50,918 [INFO] Argument:335 - Argument : Parentvalue: null
2025-07-09 13:29:50,918 [INFO] Argument:325 - Argument : XferCpltCallbackvalue: null
2025-07-09 13:29:50,918 [INFO] Argument:335 - Argument : XferCpltCallbackvalue: null
2025-07-09 13:29:50,918 [INFO] Argument:325 - Argument : XferHalfCpltCallbackvalue: null
2025-07-09 13:29:50,918 [INFO] Argument:335 - Argument : XferHalfCpltCallbackvalue: null
2025-07-09 13:29:50,918 [INFO] Argument:325 - Argument : XferM1CpltCallbackvalue: null
2025-07-09 13:29:50,918 [INFO] Argument:335 - Argument : XferM1CpltCallbackvalue: null
2025-07-09 13:29:50,918 [INFO] Argument:325 - Argument : XferM1HalfCpltCallbackvalue: null
2025-07-09 13:29:50,918 [INFO] Argument:335 - Argument : XferM1HalfCpltCallbackvalue: null
2025-07-09 13:29:50,918 [INFO] Argument:325 - Argument : XferErrorCallbackvalue: null
2025-07-09 13:29:50,919 [INFO] Argument:335 - Argument : XferErrorCallbackvalue: null
2025-07-09 13:29:50,919 [INFO] Argument:325 - Argument : XferAbortCallbackvalue: null
2025-07-09 13:29:50,919 [INFO] Argument:335 - Argument : XferAbortCallbackvalue: null
2025-07-09 13:29:50,919 [INFO] Argument:325 - Argument : ErrorCodevalue: null
2025-07-09 13:29:50,919 [INFO] Argument:335 - Argument : ErrorCodevalue: null
2025-07-09 13:29:50,919 [INFO] Argument:325 - Argument : StreamBaseAddressvalue: null
2025-07-09 13:29:50,919 [INFO] Argument:335 - Argument : StreamBaseAddressvalue: null
2025-07-09 13:29:50,919 [INFO] Argument:325 - Argument : StreamIndexvalue: null
2025-07-09 13:29:50,919 [INFO] Argument:335 - Argument : StreamIndexvalue: null
2025-07-09 13:29:51,096 [INFO] CodeEngine:263 - oldGeneratedFile, C:\harman\STM32Cube\250708_OV7670\MXTmpFiles\license.tmp_save
2025-07-09 13:29:51,375 [INFO] CodeEngine:287 - Generated code: C:\harman\STM32Cube\250708_OV7670\MXTmpFiles\license.tmp
2025-07-09 13:29:51,506 [INFO] CodeEngine:263 - oldGeneratedFile, C:\harman\STM32Cube\250708_OV7670\Core\Src\gpio.c_save
2025-07-09 13:29:51,645 [INFO] CodeEngine:287 - Generated code: C:\harman\STM32Cube\250708_OV7670\Core\Src\gpio.c
2025-07-09 13:29:51,650 [INFO] CodeEngine:263 - oldGeneratedFile, C:\harman\STM32Cube\250708_OV7670\Core\Inc\gpio.h_save
2025-07-09 13:29:51,754 [INFO] CodeEngine:287 - Generated code: C:\harman\STM32Cube\250708_OV7670\Core\Inc\gpio.h
2025-07-09 13:29:52,048 [WARN] IPConfigManager:103 - WARNING: Missing Config File for DEBUG ip!!
2025-07-09 13:29:52,653 [WARN] IPConfigManager:103 - WARNING: Missing Config File for MEMORYMAP ip!!
2025-07-09 13:29:53,323 [INFO] CodeEngine:263 - oldGeneratedFile, C:\harman\STM32Cube\250708_OV7670\MXTmpFiles\cortex.tmp_save
2025-07-09 13:29:53,420 [INFO] CodeEngine:287 - Generated code: C:\harman\STM32Cube\250708_OV7670\MXTmpFiles\cortex.tmp
2025-07-09 13:29:53,431 [INFO] CodeEngine:263 - oldGeneratedFile, C:\harman\STM32Cube\250708_OV7670\Core\Src\dcmi.c_save
2025-07-09 13:29:53,513 [INFO] CodeEngine:287 - Generated code: C:\harman\STM32Cube\250708_OV7670\Core\Src\dcmi.c
2025-07-09 13:29:53,519 [INFO] CodeEngine:263 - oldGeneratedFile, C:\harman\STM32Cube\250708_OV7670\Core\Inc\dcmi.h_save
2025-07-09 13:29:53,564 [INFO] CodeEngine:287 - Generated code: C:\harman\STM32Cube\250708_OV7670\Core\Inc\dcmi.h
2025-07-09 13:29:53,636 [INFO] CodeEngine:263 - oldGeneratedFile, C:\harman\STM32Cube\250708_OV7670\Core\Src\dma.c_save
2025-07-09 13:29:53,684 [INFO] CodeEngine:287 - Generated code: C:\harman\STM32Cube\250708_OV7670\Core\Src\dma.c
2025-07-09 13:29:53,690 [INFO] CodeEngine:263 - oldGeneratedFile, C:\harman\STM32Cube\250708_OV7670\Core\Inc\dma.h_save
2025-07-09 13:29:53,739 [INFO] CodeEngine:287 - Generated code: C:\harman\STM32Cube\250708_OV7670\Core\Inc\dma.h
2025-07-09 13:29:53,751 [INFO] CodeEngine:263 - oldGeneratedFile, C:\harman\STM32Cube\250708_OV7670\Core\Src\fmc.c_save
2025-07-09 13:29:53,807 [INFO] CodeEngine:287 - Generated code: C:\harman\STM32Cube\250708_OV7670\Core\Src\fmc.c
2025-07-09 13:29:53,813 [INFO] CodeEngine:263 - oldGeneratedFile, C:\harman\STM32Cube\250708_OV7670\Core\Inc\fmc.h_save
2025-07-09 13:29:53,863 [INFO] CodeEngine:287 - Generated code: C:\harman\STM32Cube\250708_OV7670\Core\Inc\fmc.h
2025-07-09 13:29:53,874 [INFO] CodeEngine:263 - oldGeneratedFile, C:\harman\STM32Cube\250708_OV7670\Core\Src\i2c.c_save
2025-07-09 13:29:53,940 [INFO] CodeEngine:287 - Generated code: C:\harman\STM32Cube\250708_OV7670\Core\Src\i2c.c
2025-07-09 13:29:53,946 [INFO] CodeEngine:263 - oldGeneratedFile, C:\harman\STM32Cube\250708_OV7670\Core\Inc\i2c.h_save
2025-07-09 13:29:53,992 [INFO] CodeEngine:287 - Generated code: C:\harman\STM32Cube\250708_OV7670\Core\Inc\i2c.h
2025-07-09 13:29:54,002 [INFO] CodeEngine:263 - oldGeneratedFile, C:\harman\STM32Cube\250708_OV7670\Core\Src\memorymap.c_save
2025-07-09 13:29:54,062 [INFO] CodeEngine:287 - Generated code: C:\harman\STM32Cube\250708_OV7670\Core\Src\memorymap.c
2025-07-09 13:29:54,067 [INFO] CodeEngine:263 - oldGeneratedFile, C:\harman\STM32Cube\250708_OV7670\Core\Inc\memorymap.h_save
2025-07-09 13:29:54,112 [INFO] CodeEngine:287 - Generated code: C:\harman\STM32Cube\250708_OV7670\Core\Inc\memorymap.h
2025-07-09 13:29:54,124 [INFO] CodeEngine:263 - oldGeneratedFile, C:\harman\STM32Cube\250708_OV7670\Core\Src\spi.c_save
2025-07-09 13:29:54,190 [INFO] CodeEngine:287 - Generated code: C:\harman\STM32Cube\250708_OV7670\Core\Src\spi.c
2025-07-09 13:29:54,195 [INFO] CodeEngine:263 - oldGeneratedFile, C:\harman\STM32Cube\250708_OV7670\Core\Inc\spi.h_save
2025-07-09 13:29:54,241 [INFO] CodeEngine:287 - Generated code: C:\harman\STM32Cube\250708_OV7670\Core\Inc\spi.h
2025-07-09 13:29:54,253 [INFO] CodeEngine:263 - oldGeneratedFile, C:\harman\STM32Cube\250708_OV7670\Core\Src\usart.c_save
2025-07-09 13:29:54,323 [INFO] CodeEngine:287 - Generated code: C:\harman\STM32Cube\250708_OV7670\Core\Src\usart.c
2025-07-09 13:29:54,329 [INFO] CodeEngine:263 - oldGeneratedFile, C:\harman\STM32Cube\250708_OV7670\Core\Inc\usart.h_save
2025-07-09 13:29:54,374 [INFO] CodeEngine:287 - Generated code: C:\harman\STM32Cube\250708_OV7670\Core\Inc\usart.h
2025-07-09 13:29:54,395 [INFO] CodeEngine:263 - oldGeneratedFile, C:\harman\STM32Cube\250708_OV7670\Core\Src\stm32h7xx_it.c_save
2025-07-09 13:29:54,516 [INFO] CodeEngine:287 - Generated code: C:\harman\STM32Cube\250708_OV7670\Core\Src\stm32h7xx_it.c
2025-07-09 13:29:54,521 [INFO] CodeEngine:263 - oldGeneratedFile, C:\harman\STM32Cube\250708_OV7670\Core\Inc\stm32h7xx_it.h_save
2025-07-09 13:29:54,566 [INFO] CodeEngine:287 - Generated code: C:\harman\STM32Cube\250708_OV7670\Core\Inc\stm32h7xx_it.h
2025-07-09 13:29:54,898 [INFO] CodeEngine:263 - oldGeneratedFile, C:\harman\STM32Cube\250708_OV7670\Core\Src\stm32h7xx_hal_msp.c_save
2025-07-09 13:29:55,035 [INFO] CodeEngine:287 - Generated code: C:\harman\STM32Cube\250708_OV7670\Core\Src\stm32h7xx_hal_msp.c
2025-07-09 13:29:55,039 [INFO] CodeEngine:263 - oldGeneratedFile, C:\harman\STM32Cube\250708_OV7670\MXTmpFiles\system.tmp_save
2025-07-09 13:29:55,087 [INFO] CodeEngine:287 - Generated code: C:\harman\STM32Cube\250708_OV7670\MXTmpFiles\system.tmp
2025-07-09 13:29:55,101 [INFO] CodeEngine:319 - oldGeneratedFile, C:\harman\STM32Cube\250708_OV7670\Core\Inc\stm32h7xx_hal_conf.h_save
2025-07-09 13:29:55,163 [INFO] CodeEngine:343 - Generated code: C:\harman\STM32Cube\250708_OV7670\Core\Inc\stm32h7xx_hal_conf.h
2025-07-09 13:29:55,196 [ERROR] ApiDbMcu:464 - Can't load MEMORYMAP-STM32xx root dir null
2025-07-09 13:29:55,196 [ERROR] ApiDbMcu:536 - Cannot parse MEMORYMAP_Config file : file do not exist
2025-07-09 13:29:55,212 [INFO] CodeEngine:263 - oldGeneratedFile, C:\harman\STM32Cube\250708_OV7670\Core\Inc\main.h_save
2025-07-09 13:29:55,276 [INFO] CodeEngine:287 - Generated code: C:\harman\STM32Cube\250708_OV7670\Core\Inc\main.h
2025-07-09 13:29:55,281 [INFO] CodeEngine:263 - oldGeneratedFile, C:\harman\STM32Cube\250708_OV7670\Core\Src\main.c_save
2025-07-09 13:29:55,356 [INFO] CodeEngine:287 - Generated code: C:\harman\STM32Cube\250708_OV7670\Core\Src\main.c
2025-07-09 13:29:55,698 [INFO] ProjectBuilder:3324 - Time for Copy HAL[1] : 219mS.
2025-07-09 13:29:55,701 [INFO] ProjectBuilder:4912 - Project Generator version: 4.6.0.1-B1
2025-07-09 13:29:55,764 [INFO] ConfigFileManager:1590 - The Die is : DIE450
2025-07-09 13:29:57,325 [INFO] ProjectBuilder:5191 - Time for Generating toolchain IDE Files: 1624mS.
2025-07-09 13:29:57,326 [INFO] ProjectBuilder:3181 - Time for Copy CMSIS : 0mS.
2025-07-09 13:29:57,333 [INFO] ProjectBuilder:3181 - Time for Copy CMSIS : 0mS.
2025-07-09 13:42:03,802 [ERROR] LogOutputStream:75 - [STDERR_REDIRECT] 
2025-07-09 13:42:03,805 [ERROR] LogOutputStream:75 - [STDERR_REDIRECT] 
2025-07-09 13:42:13,335 [INFO] Activator:176 - 


2025-07-09 13:42:13,337 [INFO] Activator:177 - !SESSION log4j initialized
2025-07-09 13:42:18,933 [INFO] LogOutputStream:77 - [STDOUT_REDIRECT] 
2025-07-09 13:42:25,943 [INFO] ApplicationProperties:184 - Using Application install path: C:\ST\STM32CubeIDE_1.18.1\STM32CubeIDE\plugins\com.st.stm32cube.common.mx_6.14.1.202504091515
2025-07-09 13:42:25,999 [INFO] DbMcusXml:78 - Set database path to: C:\ST\STM32CubeIDE_1.18.1\STM32CubeIDE\plugins\com.st.stm32cube.common.mx_6.14.1.202504091515\\db\/mcu/
2025-07-09 13:42:26,000 [INFO] ApiDb:274 - Set plugin database path to: C:\ST\STM32CubeIDE_1.18.1\STM32CubeIDE\plugins\com.st.stm32cube.common.mx_6.14.1.202504091515\\db\/plugins/boardmanager/
2025-07-09 13:42:26,000 [WARN] ApiDb:259 - Overriding images path with different value:  => C:\ST\STM32CubeIDE_1.18.1\STM32CubeIDE\plugins\com.st.stm32cube.common.mx_6.14.1.202504091515\\db\/plugins/mcufinder/images/
2025-07-09 13:42:26,022 [INFO] ApiDb:250 - Set database path to: C:\Users\kccistc\.stmcufinder\plugins\mcufinder//mcu/
2025-07-09 13:42:26,025 [INFO] DbMcusAds:125 - Set database path to: C:\Users\kccistc\.stmcufinder\plugins\mcufinder//mcu/
2025-07-09 13:42:26,036 [INFO] CrossReferenceDbSqlite:203 - Set database path to: C:\Users\kccistc\.stmcufinder\plugins\mcufinder//mcu/cs/
2025-07-09 13:42:26,409 [INFO] RulesReader:64 - Compatibility file has been processed (302 Rules)
2025-07-09 13:42:26,707 [INFO] DbMcusXml:78 - Set database path to: C:\ST\STM32CubeIDE_1.18.1\STM32CubeIDE\plugins\com.st.stm32cube.common.mx_6.14.1.202504091515\\db\/mcu/
2025-07-09 13:42:26,707 [INFO] ApiDb:274 - Set plugin database path to: C:\ST\STM32CubeIDE_1.18.1\STM32CubeIDE\plugins\com.st.stm32cube.common.mx_6.14.1.202504091515\\db\/plugins/boardmanager/
2025-07-09 13:42:26,707 [INFO] ApiDb:261 - Set plugin images path to: C:\ST\STM32CubeIDE_1.18.1\STM32CubeIDE\plugins\com.st.stm32cube.common.mx_6.14.1.202504091515\\db\/plugins/mcufinder/images/
2025-07-09 13:42:26,707 [WARN] DbFile:41 - Overriding database path with different value: C:\Users\kccistc\.stmcufinder\plugins\mcufinder/ => C:\Users\kccistc\.stmcufinder\plugins\mcufinder
2025-07-09 13:42:26,707 [INFO] ApiDb:250 - Set database path to: C:\Users\kccistc\.stmcufinder\plugins\mcufinder//mcu/
2025-07-09 13:42:26,708 [WARN] DbFile:41 - Overriding database path with different value: C:\Users\kccistc\.stmcufinder\plugins\mcufinder/ => C:\Users\kccistc\.stmcufinder\plugins\mcufinder
2025-07-09 13:42:26,708 [INFO] DbMcusAds:125 - Set database path to: C:\Users\kccistc\.stmcufinder\plugins\mcufinder//mcu/
2025-07-09 13:42:26,708 [WARN] DbFile:41 - Overriding database path with different value: C:\Users\kccistc\.stmcufinder\plugins\mcufinder/ => C:\Users\kccistc\.stmcufinder\plugins\mcufinder
2025-07-09 13:42:26,708 [WARN] DbFile:41 - Overriding database path with different value: C:\Users\kccistc\.stmcufinder\plugins\mcufinder/ => C:\Users\kccistc\.stmcufinder\plugins\mcufinder
2025-07-09 13:42:26,708 [INFO] CrossReferenceDbSqlite:203 - Set database path to: C:\Users\kccistc\.stmcufinder\plugins\mcufinder//mcu/cs/
2025-07-09 13:42:26,895 [INFO] MainPanel:272 - HeapMemory: 327155712
2025-07-09 13:42:27,230 [INFO] DbMcusXml:78 - Set database path to: C:\ST\STM32CubeIDE_1.18.1\STM32CubeIDE\plugins\com.st.stm32cube.common.mx_6.14.1.202504091515\\db\/mcu/
2025-07-09 13:42:27,230 [INFO] ApiDb:274 - Set plugin database path to: C:\ST\STM32CubeIDE_1.18.1\STM32CubeIDE\plugins\com.st.stm32cube.common.mx_6.14.1.202504091515\\db\/plugins/boardmanager/
2025-07-09 13:42:27,230 [INFO] ApiDb:261 - Set plugin images path to: C:\ST\STM32CubeIDE_1.18.1\STM32CubeIDE\plugins\com.st.stm32cube.common.mx_6.14.1.202504091515\\db\/plugins/mcufinder/images/
2025-07-09 13:42:27,232 [WARN] DbFile:41 - Overriding database path with different value: C:\Users\kccistc\.stmcufinder\plugins\mcufinder/ => C:\Users\kccistc\.stmcufinder\plugins\mcufinder
2025-07-09 13:42:27,232 [INFO] ApiDb:250 - Set database path to: C:\Users\kccistc\.stmcufinder\plugins\mcufinder//mcu/
2025-07-09 13:42:27,233 [WARN] DbFile:41 - Overriding database path with different value: C:\Users\kccistc\.stmcufinder\plugins\mcufinder/ => C:\Users\kccistc\.stmcufinder\plugins\mcufinder
2025-07-09 13:42:27,233 [INFO] DbMcusAds:125 - Set database path to: C:\Users\kccistc\.stmcufinder\plugins\mcufinder//mcu/
2025-07-09 13:42:27,233 [WARN] DbFile:41 - Overriding database path with different value: C:\Users\kccistc\.stmcufinder\plugins\mcufinder/ => C:\Users\kccistc\.stmcufinder\plugins\mcufinder
2025-07-09 13:42:27,233 [WARN] DbFile:41 - Overriding database path with different value: C:\Users\kccistc\.stmcufinder\plugins\mcufinder/ => C:\Users\kccistc\.stmcufinder\plugins\mcufinder
2025-07-09 13:42:27,233 [INFO] CrossReferenceDbSqlite:203 - Set database path to: C:\Users\kccistc\.stmcufinder\plugins\mcufinder//mcu/cs/
2025-07-09 13:42:27,281 [INFO] ApplicationProperties:184 - Using Application install path: C:\ST\STM32CubeIDE_1.18.1\STM32CubeIDE\plugins\com.st.stm32cube.common.mx_6.14.1.202504091515
2025-07-09 13:42:27,287 [INFO] PluginManage:196 - Search for loadable plugins [exclusion list=, ]
2025-07-09 13:42:27,292 [INFO] PluginManage:310 - Check plugin analytics
2025-07-09 13:42:28,174 [INFO] AnalyticsPlugin:253 - Accepted Software Licenses: 
2025-07-09 13:42:28,174 [INFO] AnalyticsPlugin:255 - Accepted CMSIS Pack Licenses: 
2025-07-09 13:42:28,175 [INFO] AnalyticsPlugin:257 - Accepted Firmware Licenses: FW.F4.1.28.0,FW.H7.1.12.0
2025-07-09 13:42:28,185 [INFO] PluginManage:359 - Loaded plugin analytics (category:tool,tabindex:-1)
2025-07-09 13:42:28,185 [INFO] PluginManage:310 - Check plugin cadmodel
2025-07-09 13:42:28,197 [INFO] CADModel:105 - Init CAD model plugin
2025-07-09 13:42:28,197 [INFO] PluginManage:359 - Loaded plugin cadmodel (category:power,tabindex:5)
2025-07-09 13:42:28,198 [INFO] PluginManage:310 - Check plugin clock
2025-07-09 13:42:28,227 [INFO] PluginManage:359 - Loaded plugin clock (category:base,tabindex:2)
2025-07-09 13:42:28,227 [INFO] PluginManage:310 - Check plugin ddr
2025-07-09 13:42:28,238 [INFO] PluginManage:359 - Loaded plugin ddr (category:tool,tabindex:6)
2025-07-09 13:42:28,238 [INFO] PluginManage:310 - Check plugin filemanager
2025-07-09 13:42:28,688 [INFO] PluginManage:359 - Loaded plugin filemanager (category:base,tabindex:10)
2025-07-09 13:42:28,688 [INFO] PluginManage:310 - Check plugin ipmanager
2025-07-09 13:42:28,710 [INFO] PluginManage:359 - Loaded plugin ipmanager (category:base,tabindex:5)
2025-07-09 13:42:28,710 [INFO] PluginManage:310 - Check plugin lpbam
2025-07-09 13:42:28,732 [INFO] PluginManage:359 - Loaded plugin lpbam (category:base,tabindex:0)
2025-07-09 13:42:28,732 [INFO] PluginManage:310 - Check plugin memorymap
2025-07-09 13:42:28,818 [INFO] PluginManage:359 - Loaded plugin memorymap (category:base,tabindex:4)
2025-07-09 13:42:28,819 [INFO] PluginManage:310 - Check plugin pinoutandconfiguration
2025-07-09 13:42:28,851 [INFO] PluginManage:359 - Loaded plugin pinoutandconfiguration (category:base,tabindex:1)
2025-07-09 13:42:28,851 [INFO] PluginManage:310 - Check plugin pinoutconfig
2025-07-09 13:42:29,192 [WARN] SupportedApi:132 - Cannot load RTOS API schema: s4s-elt-must-match.1: The content of 'definitions' must match (annotation?, (simpleType | complexType)?, (unique | key | keyref)*)). A problem was found starting at: attribute.
2025-07-09 13:42:29,916 [INFO] PluginManage:359 - Loaded plugin pinoutconfig (category:base,tabindex:0)
2025-07-09 13:42:29,917 [INFO] PluginManage:310 - Check plugin power
2025-07-09 13:42:29,941 [INFO] PluginManage:359 - Loaded plugin power (category:power,tabindex:4)
2025-07-09 13:42:29,941 [INFO] PluginManage:310 - Check plugin projectmanager
2025-07-09 13:42:29,974 [INFO] PluginManage:359 - Loaded plugin projectmanager (category:projectmanager,tabindex:4)
2025-07-09 13:42:29,974 [INFO] PluginManage:310 - Check plugin rif
2025-07-09 13:42:30,006 [INFO] PluginManage:359 - Loaded plugin rif (category:base,tabindex:3)
2025-07-09 13:42:30,006 [INFO] PluginManage:310 - Check plugin thirdparty
2025-07-09 13:42:30,390 [WARN] IntegrityCheckThread:84 - waiting for thirdparty lock release [integrity check]
2025-07-09 13:42:30,391 [INFO] IntegrityCheckThread:86 - entering critical section [integrity check]
2025-07-09 13:42:30,391 [INFO] ThirdPartyUpdaterWithRetryManager:70 - Updater plugin not ready yet. [1/15]
2025-07-09 13:42:30,392 [INFO] PluginManage:359 - Loaded plugin thirdparty (category:base,tabindex:-1)
2025-07-09 13:42:30,392 [INFO] PluginManage:310 - Check plugin tools
2025-07-09 13:42:30,400 [INFO] PluginManage:359 - Loaded plugin tools (category:base,tabindex:7)
2025-07-09 13:42:30,400 [INFO] PluginManage:310 - Check plugin tutovideos
2025-07-09 13:42:31,231 [INFO] PluginManage:359 - Loaded plugin tutovideos (category:base,tabindex:-1)
2025-07-09 13:42:31,231 [INFO] PluginManage:310 - Check plugin updater
2025-07-09 13:42:31,271 [INFO] PluginManage:359 - Loaded plugin updater (category:base,tabindex:12)
2025-07-09 13:42:31,272 [INFO] PluginManage:310 - Check plugin userauth
2025-07-09 13:42:31,287 [INFO] UserAuth:118 - Init User Auth plugin
2025-07-09 13:42:31,292 [INFO] PluginManage:359 - Loaded plugin userauth (category:base,tabindex:14)
2025-07-09 13:42:31,293 [INFO] PluginManage:283 - PluginManage : Loaded plugins [18]
2025-07-09 13:42:31,882 [INFO] PinOutPanel:1589 - setPackage(No Configuration,No Configuration)
2025-07-09 13:42:32,047 [INFO] CADModel:165 - CPN selected for project level
2025-07-09 13:42:32,047 [INFO] CADModel:114 - Register for checkConnection events
2025-07-09 13:42:32,080 [INFO] IPUIPlugin:80 - create IPUIPlugin
2025-07-09 13:42:32,080 [INFO] PluginManager:220 - loadIPPluginJar : add adc
2025-07-09 13:42:32,084 [INFO] IPUIPlugin:80 - create IPUIPlugin
2025-07-09 13:42:32,085 [INFO] PluginManager:220 - loadIPPluginJar : add aes
2025-07-09 13:42:32,090 [INFO] IPUIPlugin:80 - create IPUIPlugin
2025-07-09 13:42:32,090 [INFO] PluginManager:220 - loadIPPluginJar : add can
2025-07-09 13:42:32,094 [INFO] IPUIPlugin:80 - create IPUIPlugin
2025-07-09 13:42:32,094 [INFO] PluginManager:220 - loadIPPluginJar : add comp
2025-07-09 13:42:32,100 [INFO] IPUIPlugin:80 - create IPUIPlugin
2025-07-09 13:42:32,100 [INFO] PluginManager:220 - loadIPPluginJar : add cryp
2025-07-09 13:42:32,108 [INFO] IPUIPlugin:80 - create IPUIPlugin
2025-07-09 13:42:32,108 [INFO] PluginManager:220 - loadIPPluginJar : add ddr_ctrl_phy
2025-07-09 13:42:32,113 [INFO] IPUIPlugin:80 - create IPUIPlugin
2025-07-09 13:42:32,113 [INFO] PluginManager:220 - loadIPPluginJar : add dfsdm
2025-07-09 13:42:32,119 [INFO] IPUIPlugin:80 - create IPUIPlugin
2025-07-09 13:42:32,121 [INFO] PluginManager:220 - loadIPPluginJar : add dma
2025-07-09 13:42:32,129 [INFO] IPUIPlugin:80 - create IPUIPlugin
2025-07-09 13:42:32,129 [INFO] PluginManager:220 - loadIPPluginJar : add dma3
2025-07-09 13:42:32,134 [INFO] IPUIPlugin:80 - create IPUIPlugin
2025-07-09 13:42:32,135 [INFO] PluginManager:220 - loadIPPluginJar : add extmemmanager
2025-07-09 13:42:32,138 [INFO] IPUIPlugin:80 - create IPUIPlugin
2025-07-09 13:42:32,139 [INFO] PluginManager:220 - loadIPPluginJar : add fatfs
2025-07-09 13:42:32,146 [INFO] IPUIPlugin:80 - create IPUIPlugin
2025-07-09 13:42:32,146 [INFO] PluginManager:220 - loadIPPluginJar : add fmc
2025-07-09 13:42:32,171 [INFO] IPUIPlugin:80 - create IPUIPlugin
2025-07-09 13:42:32,172 [INFO] PluginManager:220 - loadIPPluginJar : add freertos
2025-07-09 13:42:32,176 [INFO] IPUIPlugin:80 - create IPUIPlugin
2025-07-09 13:42:32,176 [INFO] PluginManager:220 - loadIPPluginJar : add genericplugin
2025-07-09 13:42:32,180 [INFO] IPUIPlugin:80 - create IPUIPlugin
2025-07-09 13:42:32,181 [INFO] PluginManager:220 - loadIPPluginJar : add gfxmmu
2025-07-09 13:42:32,187 [INFO] IPUIPlugin:80 - create IPUIPlugin
2025-07-09 13:42:32,188 [INFO] PluginManager:220 - loadIPPluginJar : add gic
2025-07-09 13:42:32,196 [INFO] IPUIPlugin:80 - create IPUIPlugin
2025-07-09 13:42:32,196 [INFO] PluginManager:220 - loadIPPluginJar : add gpio
2025-07-09 13:42:32,202 [INFO] IPUIPlugin:80 - create IPUIPlugin
2025-07-09 13:42:32,202 [INFO] PluginManager:220 - loadIPPluginJar : add gtzc
2025-07-09 13:42:32,207 [INFO] IPUIPlugin:80 - create IPUIPlugin
2025-07-09 13:42:32,207 [INFO] PluginManager:220 - loadIPPluginJar : add hash
2025-07-09 13:42:32,212 [INFO] IPUIPlugin:80 - create IPUIPlugin
2025-07-09 13:42:32,213 [INFO] PluginManager:220 - loadIPPluginJar : add i2c
2025-07-09 13:42:32,218 [INFO] IPUIPlugin:80 - create IPUIPlugin
2025-07-09 13:42:32,218 [INFO] PluginManager:220 - loadIPPluginJar : add i2s
2025-07-09 13:42:32,227 [INFO] IPUIPlugin:80 - create IPUIPlugin
2025-07-09 13:42:32,228 [INFO] PluginManager:220 - loadIPPluginJar : add i3c
2025-07-09 13:42:32,235 [INFO] IPUIPlugin:80 - create IPUIPlugin
2025-07-09 13:42:32,235 [INFO] PluginManager:220 - loadIPPluginJar : add ipddr
2025-07-09 13:42:32,245 [INFO] IPUIPlugin:80 - create IPUIPlugin
2025-07-09 13:42:32,245 [INFO] PluginManager:220 - loadIPPluginJar : add linkedlist
2025-07-09 13:42:32,252 [INFO] IPUIPlugin:80 - create IPUIPlugin
2025-07-09 13:42:32,252 [INFO] PluginManager:220 - loadIPPluginJar : add lorawan
2025-07-09 13:42:32,255 [INFO] IPUIPlugin:80 - create IPUIPlugin
2025-07-09 13:42:32,255 [INFO] PluginManager:220 - loadIPPluginJar : add ltdc
2025-07-09 13:42:32,264 [INFO] IPUIPlugin:80 - create IPUIPlugin
2025-07-09 13:42:32,264 [INFO] PluginManager:220 - loadIPPluginJar : add mdma
2025-07-09 13:42:32,271 [INFO] IPUIPlugin:80 - create IPUIPlugin
2025-07-09 13:42:32,271 [INFO] PluginManager:220 - loadIPPluginJar : add nvic
2025-07-09 13:42:32,277 [INFO] IPUIPlugin:80 - create IPUIPlugin
2025-07-09 13:42:32,277 [INFO] PluginManager:220 - loadIPPluginJar : add opamp
2025-07-09 13:42:32,284 [INFO] IPUIPlugin:80 - create IPUIPlugin
2025-07-09 13:42:32,284 [INFO] PluginManager:220 - loadIPPluginJar : add openamp
2025-07-09 13:42:32,291 [INFO] IPUIPlugin:80 - create IPUIPlugin
2025-07-09 13:42:32,291 [INFO] PluginManager:220 - loadIPPluginJar : add pdm2pcm
2025-07-09 13:42:32,303 [INFO] IPUIPlugin:80 - create IPUIPlugin
2025-07-09 13:42:32,311 [INFO] PluginManager:220 - loadIPPluginJar : add plateformsettings
2025-07-09 13:42:32,315 [INFO] IPUIPlugin:80 - create IPUIPlugin
2025-07-09 13:42:32,315 [INFO] PluginManager:220 - loadIPPluginJar : add quadspi
2025-07-09 13:42:32,320 [INFO] IPUIPlugin:80 - create IPUIPlugin
2025-07-09 13:42:32,322 [INFO] PluginManager:220 - loadIPPluginJar : add radio
2025-07-09 13:42:32,329 [INFO] IPUIPlugin:80 - create IPUIPlugin
2025-07-09 13:42:32,329 [INFO] PluginManager:220 - loadIPPluginJar : add resmgrutility
2025-07-09 13:42:32,339 [INFO] IPUIPlugin:80 - create IPUIPlugin
2025-07-09 13:42:32,340 [INFO] PluginManager:220 - loadIPPluginJar : add sai
2025-07-09 13:42:32,345 [INFO] IPUIPlugin:80 - create IPUIPlugin
2025-07-09 13:42:32,345 [INFO] PluginManager:220 - loadIPPluginJar : add spi
2025-07-09 13:42:32,357 [INFO] IPUIPlugin:80 - create IPUIPlugin
2025-07-09 13:42:32,357 [INFO] PluginManager:220 - loadIPPluginJar : add stm32_wpan
2025-07-09 13:42:32,361 [INFO] IPUIPlugin:80 - create IPUIPlugin
2025-07-09 13:42:32,361 [INFO] PluginManager:220 - loadIPPluginJar : add tim
2025-07-09 13:42:32,366 [INFO] IPUIPlugin:80 - create IPUIPlugin
2025-07-09 13:42:32,367 [INFO] PluginManager:220 - loadIPPluginJar : add touchsensing
2025-07-09 13:42:32,371 [INFO] IPUIPlugin:80 - create IPUIPlugin
2025-07-09 13:42:32,372 [INFO] PluginManager:220 - loadIPPluginJar : add tracer_emb
2025-07-09 13:42:32,376 [INFO] IPUIPlugin:80 - create IPUIPlugin
2025-07-09 13:42:32,377 [INFO] PluginManager:220 - loadIPPluginJar : add ts
2025-07-09 13:42:32,381 [INFO] IPUIPlugin:80 - create IPUIPlugin
2025-07-09 13:42:32,381 [INFO] PluginManager:220 - loadIPPluginJar : add tsc
2025-07-09 13:42:32,386 [INFO] IPUIPlugin:80 - create IPUIPlugin
2025-07-09 13:42:32,386 [INFO] PluginManager:220 - loadIPPluginJar : add ucpd
2025-07-09 13:42:32,392 [INFO] IPUIPlugin:80 - create IPUIPlugin
2025-07-09 13:42:32,392 [INFO] PluginManager:220 - loadIPPluginJar : add usart
2025-07-09 13:42:32,401 [INFO] IPUIPlugin:80 - create IPUIPlugin
2025-07-09 13:42:32,401 [INFO] PluginManager:220 - loadIPPluginJar : add usbx
2025-07-09 13:42:32,556 [FATAL] Updater:351 - Updater called before beeing initialized
2025-07-09 13:42:32,606 [INFO] RulesReader:64 - Compatibility file has been processed (302 Rules)
2025-07-09 13:42:32,627 [INFO] RulesReader:64 - Compatibility file has been processed (302 Rules)
2025-07-09 13:42:32,646 [INFO] CADModel:165 - CPN selected for project level
2025-07-09 13:42:32,646 [INFO] CADModel:114 - Register for checkConnection events
2025-07-09 13:42:32,646 [FATAL] Updater:351 - Updater called before beeing initialized
2025-07-09 13:42:32,646 [ERROR] CADModel:125 - Updater not yet initialized, retry later 
2025-07-09 13:42:32,961 [FATAL] Updater:351 - Updater called before beeing initialized
2025-07-09 13:42:32,981 [INFO] CADModel:165 - CPN selected for project level
2025-07-09 13:42:32,981 [INFO] CADModel:114 - Register for checkConnection events
2025-07-09 13:42:32,981 [FATAL] Updater:351 - Updater called before beeing initialized
2025-07-09 13:42:32,982 [ERROR] CADModel:125 - Updater not yet initialized, retry later 
2025-07-09 13:42:32,990 [FATAL] Updater:351 - Updater called before beeing initialized
2025-07-09 13:42:33,172 [FATAL] Updater:351 - Updater called before beeing initialized
2025-07-09 13:42:33,200 [INFO] DbMcusAds:53 - JSON generation date=Thu Jun 19 17:32:37 KST 2025 (1750321957418)
2025-07-09 13:42:33,200 [FATAL] Updater:351 - Updater called before beeing initialized
2025-07-09 13:42:33,256 [WARN] DetailPanel:346 - Failed to get advertising image, set to default
2025-07-09 13:42:33,393 [INFO] ThirdPartyUpdaterWithRetryManager:70 - Updater plugin not ready yet. [2/15]
2025-07-09 13:42:33,551 [FATAL] Updater:351 - Updater called before beeing initialized
2025-07-09 13:42:33,561 [FATAL] Updater:351 - Updater called before beeing initialized
2025-07-09 13:42:33,561 [FATAL] Updater:351 - Updater called before beeing initialized
2025-07-09 13:42:33,561 [WARN] DetailPanel:346 - Failed to get advertising image, set to default
2025-07-09 13:42:33,562 [FATAL] Updater:351 - Updater called before beeing initialized
2025-07-09 13:42:33,668 [ERROR] Updater:1198 - MainUpdater not yet initialized. External WinMGr cannot be set.
2025-07-09 13:42:33,678 [INFO] Updater:1134 - Updater Version found : 6.14.1
2025-07-09 13:42:33,762 [INFO] ApplicationProperties:184 - Using Application install path: C:\ST\STM32CubeIDE_1.18.1\STM32CubeIDE\plugins\com.st.stm32cube.common.mx_6.14.1.202504091515
2025-07-09 13:42:35,449 [ERROR] LogOutputStream:75 - [STDERR_REDIRECT] Jul 09, 2025 1:42:35 PM java.util.prefs.WindowsPreferences <init>
2025-07-09 13:42:35,451 [ERROR] LogOutputStream:75 - [STDERR_REDIRECT] WARNING: Could not open/create prefs root node Software\JavaSoft\Prefs at root 0xffffffff80000002. Windows RegCreateKeyEx(...) returned error code 5.
2025-07-09 13:42:35,452 [ERROR] LogOutputStream:75 - [STDERR_REDIRECT] 
2025-07-09 13:42:36,216 [INFO] MainUpdater:2872 - connection check result : 10
2025-07-09 13:42:36,217 [INFO] MainUpdater:289 - Updater Check For Update Now.
2025-07-09 13:42:36,218 [INFO] MicroXplorer:498 - Change Database Version : DB.6.0.141
2025-07-09 13:42:36,241 [INFO] McuFinderGlobals:63 - Set McuFinder mode to 2 (CubeIDE integrated)
2025-07-09 13:42:36,242 [INFO] UserAuth:171 - activating auth plugin
2025-07-09 13:42:36,248 [INFO] UserAuth:484 - Internet connection configuration mode: 1
2025-07-09 13:42:36,319 [INFO] JxBrowserEngine:152 - Initiate JxBrowser Engine with user profile folder
2025-07-09 13:42:36,394 [WARN] MainUpdater:1193 - Updater busy. Cannot search thirdparties
2025-07-09 13:42:36,395 [INFO] ThirdPartyUpdaterWithRetryManager:96 - Updater plugin is busy. [1/15]
2025-07-09 13:42:36,471 [INFO] CheckServerUpdateThread:120 - End of CheckServer Thread
2025-07-09 13:42:38,134 [INFO] WebApp:169 - Instantiating new browser for Auth
2025-07-09 13:42:39,694 [INFO] WebApp:463 - Apply proxy settings
2025-07-09 13:42:39,694 [INFO] WebApp:548 - Chromium requires no authentication
2025-07-09 13:42:39,709 [INFO] WebApp:491 - Direct internet connection detected
2025-07-09 13:42:39,764 [INFO] WebApp:894 - Register for checkConnection events
2025-07-09 13:42:39,764 [INFO] WebApp:463 - Apply proxy settings
2025-07-09 13:42:39,765 [INFO] WebApp:548 - Chromium requires no authentication
2025-07-09 13:42:39,765 [INFO] WebApp:491 - Direct internet connection detected
2025-07-09 13:42:40,075 [INFO] WebApp:191 - Connection restablished
2025-07-09 13:42:40,161 [INFO] WebApp:225 - Starting web application
2025-07-09 13:42:40,161 [INFO] WebApp:593 - Web application path used C:\ST\STM32CubeIDE_1.18.1\STM32CubeIDE\plugins\com.st.stm32cube.common.mx_6.14.1.202504091515\db\plugins\mcufinder\reactClient1\index.html
2025-07-09 13:42:40,162 [WARN] PackLoader:240 - Cannot read IP mode file for STMicroelectronics.FP-SNS-MOTENVWB1.1.4.0
2025-07-09 13:42:40,197 [WARN] PackLoader:240 - Cannot read IP mode file for STMicroelectronics.FP-ATR-ASTRA1.2.0.2
2025-07-09 13:42:40,223 [WARN] PackLoader:240 - Cannot read IP mode file for STMicroelectronics.X-CUBE-SMBUS.2.1.0
2025-07-09 13:42:40,246 [WARN] PackLoader:240 - Cannot read IP mode file for STMicroelectronics.X-CUBE-ST60.1.0.0
2025-07-09 13:42:40,325 [WARN] PackLoader:240 - Cannot read IP mode file for STMicroelectronics.X-CUBE-AZRTOS-F7.1.1.0
2025-07-09 13:42:40,378 [WARN] PackLoader:240 - Cannot read IP mode file for Infineon.AIROC-Wi-Fi-Bluetooth-STM32.1.7.0
2025-07-09 13:42:40,432 [WARN] PackLoader:240 - Cannot read IP mode file for STMicroelectronics.X-CUBE-AZRTOS-H7.3.4.0
2025-07-09 13:42:40,465 [WARN] PackLoader:240 - Cannot read IP mode file for STMicroelectronics.X-CUBE-DISPLAY.3.0.0
2025-07-09 13:42:40,479 [WARN] PackLoader:240 - Cannot read IP mode file for STMicroelectronics.X-CUBE-NFC10.1.0.0
2025-07-09 13:42:40,492 [WARN] PackLoader:240 - Cannot read IP mode file for STMicroelectronics.X-CUBE-BLEMGR.4.0.0
2025-07-09 13:42:40,504 [WARN] PackLoader:240 - Cannot read IP mode file for emotas.I-CUBE-CANOPEN.1.3.0
2025-07-09 13:42:40,513 [WARN] ConditionMgr:438 - getConditionDescription Invalid condition id : Cortex-A Device cause : null
2025-07-09 13:42:40,533 [WARN] ConditionMgr:1044 - genDependencies : Invalid condition id : Cortex-A Device cause : null
2025-07-09 13:42:40,533 [WARN] ConditionMgr:1044 - genDependencies : Invalid condition id : Cortex-A Device cause : null
2025-07-09 13:42:40,533 [WARN] ConditionMgr:1044 - genDependencies : Invalid condition id : Cortex-A Device cause : null
2025-07-09 13:42:40,541 [WARN] PackLoader:240 - Cannot read IP mode file for STMicroelectronics.X-CUBE-AI.10.0.0
2025-07-09 13:42:40,551 [WARN] PackLoader:240 - Cannot read IP mode file for STMicroelectronics.FP-SNS-SMARTAG2.1.2.0
2025-07-09 13:42:40,562 [WARN] PackLoader:240 - Cannot read IP mode file for STMicroelectronics.FP-SNS-FLIGHT1.5.1.0
2025-07-09 13:42:40,582 [INFO] LogOutputStream:77 - [STDOUT_REDIRECT] 1 : Invalid condition id : UX_CORESTACK_Condition cause : null
2025-07-09 13:42:40,583 [INFO] LogOutputStream:77 - [STDOUT_REDIRECT] 1 : Invalid condition id : UX_CORESTACK_Condition cause : null
2025-07-09 13:42:40,586 [INFO] LogOutputStream:77 - [STDOUT_REDIRECT] 1 : Invalid condition id : UX_CORESTACK_Condition cause : null
2025-07-09 13:42:40,589 [INFO] LogOutputStream:77 - [STDOUT_REDIRECT] 1 : Invalid condition id : UX_CORESTACK_Condition cause : null
2025-07-09 13:42:40,591 [INFO] LogOutputStream:77 - [STDOUT_REDIRECT] 1 : Invalid condition id : UX_CORESTACK_Condition cause : null
2025-07-09 13:42:40,596 [WARN] PackLoader:240 - Cannot read IP mode file for STMicroelectronics.X-CUBE-AZRTOS-WL.2.0.0
2025-07-09 13:42:40,605 [WARN] PackLoader:240 - Cannot read IP mode file for STMicroelectronics.FP-SNS-MOTENV1.5.0.0
2025-07-09 13:42:40,620 [WARN] PackLoader:240 - Cannot read IP mode file for WES.I-CUBE-Cesium.1.3.0
2025-07-09 13:42:40,629 [WARN] PackLoader:240 - Cannot read IP mode file for STMicroelectronics.X-CUBE-BLE2.3.3.0
2025-07-09 13:42:40,641 [WARN] PackLoader:240 - Cannot read IP mode file for STMicroelectronics.X-CUBE-NFC9.1.0.0
2025-07-09 13:42:40,652 [WARN] PackLoader:240 - Cannot read IP mode file for wolfSSL.I-CUBE-wolfSSL.5.8.0
2025-07-09 13:42:40,662 [WARN] PackLoader:240 - Cannot read IP mode file for STMicroelectronics.X-CUBE-BLE1.7.1.0
2025-07-09 13:42:40,669 [WARN] PackLoader:240 - Cannot read IP mode file for wolfSSL.I-CUBE-wolfMQTT.1.19.2
2025-07-09 13:42:40,676 [WARN] PackLoader:240 - Cannot read IP mode file for STMicroelectronics.X-CUBE-AI.10.1.0
2025-07-09 13:42:40,745 [WARN] PackLoader:240 - Cannot read IP mode file for STMicroelectronics.X-CUBE-MEMS1.11.2.0
2025-07-09 13:42:41,046 [WARN] PackLoader:240 - Cannot read IP mode file for STMicroelectronics.X-CUBE-AZRTOS-G0.1.1.0
2025-07-09 13:42:41,057 [WARN] PackLoader:240 - Cannot read IP mode file for STMicroelectronics.X-CUBE-SAFEA1.1.2.2
2025-07-09 13:42:41,064 [WARN] PackLoader:240 - Cannot read IP mode file for STMicroelectronics.X-CUBE-NFC4.3.0.0
2025-07-09 13:42:41,072 [WARN] PackLoader:240 - Cannot read IP mode file for EmbeddedOffice.I-CUBE-FS-RTOS.1.0.1
2025-07-09 13:42:41,082 [WARN] PackLoader:240 - Cannot read IP mode file for STMicroelectronics.X-CUBE-WB05N.2.0.0
2025-07-09 13:42:41,088 [WARN] PackLoader:240 - Cannot read IP mode file for wolfSSL.I-CUBE-wolfTPM.3.8.0
2025-07-09 13:42:41,095 [WARN] PackLoader:240 - Cannot read IP mode file for STMicroelectronics.X-CUBE-TCPP.4.2.0
2025-07-09 13:42:41,109 [WARN] PackLoader:240 - Cannot read IP mode file for RealThread.X-CUBE-RT-Thread_Nano.4.1.1
2025-07-09 13:42:41,116 [WARN] PackLoader:240 - Cannot read IP mode file for STMicroelectronics.FP-ATR-SIGFOX1.3.2.0
2025-07-09 13:42:41,122 [WARN] PackLoader:240 - Cannot read IP mode file for STMicroelectronics.X-CUBE-EEPRMA1.5.1.0
2025-07-09 13:42:41,131 [WARN] PackLoader:240 - Cannot read IP mode file for ITTIA_DB.I-CUBE-ITTIADB.8.9.0
2025-07-09 13:42:41,146 [WARN] PackLoader:240 - Cannot read IP mode file for STMicroelectronics.X-CUBE-ST67W61.1.0.0
2025-07-09 13:42:41,186 [WARN] PackLoader:240 - Cannot read IP mode file for SEGGER.I-CUBE-embOS.1.3.1
2025-07-09 13:42:41,234 [WARN] PackLoader:240 - Cannot read IP mode file for STMicroelectronics.X-CUBE-ALGOBUILD.1.4.0
2025-07-09 13:42:41,286 [WARN] PackLoader:240 - Cannot read IP mode file for STMicroelectronics.X-CUBE-MEMS1.11.3.0
2025-07-09 13:42:41,396 [WARN] PackLoader:240 - Cannot read IP mode file for STMicroelectronics.X-CUBE-PM33A1.1.0.0
2025-07-09 13:42:41,410 [WARN] PackLoader:240 - Cannot read IP mode file for STMicroelectronics.X-CUBE-AZRTOS-F4.1.1.0
2025-07-09 13:42:41,417 [WARN] PackLoader:240 - Cannot read IP mode file for Avnet-IotConnect.X-CUBE-IoTC-DA16k-PMOD.1.0.0
2025-07-09 13:42:41,422 [WARN] PackLoader:240 - Cannot read IP mode file for STMicroelectronics.X-CUBE-ISPU.2.1.0
2025-07-09 13:42:41,443 [WARN] PackLoader:240 - Cannot read IP mode file for STMicroelectronics.X-CUBE-AZRTOS-L5.2.0.0
2025-07-09 13:42:41,452 [WARN] PackLoader:240 - Cannot read IP mode file for STMicroelectronics.X-CUBE-NFC6.3.1.0
2025-07-09 13:42:41,459 [WARN] PackLoader:240 - Cannot read IP mode file for STMicroelectronics.X-CUBE-FREERTOS.1.3.1
2025-07-09 13:42:41,465 [WARN] PackLoader:240 - Cannot read IP mode file for STMicroelectronics.FP-SNS-STAIOTCFT.1.0.0
2025-07-09 13:42:41,471 [WARN] PackLoader:240 - Cannot read IP mode file for STMicroelectronics.X-CUBE-DPower.1.3.0
2025-07-09 13:42:41,485 [WARN] ConditionMgr:438 - getConditionDescription Invalid condition id : LAN8742 Phy interface Condition cause : null
2025-07-09 13:42:41,486 [WARN] PackLoader:240 - Cannot read IP mode file for STMicroelectronics.X-CUBE-AZRTOS-L4.2.0.0
2025-07-09 13:42:41,488 [WARN] ConditionMgr:1044 - genDependencies : Invalid condition id : LAN8742 Phy interface Condition cause : null
2025-07-09 13:42:41,488 [WARN] ConditionMgr:1044 - genDependencies : Invalid condition id : LAN8742 Phy interface Condition cause : null
2025-07-09 13:42:41,489 [WARN] ConditionMgr:1044 - genDependencies : Invalid condition id : LAN8742 Phy interface Condition cause : null
2025-07-09 13:42:41,496 [WARN] PackLoader:240 - Cannot read IP mode file for STMicroelectronics.X-CUBE-SFXS2LP1.4.0.0
2025-07-09 13:42:41,510 [WARN] PackLoader:240 - Cannot read IP mode file for STMicroelectronics.X-CUBE-AZRTOS-H7.3.3.0
2025-07-09 13:42:41,524 [WARN] ConditionMgr:438 - getConditionDescription Invalid condition id : UX DEVICE CLASS RTOS Condition cause : null
2025-07-09 13:42:41,524 [WARN] ConditionMgr:438 - getConditionDescription Invalid condition id : UX DEVICE CLASS RTOS Condition cause : null
2025-07-09 13:42:41,525 [WARN] PackLoader:240 - Cannot read IP mode file for STMicroelectronics.X-CUBE-AZRTOS-WB.2.0.0
2025-07-09 13:42:41,526 [WARN] ConditionMgr:1044 - genDependencies : Invalid condition id : UX DEVICE CLASS RTOS Condition cause : null
2025-07-09 13:42:41,526 [WARN] ConditionMgr:1044 - genDependencies : Invalid condition id : UX DEVICE CLASS RTOS Condition cause : null
2025-07-09 13:42:41,526 [WARN] ConditionMgr:1044 - genDependencies : Invalid condition id : UX DEVICE CLASS RTOS Condition cause : null
2025-07-09 13:42:41,527 [WARN] ConditionMgr:1044 - genDependencies : Invalid condition id : UX DEVICE CLASS RTOS Condition cause : null
2025-07-09 13:42:41,527 [WARN] ConditionMgr:1044 - genDependencies : Invalid condition id : UX DEVICE CLASS RTOS Condition cause : null
2025-07-09 13:42:41,537 [WARN] PackLoader:240 - Cannot read IP mode file for STMicroelectronics.X-CUBE-GNSS1.7.0.1
2025-07-09 13:42:41,548 [WARN] PackLoader:240 - Cannot read IP mode file for STMicroelectronics.X-CUBE-TOUCHGFX.4.25.0
2025-07-09 13:42:41,557 [WARN] PackLoader:240 - Cannot read IP mode file for STMicroelectronics.FP-SNS-STBOX1.2.0.0
2025-07-09 13:42:41,568 [WARN] PackLoader:240 - Cannot read IP mode file for STMicroelectronics.X-CUBE-SUBG2.5.0.0
2025-07-09 13:42:41,587 [WARN] PackLoader:240 - Cannot read IP mode file for STMicroelectronics.X-CUBE-AZRTOS-H7RS.1.1.0
2025-07-09 13:42:41,595 [WARN] PackLoader:240 - Cannot read IP mode file for Cesanta.I-CUBE-Mongoose.7.13.0
2025-07-09 13:42:41,607 [WARN] PackLoader:240 - Cannot read IP mode file for STMicroelectronics.X-CUBE-AZRTOS-G4.2.0.0
2025-07-09 13:42:41,615 [WARN] PackLoader:240 - Cannot read IP mode file for wolfSSL.I-CUBE-wolfSSH.1.4.20
2025-07-09 13:42:41,621 [WARN] PackLoader:240 - Cannot read IP mode file for STMicroelectronics.X-CUBE-NFC7.2.0.0
2025-07-09 13:42:41,651 [WARN] PackLoader:240 - Cannot read IP mode file for STMicroelectronics.X-CUBE-IPS.3.1.0
2025-07-09 13:42:41,662 [WARN] PackLoader:240 - Cannot read IP mode file for STMicroelectronics.X-CUBE-ALS.1.0.2
2025-07-09 13:42:41,671 [WARN] PackLoader:240 - Cannot read IP mode file for portGmbH.I-Cube-SoM-uGOAL.1.1.0
2025-07-09 13:42:41,681 [WARN] PackLoader:240 - Cannot read IP mode file for STMicroelectronics.X-CUBE-TOF1.3.4.3
2025-07-09 13:42:41,698 [INFO] ThirdParty:978 - Integrity check success = true
2025-07-09 13:42:41,699 [INFO] IntegrityCheckThread:100 - exiting critical section [integrity check]
2025-07-09 13:42:41,699 [INFO] IntegrityCheckThread:103 - End integrity checks thread
2025-07-09 13:50:16,297 [INFO] McuFinderGlobals:63 - Set McuFinder mode to 2 (CubeIDE integrated)
2025-07-09 13:50:16,302 [INFO] MainUpdater:2872 - connection check result : 10
2025-07-09 13:50:16,303 [INFO] MainUpdater:2872 - connection check result : 10
2025-07-09 13:50:16,340 [INFO] MicroXplorer:468 - Change Database Path : 
2025-07-09 13:50:16,340 [INFO] MicroXplorer:498 - Change Database Version : DB.6.0.141
2025-07-09 13:50:16,347 [WARN] ThirdParty:871 - waiting for thirdparty lock release [close project]
2025-07-09 13:50:16,347 [INFO] ThirdParty:873 - entering critical section [close project]
2025-07-09 13:50:16,348 [INFO] ThirdParty:883 - exiting critical section [close project]
2025-07-09 13:50:16,350 [INFO] PinOutPanel:1589 - setPackage(No Configuration,No Configuration)
2025-07-09 13:50:16,355 [INFO] UtilMem:75 - Begin LoadConfig() Used Memory: 790328600 Bytes (1073741824)
2025-07-09 13:50:16,357 [INFO] MicroXplorer:468 - Change Database Path : 
2025-07-09 13:50:16,357 [INFO] MicroXplorer:498 - Change Database Version : DB.6.0.141
2025-07-09 13:50:16,357 [INFO] OpenFileManager:354 - Change cursor
2025-07-09 13:50:16,432 [INFO] Mcu:2011 - Initializing MCU STM32H743XIHx STM32H743XIHx STM32H743XIH6
2025-07-09 13:50:20,274 [INFO] Context:756 - Trying to add GPIOservice into a context  which must be forbidden
2025-07-09 13:50:21,490 [INFO] ImportTextPane:218 - (OptionalMessage_ERROR) Pin67 (VP_RIF_VS_RIF1) cannot be retrieved for this MCU
2025-07-09 13:50:21,732 [INFO] RtosManager:558 - Registered RTOS mode: class=CMSIS, group=RTOS, mode=CMSIS_V1, owner=FREERTOS
2025-07-09 13:50:21,734 [INFO] RtosManager:558 - Registered RTOS mode: class=CMSIS, group=RTOS2, mode=CMSIS_V2, owner=FREERTOS
2025-07-09 13:50:21,734 [INFO] RtosManager:558 - Registered RTOS mode: class=RTOS, group=Core, mode=CMSIS_V1, owner=FREERTOS
2025-07-09 13:50:21,734 [INFO] RtosManager:558 - Registered RTOS mode: class=RTOS, group=Core, mode=CMSIS_V2, owner=FREERTOS
2025-07-09 13:50:21,734 [WARN] ModelIntegratedComponent:184 - Missing modes for component STMicroelectronics:FreeRTOS:0.0.1:STMicroelectronics:RTOS:FreeRTOS:Core:::10.2.0:
2025-07-09 13:50:21,760 [WARN] ModelIntegratedComponent:63 - No mode defined for component null
2025-07-09 13:50:21,760 [WARN] ModelIntegratedComponent:63 - No mode defined for component null
2025-07-09 13:50:21,761 [WARN] ModelIntegratedComponent:63 - No mode defined for component null
2025-07-09 13:50:21,761 [WARN] ModelIntegratedComponent:63 - No mode defined for component null
2025-07-09 13:50:21,761 [WARN] ModelIntegratedComponent:63 - No mode defined for component null
2025-07-09 13:50:21,761 [WARN] ModelIntegratedComponent:63 - No mode defined for component null
2025-07-09 13:50:21,761 [WARN] ModelIntegratedComponent:63 - No mode defined for component null
2025-07-09 13:50:21,761 [WARN] ModelIntegratedComponent:63 - No mode defined for component null
2025-07-09 13:50:21,761 [WARN] ModelIntegratedComponent:63 - No mode defined for component null
2025-07-09 13:50:21,761 [WARN] ModelIntegratedComponent:63 - No mode defined for component null
2025-07-09 13:50:21,761 [WARN] ModelIntegratedComponent:63 - No mode defined for component null
2025-07-09 13:50:21,761 [WARN] ModelIntegratedComponent:63 - No mode defined for component null
2025-07-09 13:50:21,762 [WARN] ModelIntegratedComponent:63 - No mode defined for component null
2025-07-09 13:50:21,762 [WARN] ModelIntegratedComponent:63 - No mode defined for component null
2025-07-09 13:50:21,762 [WARN] ModelIntegratedComponent:63 - No mode defined for component null
2025-07-09 13:50:21,762 [WARN] ModelIntegratedComponent:63 - No mode defined for component null
2025-07-09 13:50:21,762 [WARN] ModelIntegratedComponent:63 - No mode defined for component null
2025-07-09 13:50:21,762 [WARN] ModelIntegratedComponent:63 - No mode defined for component null
2025-07-09 13:50:21,762 [WARN] ModelIntegratedComponent:63 - No mode defined for component null
2025-07-09 13:50:21,762 [WARN] ModelIntegratedComponent:63 - No mode defined for component null
2025-07-09 13:50:21,762 [WARN] ModelIntegratedComponent:63 - No mode defined for component null
2025-07-09 13:50:21,762 [WARN] ModelIntegratedComponent:63 - No mode defined for component null
2025-07-09 13:50:21,762 [WARN] ModelIntegratedComponent:63 - No mode defined for component null
2025-07-09 13:50:21,762 [WARN] ModelIntegratedComponent:63 - No mode defined for component null
2025-07-09 13:50:21,762 [WARN] ModelIntegratedComponent:63 - No mode defined for component null
2025-07-09 13:50:21,762 [WARN] ModelIntegratedComponent:63 - No mode defined for component null
2025-07-09 13:50:21,762 [WARN] ModelIntegratedComponent:63 - No mode defined for component null
2025-07-09 13:50:21,762 [WARN] ModelIntegratedComponent:63 - No mode defined for component null
2025-07-09 13:50:21,762 [WARN] ModelIntegratedComponent:63 - No mode defined for component null
2025-07-09 13:50:21,762 [WARN] ModelIntegratedComponent:63 - No mode defined for component null
2025-07-09 13:50:21,762 [WARN] ModelIntegratedComponent:63 - No mode defined for component null
2025-07-09 13:50:21,762 [WARN] ModelIntegratedComponent:63 - No mode defined for component null
2025-07-09 13:50:21,763 [WARN] ModelIntegratedComponent:63 - No mode defined for component null
2025-07-09 13:50:21,763 [WARN] ModelIntegratedComponent:63 - No mode defined for component null
2025-07-09 13:50:21,763 [WARN] ModelIntegratedComponent:63 - No mode defined for component null
2025-07-09 13:50:21,763 [WARN] ModelPack:524 - Component already loaded: STMicroelectronics:HAL Drivers:0.0.0:STMicroelectronics:Device:STMicro_Driver:XSPI:HAL::0.0.1:HAL_XSPI
2025-07-09 13:50:21,890 [INFO] ThirdPartyModel:298 - Start build external matchings
2025-07-09 13:50:22,246 [INFO] ThirdPartyModel:316 - End build external matchings
2025-07-09 13:50:22,265 [INFO] ImportTextPane:218 - (OptionalMessage_ERROR) IP (DMA) : Parameter (Instance) has Id (SPI1_TX) currently not set
2025-07-09 13:50:22,265 [INFO] ImportTextPane:218 - (OptionalMessage_ERROR) IP (DMA) : Parameter (Request) has Id (SPI1_TX) currently not set
2025-07-09 13:50:22,266 [INFO] ImportTextPane:218 - (OptionalMessage_ERROR) IP (DMA) : Parameter (Direction) has Id (SPI1_TX) currently not set
2025-07-09 13:50:22,266 [INFO] ImportTextPane:218 - (OptionalMessage_ERROR) IP (DMA) : Parameter (PeriphInc) has Id (SPI1_TX) currently not set
2025-07-09 13:50:22,266 [INFO] ImportTextPane:218 - (OptionalMessage_ERROR) IP (DMA) : Parameter (MemInc) has Id (SPI1_TX) currently not set
2025-07-09 13:50:22,267 [INFO] ImportTextPane:218 - (OptionalMessage_ERROR) IP (DMA) : Parameter (PeriphDataAlignment) has Id (SPI1_TX) currently not set
2025-07-09 13:50:22,267 [INFO] ImportTextPane:218 - (OptionalMessage_ERROR) IP (DMA) : Parameter (MemDataAlignment) has Id (SPI1_TX) currently not set
2025-07-09 13:50:22,267 [INFO] ImportTextPane:218 - (OptionalMessage_ERROR) IP (DMA) : Parameter (Mode) has Id (SPI1_TX) currently not set
2025-07-09 13:50:22,267 [INFO] ImportTextPane:218 - (OptionalMessage_ERROR) IP (DMA) : Parameter (Priority) has Id (SPI1_TX) currently not set
2025-07-09 13:50:22,267 [INFO] ImportTextPane:218 - (OptionalMessage_ERROR) IP (DMA) : Parameter (FIFOMode) has Id (SPI1_TX) currently not set
2025-07-09 13:50:22,267 [INFO] ImportTextPane:218 - (OptionalMessage_ERROR) IP (DMA) : Parameter (SignalID) has Id (SPI1_TX) currently not set
2025-07-09 13:50:22,267 [INFO] ImportTextPane:218 - (OptionalMessage_ERROR) IP (DMA) : Parameter (Polarity) has Id (SPI1_TX) currently not set
2025-07-09 13:50:22,268 [INFO] ImportTextPane:218 - (OptionalMessage_ERROR) IP (DMA) : Parameter (RequestNumber) has Id (SPI1_TX) currently not set
2025-07-09 13:50:22,268 [INFO] ImportTextPane:218 - (OptionalMessage_ERROR) IP (DMA) : Parameter (SyncSignalID) has Id (SPI1_TX) currently not set
2025-07-09 13:50:22,268 [INFO] ImportTextPane:218 - (OptionalMessage_ERROR) IP (DMA) : Parameter (SyncPolarity) has Id (SPI1_TX) currently not set
2025-07-09 13:50:22,268 [INFO] ImportTextPane:218 - (OptionalMessage_ERROR) IP (DMA) : Parameter (SyncEnable) has Id (SPI1_TX) currently not set
2025-07-09 13:50:22,268 [INFO] ImportTextPane:218 - (OptionalMessage_ERROR) IP (DMA) : Parameter (EventEnable) has Id (SPI1_TX) currently not set
2025-07-09 13:50:22,268 [INFO] ImportTextPane:218 - (OptionalMessage_ERROR) IP (DMA) : Parameter (SyncRequestNumber) has Id (SPI1_TX) currently not set
2025-07-09 13:50:22,268 [INFO] ImportTextPane:218 - (OptionalMessage_ERROR) IP (DMA) : Parameter (Instance) has Id (DCMI) currently not set
2025-07-09 13:50:22,268 [INFO] ImportTextPane:218 - (OptionalMessage_ERROR) IP (DMA) : Parameter (Request) has Id (DCMI) currently not set
2025-07-09 13:50:22,268 [INFO] ImportTextPane:218 - (OptionalMessage_ERROR) IP (DMA) : Parameter (Direction) has Id (DCMI) currently not set
2025-07-09 13:50:22,268 [INFO] ImportTextPane:218 - (OptionalMessage_ERROR) IP (DMA) : Parameter (PeriphInc) has Id (DCMI) currently not set
2025-07-09 13:50:22,269 [INFO] ImportTextPane:218 - (OptionalMessage_ERROR) IP (DMA) : Parameter (MemInc) has Id (DCMI) currently not set
2025-07-09 13:50:22,269 [INFO] ImportTextPane:218 - (OptionalMessage_ERROR) IP (DMA) : Parameter (PeriphDataAlignment) has Id (DCMI) currently not set
2025-07-09 13:50:22,270 [INFO] ImportTextPane:218 - (OptionalMessage_ERROR) IP (DMA) : Parameter (MemDataAlignment) has Id (DCMI) currently not set
2025-07-09 13:50:22,270 [INFO] ImportTextPane:218 - (OptionalMessage_ERROR) IP (DMA) : Parameter (Mode) has Id (DCMI) currently not set
2025-07-09 13:50:22,270 [INFO] ImportTextPane:218 - (OptionalMessage_ERROR) IP (DMA) : Parameter (Priority) has Id (DCMI) currently not set
2025-07-09 13:50:22,270 [INFO] ImportTextPane:218 - (OptionalMessage_ERROR) IP (DMA) : Parameter (FIFOMode) has Id (DCMI) currently not set
2025-07-09 13:50:22,270 [INFO] ImportTextPane:218 - (OptionalMessage_ERROR) IP (DMA) : Parameter (SignalID) has Id (DCMI) currently not set
2025-07-09 13:50:22,270 [INFO] ImportTextPane:218 - (OptionalMessage_ERROR) IP (DMA) : Parameter (Polarity) has Id (DCMI) currently not set
2025-07-09 13:50:22,270 [INFO] ImportTextPane:218 - (OptionalMessage_ERROR) IP (DMA) : Parameter (RequestNumber) has Id (DCMI) currently not set
2025-07-09 13:50:22,270 [INFO] ImportTextPane:218 - (OptionalMessage_ERROR) IP (DMA) : Parameter (SyncSignalID) has Id (DCMI) currently not set
2025-07-09 13:50:22,271 [INFO] ImportTextPane:218 - (OptionalMessage_ERROR) IP (DMA) : Parameter (SyncPolarity) has Id (DCMI) currently not set
2025-07-09 13:50:22,271 [INFO] ImportTextPane:218 - (OptionalMessage_ERROR) IP (DMA) : Parameter (SyncEnable) has Id (DCMI) currently not set
2025-07-09 13:50:22,271 [INFO] ImportTextPane:218 - (OptionalMessage_ERROR) IP (DMA) : Parameter (EventEnable) has Id (DCMI) currently not set
2025-07-09 13:50:22,271 [INFO] ImportTextPane:218 - (OptionalMessage_ERROR) IP (DMA) : Parameter (SyncRequestNumber) has Id (DCMI) currently not set
2025-07-09 13:50:22,279 [INFO] ImportTextPane:218 - (OptionalMessage_ERROR) IP (RCC) : Parameter (DFSDMACLkFreq_Value) has invalid value (480000000)
2025-07-09 13:50:22,287 [INFO] ImportTextPane:218 - (OptionalMessage_ERROR) IP (RCC) : Parameter (FDCANFreq_Value) has invalid value (480000000)
2025-07-09 13:50:22,287 [INFO] ImportTextPane:218 - (OptionalMessage_ERROR) IP (RCC) : Invalid parameter (FamilyName)
2025-07-09 13:50:22,288 [INFO] ImportTextPane:218 - (OptionalMessage_ERROR) IP (RCC) : Parameter (SAI1Freq_Value) has invalid value (480000000)
2025-07-09 13:50:22,288 [INFO] ImportTextPane:218 - (OptionalMessage_ERROR) IP (RCC) : Parameter (SAI23Freq_Value) has invalid value (480000000)
2025-07-09 13:50:22,288 [INFO] ImportTextPane:218 - (OptionalMessage_ERROR) IP (RCC) : Parameter (SAI4AFreq_Value) has invalid value (480000000)
2025-07-09 13:50:22,288 [INFO] ImportTextPane:218 - (OptionalMessage_ERROR) IP (RCC) : Parameter (SAI4BFreq_Value) has invalid value (480000000)
2025-07-09 13:50:22,288 [INFO] ImportTextPane:218 - (OptionalMessage_ERROR) IP (RCC) : Parameter (SDMMCFreq_Value) has invalid value (480000000)
2025-07-09 13:50:22,288 [INFO] ImportTextPane:218 - (OptionalMessage_ERROR) IP (RCC) : Parameter (SPDIFRXFreq_Value) has invalid value (480000000)
2025-07-09 13:50:22,288 [INFO] ImportTextPane:218 - (OptionalMessage_ERROR) IP (RCC) : Parameter (USBFreq_Value) has invalid value (480000000)
2025-07-09 13:50:23,351 [INFO] ApiDb:581 - Connected to CubeFinder SQLite database (C:\Users\kccistc\.stmcufinder\plugins\mcufinder\mcu\cube-finder-db.db)
2025-07-09 13:50:23,463 [INFO] ApiDb:668 - CubeFinder database Data Model version=2.1
2025-07-09 13:50:23,463 [INFO] ApiDb:669 - CubeFinder database Configuration version=3.0.39
2025-07-09 13:50:23,465 [INFO] ApiDb:670 - CubeFinder database generation date=2025-06-16 (1750072209)
2025-07-09 13:50:23,465 [INFO] ApiDb:671 - CubeFinder database FW Pack versions=[FP-ATR-ASTRA1_V2.0.0, FP-SNS-FLIGHT1_V5.1.0, FP-SNS-MOTENV1_V5.0.0, FP-SNS-MOTENVWB1_V1.4.0, FP-SNS-SMARTAG2_V1.2.0, FP-SNS-STBOX1_V2.0.0, STM32Cube_FW_C0_V1.4.0, STM32Cube_FW_F4_V1.28.2, STM32Cube_FW_F7_V1.17.3, STM32Cube_FW_G0_V1.6.2, STM32Cube_FW_G4_V1.6.1, STM32Cube_FW_H5_V1.5.0, STM32Cube_FW_H7RS_V1.2.0, STM32Cube_FW_H7_V1.12.1, STM32Cube_FW_L0_V1.12.2, STM32Cube_FW_L4_V1.18.1, STM32Cube_FW_L5_V1.5.1, STM32Cube_FW_N6_V1.1.1, STM32Cube_FW_U0_V1.2.0, STM32Cube_FW_U3_V1.1.0, STM32Cube_FW_U5_V1.7.0, STM32Cube_FW_WB0_V1.2.0, STM32Cube_FW_WBA_V1.6.0, STM32Cube_FW_WB_V1.22.0, STM32Cube_FW_WL3_V1.1.0, STM32Cube_FW_WL_V1.3.1, X-CUBE-ALGOBUILD_V1.4.0, X-CUBE-ALS_V1.0.2, X-CUBE-AZRTOS-F4_V1.1.0, X-CUBE-AZRTOS-F7_V1.1.0, X-CUBE-AZRTOS-G0_V1.1.0, X-CUBE-AZRTOS-G4_V2.0.0, X-CUBE-AZRTOS-H7RS_V1.1.0, X-CUBE-AZRTOS-H7_V3.3.0, X-CUBE-AZRTOS-L4_V2.0.0, X-CUBE-AZRTOS-L5_V2.0.0, X-CUBE-AZRTOS-WB_V2.0.0, X-CUBE-AZRTOS-WL_V2.0.0, X-CUBE-BLE1_V7.1.0, X-CUBE-BLE2_V3.3.0, X-CUBE-BLEMGR_V4.0.0, X-CUBE-EEPRMA1_V5.1.0, X-CUBE-FREERTOS_V1.3.1, X-CUBE-GNSS1_V6.0.0, X-CUBE-MEMS1_V11.3.0, X-CUBE-NFC4_V3.0.0, X-CUBE-NFC7_V2.0.0, X-CUBE-SFXS2LP1_V4.0.0, X-CUBE-SUBG2_V5.0.0, X-CUBE-TOF1_V3.4.3]
2025-07-09 13:50:23,579 [INFO] DbBoardsSqlite:226 - include board P-NUCLEO-WB55-NUCLEO as a kit item of type 'Nucleo-64'
2025-07-09 13:50:23,579 [INFO] DbBoardsSqlite:226 - include board P-NUCLEO-WB55-USBDONGLE as a kit item of type 'Nucleo USB Dongle'
2025-07-09 13:50:23,580 [INFO] DbBoardsSqlite:226 - include board STEVAL-IDP005V1 as a kit item of type 'Evaluation Board'
2025-07-09 13:50:23,580 [INFO] DbBoardsSqlite:226 - include board STEVAL-IDP005V2 as a kit item of type 'Evaluation Board'
2025-07-09 13:50:24,025 [INFO] ApiDb:240 - Found 895 in-development CPN: [B-G473E-ZEST1S, B-WB1M-WPAN1, B-WBA5M-WPAN, B-WL5M-SUBG1, NUCLEO-C031C6, NUCLEO-C051C8, NUCLEO-C071RB, NUCLEO-C092RC, NUCLEO-H503RB, NUCLEO-H533RE, NUCLEO-H563ZI, NUCLEO-H7S3L8, NUCLEO-N657X0-Q, NUCLEO-U031R8, NUCLEO-U083RC, NUCLEO-U385RG-Q, NUCLEO-U545RE-Q, NUCLEO-U5A5ZJ-Q, NUCLEO-WB05KZ, NUCLEO-WB07CC, NUCLEO-WB09KE, NUCLEO-WBA52CG, NUCLEO-WBA55CG, NUCLEO-WBA65RI, NUCLEO-WL33CC1, NUCLEO-WL33CC2, STEVAL-PROTEUS1, STEVAL-SMARTAG2, STEVAL-STWINBX1, STM320518-EVAL, STM32C0116-DK, STM32C011D6Y3TR, STM32C011D6Y6TR, STM32C011F4P3, STM32C011F4P6, STM32C011F4U3, STM32C011F4U6TR, STM32C011F6P3, STM32C011F6P6, STM32C011F6U3, STM32C011F6U6TR, STM32C011J4M3, STM32C011J4M6, STM32C011J6M3, STM32C011J6M6, STM32C0316-DK, STM32C031C4T3, STM32C031C4T6, STM32C031C4U3, STM32C031C4U6, STM32C031C6T3, STM32C031C6T6, STM32C031C6U3, STM32C031C6U6, STM32C031F4P3, STM32C031F4P6, STM32C031F6P3, STM32C031F6P6, STM32C031G4U3, STM32C031G4U6, STM32C031G6U3, STM32C031G6U6, STM32C031K4T3, STM32C031K4T6, STM32C031K4U3, STM32C031K4U6, STM32C031K6T3, STM32C031K6T6, STM32C031K6U3, STM32C031K6U6, STM32C051C6T6, STM32C051C6U6, STM32C051C8T6, STM32C051C8U6, STM32C051D8Y6TR, STM32C051F6P6, STM32C051F8P6, STM32C051G6U6, STM32C051G8U6, STM32C051K6T6, STM32C051K6U6, STM32C051K8T6, STM32C071C8T6, STM32C071C8T6N, STM32C071C8U6, STM32C071C8U6N, STM32C071CBT6, STM32C071CBT6N, STM32C071CBU6, STM32C071CBU6N, STM32C071F8P6, STM32C071F8P6N, STM32C071FBP6, STM32C071FBP6N, STM32C071FBY6TR, STM32C071G8U6, STM32C071G8U6N, STM32C071GBU6, STM32C071GBU6N, STM32C071K8T6, STM32C071K8T6N, STM32C071K8U6, STM32C071K8U6N, STM32C071KBT6, STM32C071KBT6N, STM32C071KBU6, STM32C071KBU6N, STM32C071R8T6, STM32C071R8T6N, STM32C071RBI6N, STM32C071RBT6, STM32C071RBT6N, STM32C091CBT6, STM32C091CBU6, STM32C091CCT6, STM32C091CCU6, STM32C091ECY6TR, STM32C091FBP6, STM32C091FCP6, STM32C091GBU6, STM32C091GCU6, STM32C091KBT6, STM32C091KBU6, STM32C091KCT6, STM32C091KCU6, STM32C091RBT6, STM32C091RCI6, STM32C091RCT6, STM32C092CBT6, STM32C092CBU6, STM32C092CCT6, STM32C092CCU6, STM32C092ECY6TR, STM32C092FBP6, STM32C092FCP6, STM32C092GBU6, STM32C092GCU6, STM32C092KBT6, STM32C092KBU6, STM32C092KCT6, STM32C092KCU6, STM32C092RBT6, STM32C092RCI6, STM32C092RCT6, STM32G071K8TXN, STM32G071K8UXN, STM32G081GBU6N, STM32G081KBT6N, STM32G081KBUXN, STM32G0B1CCT6N, STM32G0B1KCT6, STM32G0B1NEY6TR, STM32G0B1RCT6N, STM32G0C1CCT6, STM32G0C1CCT6N, STM32G0C1CCU6N, STM32G0C1CET6N, STM32G0C1CEU6N, STM32G0C1KCT6, STM32G0C1NEY6TR, STM32G0C1RCI6N, STM32G0C1RCT6N, STM32G0C1REI6N, STM32G0C1RET6N, STM32G0C1VCI6, STM32G0C1VEI6, STM32G411C6T3, STM32G411C6T6, STM32G411C6U3, STM32G411C6U6, STM32G411C8T3, STM32G411C8T6, STM32G411C8U3, STM32G411C8U6, STM32G411CBT3, STM32G411CBT6, STM32G411CBU3, STM32G411CBU6, STM32G411CCT3, STM32G411CCT6, STM32G411CCU3, STM32G411CCU6, STM32G411K6T3, STM32G411K6T6, STM32G411K6U3, STM32G411K6U6, STM32G411K8T3, STM32G411K8T6, STM32G411K8U3, STM32G411K8U6, STM32G411KBT3, STM32G411KBT6, STM32G411KBU3, STM32G411KBU6, STM32G411M6T3, STM32G411M6T6, STM32G411M8T3, STM32G411M8T6, STM32G411MBT3, STM32G411MBT6, STM32G411MCT3, STM32G411MCT6, STM32G411R6T3, STM32G411R6T6, STM32G411R8T3, STM32G411R8T6, STM32G411RBT3, STM32G411RBT6, STM32G411RCT3, STM32G411RCT6, STM32G414CBT3, STM32G414CBT6, STM32G414CBU3, STM32G414CBU6, STM32G414CCT3, STM32G414CCT6, STM32G414CCU3, STM32G414CCU6, STM32G414MBT3, STM32G414MBT6, STM32G414MCT3, STM32G414MCT6, STM32G414RBT3, STM32G414RBT6, STM32G414RCT3, STM32G414RCT6, STM32G414VBT3, STM32G414VBT6, STM32G414VCT3, STM32G414VCT6, STM32G431CBT3Z, STM32G431RBT3Z, STM32G471CCT6, STM32G471CCU6, STM32G471CET3, STM32G471CET6, STM32G471CEU3, STM32G471CEU6, STM32G471MCT6, STM32G471MET3, STM32G471MET6, STM32G471MEY6TR, STM32G471QCT6, STM32G471QET3, STM32G471RCT6, STM32G471RET3, STM32G471RET6, STM32G471VCH6, STM32G471VCI6, STM32G471VCT6, STM32G471VEH3, STM32G471VEH6, STM32G471VEI3, STM32G471VEI6, STM32G471VET3, STM32G471VET6, STM32G473QET3Z, STM32G473RET3Z, STM32G474CCT6, STM32G491RET3Z, STM32H503CBT6, STM32H503CBU6, STM32H503EBY6TR, STM32H503KBU6, STM32H503RBT6, STM32H523CCT6, STM32H523CCU6, STM32H523CET6, STM32H523CEU6, STM32H523HEY6TR, STM32H523RCT6, STM32H523RET6, STM32H523VCI6, STM32H523VCT6, STM32H523VEI6, STM32H523VET6, STM32H523ZCJ6, STM32H523ZCT6, STM32H523ZEJ6, STM32H523ZET6, STM32H533CET6, STM32H533CEU6, STM32H533HEY6TR, STM32H533RET6, STM32H533VEI6, STM32H533VET6, STM32H533ZEJ6, STM32H533ZET6, STM32H562AGI6, STM32H562AII6, STM32H562IGK6, STM32H562IGT6, STM32H562IIK6, STM32H562IIT6, STM32H562RGT6, STM32H562RGV6, STM32H562RIT6, STM32H562RIV6, STM32H562VGT6, STM32H562VIT6, STM32H562ZGT6, STM32H562ZIT6, STM32H563AGI6, STM32H563AII3Q, STM32H563AII6, STM32H563IGK6, STM32H563IGT6, STM32H563IIK3Q, STM32H563IIK6, STM32H563IIT3Q, STM32H563IIT6, STM32H563MIY3QTR, STM32H563RGT6, STM32H563RGV6, STM32H563RIT6, STM32H563RIV6, STM32H563VGT6, STM32H563VIT3Q, STM32H563VIT6, STM32H563ZGT6, STM32H563ZIT3Q, STM32H563ZIT6, STM32H573AII3Q, STM32H573AII6, STM32H573I-DK, STM32H573IIK3Q, STM32H573IIK6, STM32H573IIT3Q, STM32H573IIT6, STM32H573MIY3QTR, STM32H573RIT6, STM32H573RIV6, STM32H573VIT3Q, STM32H573VIT6, STM32H573ZIT3Q, STM32H573ZIT6, STM32H7R3A8I6, STM32H7R3I8K6, STM32H7R3I8T6, STM32H7R3L8H6, STM32H7R3L8H6H, STM32H7R3R8V6, STM32H7R3V8H6, STM32H7R3V8T6, STM32H7R3V8Y6TR, STM32H7R3Z8J6, STM32H7R3Z8T6, STM32H7R7A8I6, STM32H7R7I8K6, STM32H7R7I8T6, STM32H7R7L8H6, STM32H7R7L8H6H, STM32H7R7Z8J6, STM32H7S3A8I6, STM32H7S3I8K6, STM32H7S3I8T6, STM32H7S3L8H6, STM32H7S3L8H6H, STM32H7S3R8V6, STM32H7S3V8H6, STM32H7S3V8T6, STM32H7S3V8Y6TR, STM32H7S3Z8J6, STM32H7S3Z8T6, STM32H7S78-DK, STM32H7S7A8I6, STM32H7S7I8K6, STM32H7S7I8T6, STM32H7S7L8H6, STM32H7S7L8H6H, STM32H7S7Z8J6, STM32L4R5QGI6STR, STM32MP131AAE3, STM32MP131AAF3, STM32MP131AAG3, STM32MP131CAE3, STM32MP131CAF3, STM32MP131CAG3, STM32MP131DAE7, STM32MP131DAF7, STM32MP131DAG7, STM32MP131FAE7, STM32MP131FAF7, STM32MP131FAG7, STM32MP133AAE3, STM32MP133AAF3, STM32MP133AAG3, STM32MP133CAE3, STM32MP133CAF3, STM32MP133CAG3, STM32MP133DAE7, STM32MP133DAF7, STM32MP133DAG7, STM32MP133FAE7, STM32MP133FAF7, STM32MP133FAG7, STM32MP135AAE3, STM32MP135AAF3, STM32MP135AAG3, STM32MP135CAE3, STM32MP135CAF3, STM32MP135CAG3, STM32MP135DAE7, STM32MP135DAF7, STM32MP135DAG7, STM32MP135F-DK, STM32MP135FAE7, STM32MP135FAF7, STM32MP135FAF7T, STM32MP135FAF7U, STM32MP135FAG7, STM32MP231AAJ3, STM32MP231AAK3, STM32MP231AAL3, STM32MP231CAJ3, STM32MP231CAK3, STM32MP231CAL3, STM32MP231DAJ3, STM32MP231DAK3, STM32MP231DAL3, STM32MP231FAJ3, STM32MP231FAK3, STM32MP231FAL3, STM32MP233AAJ3, STM32MP233AAK3, STM32MP233AAL3, STM32MP233CAJ3, STM32MP233CAK3, STM32MP233CAL3, STM32MP233DAJ3, STM32MP233DAK3, STM32MP233DAL3, STM32MP233FAJ3, STM32MP233FAK3, STM32MP233FAL3, STM32MP235AAJ3, STM32MP235AAK3, STM32MP235AAL3, STM32MP235CAJ3, STM32MP235CAK3, STM32MP235CAL3, STM32MP235DAJ3, STM32MP235DAK3, STM32MP235DAL3, STM32MP235FAJ3, STM32MP235FAK3, STM32MP235FAL3, STM32MP251AAI3, STM32MP251AAJ3, STM32MP251AAK3, STM32MP251AAL3, STM32MP251CAI3, STM32MP251CAJ3, STM32MP251CAK3, STM32MP251CAL3, STM32MP251DAI3, STM32MP251DAJ3, STM32MP251DAK3, STM32MP251DAL3, STM32MP251FAI3, STM32MP251FAJ3, STM32MP251FAK3, STM32MP251FAL3, STM32MP253AAI3, STM32MP253AAJ3, STM32MP253AAK3, STM32MP253AAL3, STM32MP253CAI3, STM32MP253CAJ3, STM32MP253CAK3, STM32MP253CAL3, STM32MP253DAI3, STM32MP253DAJ3, STM32MP253DAK3, STM32MP253DAL3, STM32MP253FAI3, STM32MP253FAJ3, STM32MP253FAK3, STM32MP253FAL3, STM32MP255AAI3, STM32MP255AAJ3, STM32MP255AAK3, STM32MP255AAL3, STM32MP255CAI3, STM32MP255CAJ3, STM32MP255CAK3, STM32MP255CAL3, STM32MP255DAI3, STM32MP255DAJ3, STM32MP255DAK3, STM32MP255DAL3, STM32MP255FAI3, STM32MP255FAJ3, STM32MP255FAK3, STM32MP255FAL3, STM32MP257AAI3, STM32MP257AAJ3, STM32MP257AAK3, STM32MP257AAL3, STM32MP257CAI3, STM32MP257CAJ3, STM32MP257CAK3, STM32MP257CAL3, STM32MP257DAI3, STM32MP257DAJ3, STM32MP257DAK3, STM32MP257DAL3, STM32MP257F-DK, STM32MP257F-EV1, STM32MP257FAI3, STM32MP257FAJ3, STM32MP257FAK3, STM32MP257FAL3, STM32N645A0H3Q, STM32N645B0H3Q, STM32N645I0H3Q, STM32N645L0H3Q, STM32N645X0H3Q, STM32N645Z0H3Q, STM32N647A0H3Q, STM32N647B0H3Q, STM32N647I0H3Q, STM32N647L0H3Q, STM32N647X0H3Q, STM32N647Z0H3Q, STM32N655A0H3Q, STM32N655B0H3Q, STM32N655I0H3Q, STM32N655L0H3Q, STM32N655X0H3Q, STM32N655Z0H3Q, STM32N6570-DK, STM32N657A0H3Q, STM32N657B0H3Q, STM32N657I0H3Q, STM32N657L0H3Q, STM32N657X0H3Q, STM32N657Z0H3Q, STM32U031C6T6, STM32U031C6U6, STM32U031C8T6, STM32U031C8U6, STM32U031F4P6, STM32U031F6P6, STM32U031F8P6, STM32U031G6Y6TR, STM32U031G8Y6TR, STM32U031K4U6, STM32U031K6U6, STM32U031K8U6, STM32U031R6I6, STM32U031R6T6, STM32U031R8I6, STM32U031R8T6, STM32U073C8T6, STM32U073C8U6, STM32U073CBT6, STM32U073CBU6, STM32U073CCT6, STM32U073CCU6, STM32U073H8Y6TR, STM32U073HBY6TR, STM32U073HCY6TR, STM32U073K8U6, STM32U073KBU6, STM32U073KCU6, STM32U073M8I6, STM32U073M8T6, STM32U073MBI6, STM32U073MBT6, STM32U073MCI6, STM32U073MCT6, STM32U073R8I6, STM32U073R8T6, STM32U073RBI6, STM32U073RBT6, STM32U073RCI6, STM32U073RCT6, STM32U083C-DK, STM32U083CCT6, STM32U083CCU6, STM32U083HCY6TR, STM32U083KCU6, STM32U083MCI6, STM32U083MCT6, STM32U083RCI6, STM32U083RCT6, STM32U375CET6, STM32U375CET6Q, STM32U375CEU6, STM32U375CEU6Q, STM32U375CEY6QTR, STM32U375CGT6, STM32U375CGT6Q, STM32U375CGU6, STM32U375CGU6Q, STM32U375CGY6QTR, STM32U375KEU6, STM32U375KGU6, STM32U375REI6, STM32U375REI6Q, STM32U375RET6, STM32U375RET6Q, STM32U375REY6GTR, STM32U375REY6QTR, STM32U375RGI6, STM32U375RGI6Q, STM32U375RGT6, STM32U375RGT6Q, STM32U375RGY6GTR, STM32U375RGY6QTR, STM32U375VEI6, STM32U375VEI6Q, STM32U375VET6, STM32U375VET6Q, STM32U375VGI6, STM32U375VGI6Q, STM32U375VGT6, STM32U375VGT6Q, STM32U385CGT6, STM32U385CGT6Q, STM32U385CGU6, STM32U385CGU6Q, STM32U385CGY6QTR, STM32U385KGU6, STM32U385RGI6, STM32U385RGI6Q, STM32U385RGT6, STM32U385RGT6Q, STM32U385RGY6GTR, STM32U385RGY6QTR, STM32U385VGI6, STM32U385VGI6Q, STM32U385VGT6, STM32U385VGT6Q, STM32U535CBT6, STM32U535CBT6Q, STM32U535CBU6, STM32U535CBU6Q, STM32U535CCT6, STM32U535CCT6Q, STM32U535CCU6, STM32U535CCU6Q, STM32U535CET6, STM32U535CET6Q, STM32U535CEU6, STM32U535CEU6Q, STM32U535JEY6QTR, STM32U535NCY6QTR, STM32U535NEY6QTR, STM32U535RBI6, STM32U535RBI6Q, STM32U535RBT6, STM32U535RBT6Q, STM32U535RCI6, STM32U535RCI6Q, STM32U535RCT6, STM32U535RCT6Q, STM32U535REI6, STM32U535REI6Q, STM32U535RET6, STM32U535RET6Q, STM32U535VCI6, STM32U535VCI6Q, STM32U535VCT6, STM32U535VCT6Q, STM32U535VEI6, STM32U535VEI6Q, STM32U535VET6, STM32U535VET6Q, STM32U545CET6, STM32U545CET6Q, STM32U545CEU6, STM32U545CEU6Q, STM32U545JEY6QTR, STM32U545NEY6QTR, STM32U545REI6, STM32U545REI6Q, STM32U545RET6, STM32U545RET6Q, STM32U545VEI6, STM32U545VEI6Q, STM32U545VET6, STM32U545VET6Q, STM32U595AIH6, STM32U595AIH6Q, STM32U595AJH6, STM32U595AJH6Q, STM32U595QII6, STM32U595QII6Q, STM32U595QJI6, STM32U595QJI6Q, STM32U595RIT6, STM32U595RIT6Q, STM32U595RJT6, STM32U595RJT6Q, STM32U595VIT6, STM32U595VIT6Q, STM32U595VJT6, STM32U595VJT6Q, STM32U595ZIT6, STM32U595ZIT6Q, STM32U595ZIY6QTR, STM32U595ZJT6, STM32U595ZJT6Q, STM32U595ZJY6QTR, STM32U599BJY6QTR, STM32U599NIH6Q, STM32U599NJH6Q, STM32U599VIT6Q, STM32U599VJT6, STM32U599VJT6Q, STM32U599ZIT6Q, STM32U599ZIY6QTR, STM32U599ZJT6Q, STM32U599ZJY6QTR, STM32U5A5AJH6, STM32U5A5AJH6Q, STM32U5A5QII3Q , STM32U5A5QJI6, STM32U5A5QJI6Q, STM32U5A5RJT6, STM32U5A5RJT6Q, STM32U5A5VJT6, STM32U5A5VJT6Q, STM32U5A5ZJT6, STM32U5A5ZJT6Q, STM32U5A5ZJY6QTR, STM32U5A9BJY6QTR, STM32U5A9J-DK, STM32U5A9NJH6Q, STM32U5A9VJT6Q, STM32U5A9ZJT6Q, STM32U5A9ZJY6QTR, STM32U5F7VIT6, STM32U5F7VIT6Q, STM32U5F7VJT6, STM32U5F7VJT6Q, STM32U5F9BJY6QTR, STM32U5F9NJH6Q, STM32U5F9VIT6Q, STM32U5F9VJT6Q, STM32U5F9ZIJ6QTR, STM32U5F9ZIT6Q, STM32U5F9ZJJ6QTR, STM32U5F9ZJT6Q, STM32U5G7VJT6, STM32U5G7VJT6Q, STM32U5G9BJY6QTR, STM32U5G9J-DK1, STM32U5G9J-DK2, STM32U5G9NJH6Q, STM32U5G9VJT6Q, STM32U5G9ZJJ6QTR, STM32U5G9ZJT6Q, STM32WB05KZV6TR, STM32WB05KZV7TR, STM32WB05TZF6TR, STM32WB05TZF7TR, STM32WB06CCF6TR, STM32WB06CCF7TR, STM32WB06CCV6TR, STM32WB06CCV7TR, STM32WB06KCV6TR, STM32WB06KCV7TR, STM32WB07CCF6TR, STM32WB07CCF7TR, STM32WB07CCV6TR, STM32WB07CCV7TR, STM32WB07KCV6TR, STM32WB07KCV7TR, STM32WB09KEV6TR, STM32WB09KEV7TR, STM32WB09TEF6TR, STM32WB09TEF7TR, STM32WB1MMCH6, STM32WBA50KGU6, STM32WBA50KGU6TR, STM32WBA52CEU6, STM32WBA52CEU6TR, STM32WBA52CEU7, STM32WBA52CEU7TR, STM32WBA52CGU6, STM32WBA52CGU6TR, STM32WBA52CGU6U, STM32WBA52CGU7, STM32WBA52CGU7TR, STM32WBA52KEU6, STM32WBA52KEU6TR, STM32WBA52KGU6, STM32WBA52KGU6TR, STM32WBA54CEU6, STM32WBA54CEU6TR, STM32WBA54CEU7, STM32WBA54CEU7TR, STM32WBA54CGU6, STM32WBA54CGU6TR, STM32WBA54CGU7, STM32WBA54CGU7TR, STM32WBA54KEU6, STM32WBA54KEU6TR, STM32WBA54KEU7, STM32WBA54KEU7TR, STM32WBA54KGU6, STM32WBA54KGU6TR, STM32WBA54KGU7, STM32WBA54KGU7TR, STM32WBA55CEU6, STM32WBA55CEU6TR, STM32WBA55CEU7, STM32WBA55CEU7TR, STM32WBA55CGU6, STM32WBA55CGU6TR, STM32WBA55CGU6U, STM32WBA55CGU7, STM32WBA55CGU7TR, STM32WBA55G-DK1, STM32WBA55HEF6, STM32WBA55HEF7, STM32WBA55HGF6, STM32WBA55HGF7, STM32WBA55UEI6, STM32WBA55UEI6TR, STM32WBA55UEI7, STM32WBA55UEI7TR, STM32WBA55UGI6, STM32WBA55UGI6TR, STM32WBA55UGI7, STM32WBA55UGI7TR, STM32WBA5MJGH6TR, STM32WBA62CGU6, STM32WBA62CIU6, STM32WBA62MGF6, STM32WBA62MIF6, STM32WBA62PGI6, STM32WBA62PII6, STM32WBA63CGU6, STM32WBA63CGU7, STM32WBA63CIU6, STM32WBA63CIU7, STM32WBA64CGU6, STM32WBA64CGU7, STM32WBA64CIU6, STM32WBA64CIU7, STM32WBA65CGU6, STM32WBA65CGU7, STM32WBA65CIU6, STM32WBA65CIU7, STM32WBA65I-DK1, STM32WBA65MGF6, STM32WBA65MGF7, STM32WBA65MIF6, STM32WBA65MIF7, STM32WBA65PGI6, STM32WBA65PGI7, STM32WBA65PII6, STM32WBA65PII7, STM32WBA65RGV6, STM32WBA65RGV7, STM32WBA65RIV6, STM32WBA65RIV7, STM32WL30K8V6, STM32WL30KBV6, STM32WL31C8V6, STM32WL31CBV6, STM32WL31K8V6, STM32WL31KBV6, STM32WL33C8V6, STM32WL33C8V6TR, STM32WL33C8V7, STM32WL33C8V7TR, STM32WL33CBV6, STM32WL33CBV6TR, STM32WL33CBV7, STM32WL33CBV7TR, STM32WL33CCV6, STM32WL33CCV6TR, STM32WL33CCV7, STM32WL33CCV7A, STM32WL33CCV7ATR, STM32WL33CCV7TR, STM32WL33K8V6, STM32WL33K8V6TR, STM32WL33K8V7, STM32WL33K8V7TR, STM32WL33KBV6, STM32WL33KBV6TR, STM32WL33KBV7, STM32WL33KBV7TR, STM32WL33KCV6, STM32WL33KCV6TR, STM32WL33KCV7, STM32WL33KCV7TR, STM32WL5MOCH6, STM32WL5MOCH6TR]
2025-07-09 13:50:24,220 [INFO] BoardInfo:889 - No configuration file found for board P-NUCLEO-WB55
2025-07-09 13:50:24,221 [INFO] DbBoards:161 - Kit is not supported: P-NUCLEO-WB55
2025-07-09 13:50:24,226 [INFO] BoardInfo:889 - No configuration file found for board STEVAL-BFA001V1B
2025-07-09 13:50:24,228 [INFO] DbBoards:161 - Kit is not supported: STEVAL-BFA001V1B
2025-07-09 13:50:24,229 [INFO] BoardInfo:889 - No configuration file found for board STEVAL-BFA001V2B
2025-07-09 13:50:24,230 [INFO] DbBoards:161 - Kit is not supported: STEVAL-BFA001V2B
2025-07-09 13:50:24,430 [INFO] DbBoards:168 - Found 211 boards, 208 are supported
2025-07-09 13:50:24,430 [INFO] DbBoards:169 - Found 211 boards, 43 of them is supported for  Bsp
2025-07-09 13:50:24,435 [INFO] ApiDb:668 - CubeFinder database Data Model version=2.1
2025-07-09 13:50:24,435 [INFO] ApiDb:669 - CubeFinder database Configuration version=3.0.39
2025-07-09 13:50:24,436 [INFO] ApiDb:670 - CubeFinder database generation date=2025-06-16 (1750072209)
2025-07-09 13:50:24,436 [INFO] ApiDb:671 - CubeFinder database FW Pack versions=[FP-ATR-ASTRA1_V2.0.0, FP-SNS-FLIGHT1_V5.1.0, FP-SNS-MOTENV1_V5.0.0, FP-SNS-MOTENVWB1_V1.4.0, FP-SNS-SMARTAG2_V1.2.0, FP-SNS-STBOX1_V2.0.0, STM32Cube_FW_C0_V1.4.0, STM32Cube_FW_F4_V1.28.2, STM32Cube_FW_F7_V1.17.3, STM32Cube_FW_G0_V1.6.2, STM32Cube_FW_G4_V1.6.1, STM32Cube_FW_H5_V1.5.0, STM32Cube_FW_H7RS_V1.2.0, STM32Cube_FW_H7_V1.12.1, STM32Cube_FW_L0_V1.12.2, STM32Cube_FW_L4_V1.18.1, STM32Cube_FW_L5_V1.5.1, STM32Cube_FW_N6_V1.1.1, STM32Cube_FW_U0_V1.2.0, STM32Cube_FW_U3_V1.1.0, STM32Cube_FW_U5_V1.7.0, STM32Cube_FW_WB0_V1.2.0, STM32Cube_FW_WBA_V1.6.0, STM32Cube_FW_WB_V1.22.0, STM32Cube_FW_WL3_V1.1.0, STM32Cube_FW_WL_V1.3.1, X-CUBE-ALGOBUILD_V1.4.0, X-CUBE-ALS_V1.0.2, X-CUBE-AZRTOS-F4_V1.1.0, X-CUBE-AZRTOS-F7_V1.1.0, X-CUBE-AZRTOS-G0_V1.1.0, X-CUBE-AZRTOS-G4_V2.0.0, X-CUBE-AZRTOS-H7RS_V1.1.0, X-CUBE-AZRTOS-H7_V3.3.0, X-CUBE-AZRTOS-L4_V2.0.0, X-CUBE-AZRTOS-L5_V2.0.0, X-CUBE-AZRTOS-WB_V2.0.0, X-CUBE-AZRTOS-WL_V2.0.0, X-CUBE-BLE1_V7.1.0, X-CUBE-BLE2_V3.3.0, X-CUBE-BLEMGR_V4.0.0, X-CUBE-EEPRMA1_V5.1.0, X-CUBE-FREERTOS_V1.3.1, X-CUBE-GNSS1_V6.0.0, X-CUBE-MEMS1_V11.3.0, X-CUBE-NFC4_V3.0.0, X-CUBE-NFC7_V2.0.0, X-CUBE-SFXS2LP1_V4.0.0, X-CUBE-SUBG2_V5.0.0, X-CUBE-TOF1_V3.4.3]
2025-07-09 13:50:26,155 [INFO] ApiDb:240 - Found 895 in-development CPN: [B-G473E-ZEST1S, B-WB1M-WPAN1, B-WBA5M-WPAN, B-WL5M-SUBG1, NUCLEO-C031C6, NUCLEO-C051C8, NUCLEO-C071RB, NUCLEO-C092RC, NUCLEO-H503RB, NUCLEO-H533RE, NUCLEO-H563ZI, NUCLEO-H7S3L8, NUCLEO-N657X0-Q, NUCLEO-U031R8, NUCLEO-U083RC, NUCLEO-U385RG-Q, NUCLEO-U545RE-Q, NUCLEO-U5A5ZJ-Q, NUCLEO-WB05KZ, NUCLEO-WB07CC, NUCLEO-WB09KE, NUCLEO-WBA52CG, NUCLEO-WBA55CG, NUCLEO-WBA65RI, NUCLEO-WL33CC1, NUCLEO-WL33CC2, STEVAL-PROTEUS1, STEVAL-SMARTAG2, STEVAL-STWINBX1, STM320518-EVAL, STM32C0116-DK, STM32C011D6Y3TR, STM32C011D6Y6TR, STM32C011F4P3, STM32C011F4P6, STM32C011F4U3, STM32C011F4U6TR, STM32C011F6P3, STM32C011F6P6, STM32C011F6U3, STM32C011F6U6TR, STM32C011J4M3, STM32C011J4M6, STM32C011J6M3, STM32C011J6M6, STM32C0316-DK, STM32C031C4T3, STM32C031C4T6, STM32C031C4U3, STM32C031C4U6, STM32C031C6T3, STM32C031C6T6, STM32C031C6U3, STM32C031C6U6, STM32C031F4P3, STM32C031F4P6, STM32C031F6P3, STM32C031F6P6, STM32C031G4U3, STM32C031G4U6, STM32C031G6U3, STM32C031G6U6, STM32C031K4T3, STM32C031K4T6, STM32C031K4U3, STM32C031K4U6, STM32C031K6T3, STM32C031K6T6, STM32C031K6U3, STM32C031K6U6, STM32C051C6T6, STM32C051C6U6, STM32C051C8T6, STM32C051C8U6, STM32C051D8Y6TR, STM32C051F6P6, STM32C051F8P6, STM32C051G6U6, STM32C051G8U6, STM32C051K6T6, STM32C051K6U6, STM32C051K8T6, STM32C071C8T6, STM32C071C8T6N, STM32C071C8U6, STM32C071C8U6N, STM32C071CBT6, STM32C071CBT6N, STM32C071CBU6, STM32C071CBU6N, STM32C071F8P6, STM32C071F8P6N, STM32C071FBP6, STM32C071FBP6N, STM32C071FBY6TR, STM32C071G8U6, STM32C071G8U6N, STM32C071GBU6, STM32C071GBU6N, STM32C071K8T6, STM32C071K8T6N, STM32C071K8U6, STM32C071K8U6N, STM32C071KBT6, STM32C071KBT6N, STM32C071KBU6, STM32C071KBU6N, STM32C071R8T6, STM32C071R8T6N, STM32C071RBI6N, STM32C071RBT6, STM32C071RBT6N, STM32C091CBT6, STM32C091CBU6, STM32C091CCT6, STM32C091CCU6, STM32C091ECY6TR, STM32C091FBP6, STM32C091FCP6, STM32C091GBU6, STM32C091GCU6, STM32C091KBT6, STM32C091KBU6, STM32C091KCT6, STM32C091KCU6, STM32C091RBT6, STM32C091RCI6, STM32C091RCT6, STM32C092CBT6, STM32C092CBU6, STM32C092CCT6, STM32C092CCU6, STM32C092ECY6TR, STM32C092FBP6, STM32C092FCP6, STM32C092GBU6, STM32C092GCU6, STM32C092KBT6, STM32C092KBU6, STM32C092KCT6, STM32C092KCU6, STM32C092RBT6, STM32C092RCI6, STM32C092RCT6, STM32G071K8TXN, STM32G071K8UXN, STM32G081GBU6N, STM32G081KBT6N, STM32G081KBUXN, STM32G0B1CCT6N, STM32G0B1KCT6, STM32G0B1NEY6TR, STM32G0B1RCT6N, STM32G0C1CCT6, STM32G0C1CCT6N, STM32G0C1CCU6N, STM32G0C1CET6N, STM32G0C1CEU6N, STM32G0C1KCT6, STM32G0C1NEY6TR, STM32G0C1RCI6N, STM32G0C1RCT6N, STM32G0C1REI6N, STM32G0C1RET6N, STM32G0C1VCI6, STM32G0C1VEI6, STM32G411C6T3, STM32G411C6T6, STM32G411C6U3, STM32G411C6U6, STM32G411C8T3, STM32G411C8T6, STM32G411C8U3, STM32G411C8U6, STM32G411CBT3, STM32G411CBT6, STM32G411CBU3, STM32G411CBU6, STM32G411CCT3, STM32G411CCT6, STM32G411CCU3, STM32G411CCU6, STM32G411K6T3, STM32G411K6T6, STM32G411K6U3, STM32G411K6U6, STM32G411K8T3, STM32G411K8T6, STM32G411K8U3, STM32G411K8U6, STM32G411KBT3, STM32G411KBT6, STM32G411KBU3, STM32G411KBU6, STM32G411M6T3, STM32G411M6T6, STM32G411M8T3, STM32G411M8T6, STM32G411MBT3, STM32G411MBT6, STM32G411MCT3, STM32G411MCT6, STM32G411R6T3, STM32G411R6T6, STM32G411R8T3, STM32G411R8T6, STM32G411RBT3, STM32G411RBT6, STM32G411RCT3, STM32G411RCT6, STM32G414CBT3, STM32G414CBT6, STM32G414CBU3, STM32G414CBU6, STM32G414CCT3, STM32G414CCT6, STM32G414CCU3, STM32G414CCU6, STM32G414MBT3, STM32G414MBT6, STM32G414MCT3, STM32G414MCT6, STM32G414RBT3, STM32G414RBT6, STM32G414RCT3, STM32G414RCT6, STM32G414VBT3, STM32G414VBT6, STM32G414VCT3, STM32G414VCT6, STM32G431CBT3Z, STM32G431RBT3Z, STM32G471CCT6, STM32G471CCU6, STM32G471CET3, STM32G471CET6, STM32G471CEU3, STM32G471CEU6, STM32G471MCT6, STM32G471MET3, STM32G471MET6, STM32G471MEY6TR, STM32G471QCT6, STM32G471QET3, STM32G471RCT6, STM32G471RET3, STM32G471RET6, STM32G471VCH6, STM32G471VCI6, STM32G471VCT6, STM32G471VEH3, STM32G471VEH6, STM32G471VEI3, STM32G471VEI6, STM32G471VET3, STM32G471VET6, STM32G473QET3Z, STM32G473RET3Z, STM32G474CCT6, STM32G491RET3Z, STM32H503CBT6, STM32H503CBU6, STM32H503EBY6TR, STM32H503KBU6, STM32H503RBT6, STM32H523CCT6, STM32H523CCU6, STM32H523CET6, STM32H523CEU6, STM32H523HEY6TR, STM32H523RCT6, STM32H523RET6, STM32H523VCI6, STM32H523VCT6, STM32H523VEI6, STM32H523VET6, STM32H523ZCJ6, STM32H523ZCT6, STM32H523ZEJ6, STM32H523ZET6, STM32H533CET6, STM32H533CEU6, STM32H533HEY6TR, STM32H533RET6, STM32H533VEI6, STM32H533VET6, STM32H533ZEJ6, STM32H533ZET6, STM32H562AGI6, STM32H562AII6, STM32H562IGK6, STM32H562IGT6, STM32H562IIK6, STM32H562IIT6, STM32H562RGT6, STM32H562RGV6, STM32H562RIT6, STM32H562RIV6, STM32H562VGT6, STM32H562VIT6, STM32H562ZGT6, STM32H562ZIT6, STM32H563AGI6, STM32H563AII3Q, STM32H563AII6, STM32H563IGK6, STM32H563IGT6, STM32H563IIK3Q, STM32H563IIK6, STM32H563IIT3Q, STM32H563IIT6, STM32H563MIY3QTR, STM32H563RGT6, STM32H563RGV6, STM32H563RIT6, STM32H563RIV6, STM32H563VGT6, STM32H563VIT3Q, STM32H563VIT6, STM32H563ZGT6, STM32H563ZIT3Q, STM32H563ZIT6, STM32H573AII3Q, STM32H573AII6, STM32H573I-DK, STM32H573IIK3Q, STM32H573IIK6, STM32H573IIT3Q, STM32H573IIT6, STM32H573MIY3QTR, STM32H573RIT6, STM32H573RIV6, STM32H573VIT3Q, STM32H573VIT6, STM32H573ZIT3Q, STM32H573ZIT6, STM32H7R3A8I6, STM32H7R3I8K6, STM32H7R3I8T6, STM32H7R3L8H6, STM32H7R3L8H6H, STM32H7R3R8V6, STM32H7R3V8H6, STM32H7R3V8T6, STM32H7R3V8Y6TR, STM32H7R3Z8J6, STM32H7R3Z8T6, STM32H7R7A8I6, STM32H7R7I8K6, STM32H7R7I8T6, STM32H7R7L8H6, STM32H7R7L8H6H, STM32H7R7Z8J6, STM32H7S3A8I6, STM32H7S3I8K6, STM32H7S3I8T6, STM32H7S3L8H6, STM32H7S3L8H6H, STM32H7S3R8V6, STM32H7S3V8H6, STM32H7S3V8T6, STM32H7S3V8Y6TR, STM32H7S3Z8J6, STM32H7S3Z8T6, STM32H7S78-DK, STM32H7S7A8I6, STM32H7S7I8K6, STM32H7S7I8T6, STM32H7S7L8H6, STM32H7S7L8H6H, STM32H7S7Z8J6, STM32L4R5QGI6STR, STM32MP131AAE3, STM32MP131AAF3, STM32MP131AAG3, STM32MP131CAE3, STM32MP131CAF3, STM32MP131CAG3, STM32MP131DAE7, STM32MP131DAF7, STM32MP131DAG7, STM32MP131FAE7, STM32MP131FAF7, STM32MP131FAG7, STM32MP133AAE3, STM32MP133AAF3, STM32MP133AAG3, STM32MP133CAE3, STM32MP133CAF3, STM32MP133CAG3, STM32MP133DAE7, STM32MP133DAF7, STM32MP133DAG7, STM32MP133FAE7, STM32MP133FAF7, STM32MP133FAG7, STM32MP135AAE3, STM32MP135AAF3, STM32MP135AAG3, STM32MP135CAE3, STM32MP135CAF3, STM32MP135CAG3, STM32MP135DAE7, STM32MP135DAF7, STM32MP135DAG7, STM32MP135F-DK, STM32MP135FAE7, STM32MP135FAF7, STM32MP135FAF7T, STM32MP135FAF7U, STM32MP135FAG7, STM32MP231AAJ3, STM32MP231AAK3, STM32MP231AAL3, STM32MP231CAJ3, STM32MP231CAK3, STM32MP231CAL3, STM32MP231DAJ3, STM32MP231DAK3, STM32MP231DAL3, STM32MP231FAJ3, STM32MP231FAK3, STM32MP231FAL3, STM32MP233AAJ3, STM32MP233AAK3, STM32MP233AAL3, STM32MP233CAJ3, STM32MP233CAK3, STM32MP233CAL3, STM32MP233DAJ3, STM32MP233DAK3, STM32MP233DAL3, STM32MP233FAJ3, STM32MP233FAK3, STM32MP233FAL3, STM32MP235AAJ3, STM32MP235AAK3, STM32MP235AAL3, STM32MP235CAJ3, STM32MP235CAK3, STM32MP235CAL3, STM32MP235DAJ3, STM32MP235DAK3, STM32MP235DAL3, STM32MP235FAJ3, STM32MP235FAK3, STM32MP235FAL3, STM32MP251AAI3, STM32MP251AAJ3, STM32MP251AAK3, STM32MP251AAL3, STM32MP251CAI3, STM32MP251CAJ3, STM32MP251CAK3, STM32MP251CAL3, STM32MP251DAI3, STM32MP251DAJ3, STM32MP251DAK3, STM32MP251DAL3, STM32MP251FAI3, STM32MP251FAJ3, STM32MP251FAK3, STM32MP251FAL3, STM32MP253AAI3, STM32MP253AAJ3, STM32MP253AAK3, STM32MP253AAL3, STM32MP253CAI3, STM32MP253CAJ3, STM32MP253CAK3, STM32MP253CAL3, STM32MP253DAI3, STM32MP253DAJ3, STM32MP253DAK3, STM32MP253DAL3, STM32MP253FAI3, STM32MP253FAJ3, STM32MP253FAK3, STM32MP253FAL3, STM32MP255AAI3, STM32MP255AAJ3, STM32MP255AAK3, STM32MP255AAL3, STM32MP255CAI3, STM32MP255CAJ3, STM32MP255CAK3, STM32MP255CAL3, STM32MP255DAI3, STM32MP255DAJ3, STM32MP255DAK3, STM32MP255DAL3, STM32MP255FAI3, STM32MP255FAJ3, STM32MP255FAK3, STM32MP255FAL3, STM32MP257AAI3, STM32MP257AAJ3, STM32MP257AAK3, STM32MP257AAL3, STM32MP257CAI3, STM32MP257CAJ3, STM32MP257CAK3, STM32MP257CAL3, STM32MP257DAI3, STM32MP257DAJ3, STM32MP257DAK3, STM32MP257DAL3, STM32MP257F-DK, STM32MP257F-EV1, STM32MP257FAI3, STM32MP257FAJ3, STM32MP257FAK3, STM32MP257FAL3, STM32N645A0H3Q, STM32N645B0H3Q, STM32N645I0H3Q, STM32N645L0H3Q, STM32N645X0H3Q, STM32N645Z0H3Q, STM32N647A0H3Q, STM32N647B0H3Q, STM32N647I0H3Q, STM32N647L0H3Q, STM32N647X0H3Q, STM32N647Z0H3Q, STM32N655A0H3Q, STM32N655B0H3Q, STM32N655I0H3Q, STM32N655L0H3Q, STM32N655X0H3Q, STM32N655Z0H3Q, STM32N6570-DK, STM32N657A0H3Q, STM32N657B0H3Q, STM32N657I0H3Q, STM32N657L0H3Q, STM32N657X0H3Q, STM32N657Z0H3Q, STM32U031C6T6, STM32U031C6U6, STM32U031C8T6, STM32U031C8U6, STM32U031F4P6, STM32U031F6P6, STM32U031F8P6, STM32U031G6Y6TR, STM32U031G8Y6TR, STM32U031K4U6, STM32U031K6U6, STM32U031K8U6, STM32U031R6I6, STM32U031R6T6, STM32U031R8I6, STM32U031R8T6, STM32U073C8T6, STM32U073C8U6, STM32U073CBT6, STM32U073CBU6, STM32U073CCT6, STM32U073CCU6, STM32U073H8Y6TR, STM32U073HBY6TR, STM32U073HCY6TR, STM32U073K8U6, STM32U073KBU6, STM32U073KCU6, STM32U073M8I6, STM32U073M8T6, STM32U073MBI6, STM32U073MBT6, STM32U073MCI6, STM32U073MCT6, STM32U073R8I6, STM32U073R8T6, STM32U073RBI6, STM32U073RBT6, STM32U073RCI6, STM32U073RCT6, STM32U083C-DK, STM32U083CCT6, STM32U083CCU6, STM32U083HCY6TR, STM32U083KCU6, STM32U083MCI6, STM32U083MCT6, STM32U083RCI6, STM32U083RCT6, STM32U375CET6, STM32U375CET6Q, STM32U375CEU6, STM32U375CEU6Q, STM32U375CEY6QTR, STM32U375CGT6, STM32U375CGT6Q, STM32U375CGU6, STM32U375CGU6Q, STM32U375CGY6QTR, STM32U375KEU6, STM32U375KGU6, STM32U375REI6, STM32U375REI6Q, STM32U375RET6, STM32U375RET6Q, STM32U375REY6GTR, STM32U375REY6QTR, STM32U375RGI6, STM32U375RGI6Q, STM32U375RGT6, STM32U375RGT6Q, STM32U375RGY6GTR, STM32U375RGY6QTR, STM32U375VEI6, STM32U375VEI6Q, STM32U375VET6, STM32U375VET6Q, STM32U375VGI6, STM32U375VGI6Q, STM32U375VGT6, STM32U375VGT6Q, STM32U385CGT6, STM32U385CGT6Q, STM32U385CGU6, STM32U385CGU6Q, STM32U385CGY6QTR, STM32U385KGU6, STM32U385RGI6, STM32U385RGI6Q, STM32U385RGT6, STM32U385RGT6Q, STM32U385RGY6GTR, STM32U385RGY6QTR, STM32U385VGI6, STM32U385VGI6Q, STM32U385VGT6, STM32U385VGT6Q, STM32U535CBT6, STM32U535CBT6Q, STM32U535CBU6, STM32U535CBU6Q, STM32U535CCT6, STM32U535CCT6Q, STM32U535CCU6, STM32U535CCU6Q, STM32U535CET6, STM32U535CET6Q, STM32U535CEU6, STM32U535CEU6Q, STM32U535JEY6QTR, STM32U535NCY6QTR, STM32U535NEY6QTR, STM32U535RBI6, STM32U535RBI6Q, STM32U535RBT6, STM32U535RBT6Q, STM32U535RCI6, STM32U535RCI6Q, STM32U535RCT6, STM32U535RCT6Q, STM32U535REI6, STM32U535REI6Q, STM32U535RET6, STM32U535RET6Q, STM32U535VCI6, STM32U535VCI6Q, STM32U535VCT6, STM32U535VCT6Q, STM32U535VEI6, STM32U535VEI6Q, STM32U535VET6, STM32U535VET6Q, STM32U545CET6, STM32U545CET6Q, STM32U545CEU6, STM32U545CEU6Q, STM32U545JEY6QTR, STM32U545NEY6QTR, STM32U545REI6, STM32U545REI6Q, STM32U545RET6, STM32U545RET6Q, STM32U545VEI6, STM32U545VEI6Q, STM32U545VET6, STM32U545VET6Q, STM32U595AIH6, STM32U595AIH6Q, STM32U595AJH6, STM32U595AJH6Q, STM32U595QII6, STM32U595QII6Q, STM32U595QJI6, STM32U595QJI6Q, STM32U595RIT6, STM32U595RIT6Q, STM32U595RJT6, STM32U595RJT6Q, STM32U595VIT6, STM32U595VIT6Q, STM32U595VJT6, STM32U595VJT6Q, STM32U595ZIT6, STM32U595ZIT6Q, STM32U595ZIY6QTR, STM32U595ZJT6, STM32U595ZJT6Q, STM32U595ZJY6QTR, STM32U599BJY6QTR, STM32U599NIH6Q, STM32U599NJH6Q, STM32U599VIT6Q, STM32U599VJT6, STM32U599VJT6Q, STM32U599ZIT6Q, STM32U599ZIY6QTR, STM32U599ZJT6Q, STM32U599ZJY6QTR, STM32U5A5AJH6, STM32U5A5AJH6Q, STM32U5A5QII3Q , STM32U5A5QJI6, STM32U5A5QJI6Q, STM32U5A5RJT6, STM32U5A5RJT6Q, STM32U5A5VJT6, STM32U5A5VJT6Q, STM32U5A5ZJT6, STM32U5A5ZJT6Q, STM32U5A5ZJY6QTR, STM32U5A9BJY6QTR, STM32U5A9J-DK, STM32U5A9NJH6Q, STM32U5A9VJT6Q, STM32U5A9ZJT6Q, STM32U5A9ZJY6QTR, STM32U5F7VIT6, STM32U5F7VIT6Q, STM32U5F7VJT6, STM32U5F7VJT6Q, STM32U5F9BJY6QTR, STM32U5F9NJH6Q, STM32U5F9VIT6Q, STM32U5F9VJT6Q, STM32U5F9ZIJ6QTR, STM32U5F9ZIT6Q, STM32U5F9ZJJ6QTR, STM32U5F9ZJT6Q, STM32U5G7VJT6, STM32U5G7VJT6Q, STM32U5G9BJY6QTR, STM32U5G9J-DK1, STM32U5G9J-DK2, STM32U5G9NJH6Q, STM32U5G9VJT6Q, STM32U5G9ZJJ6QTR, STM32U5G9ZJT6Q, STM32WB05KZV6TR, STM32WB05KZV7TR, STM32WB05TZF6TR, STM32WB05TZF7TR, STM32WB06CCF6TR, STM32WB06CCF7TR, STM32WB06CCV6TR, STM32WB06CCV7TR, STM32WB06KCV6TR, STM32WB06KCV7TR, STM32WB07CCF6TR, STM32WB07CCF7TR, STM32WB07CCV6TR, STM32WB07CCV7TR, STM32WB07KCV6TR, STM32WB07KCV7TR, STM32WB09KEV6TR, STM32WB09KEV7TR, STM32WB09TEF6TR, STM32WB09TEF7TR, STM32WB1MMCH6, STM32WBA50KGU6, STM32WBA50KGU6TR, STM32WBA52CEU6, STM32WBA52CEU6TR, STM32WBA52CEU7, STM32WBA52CEU7TR, STM32WBA52CGU6, STM32WBA52CGU6TR, STM32WBA52CGU6U, STM32WBA52CGU7, STM32WBA52CGU7TR, STM32WBA52KEU6, STM32WBA52KEU6TR, STM32WBA52KGU6, STM32WBA52KGU6TR, STM32WBA54CEU6, STM32WBA54CEU6TR, STM32WBA54CEU7, STM32WBA54CEU7TR, STM32WBA54CGU6, STM32WBA54CGU6TR, STM32WBA54CGU7, STM32WBA54CGU7TR, STM32WBA54KEU6, STM32WBA54KEU6TR, STM32WBA54KEU7, STM32WBA54KEU7TR, STM32WBA54KGU6, STM32WBA54KGU6TR, STM32WBA54KGU7, STM32WBA54KGU7TR, STM32WBA55CEU6, STM32WBA55CEU6TR, STM32WBA55CEU7, STM32WBA55CEU7TR, STM32WBA55CGU6, STM32WBA55CGU6TR, STM32WBA55CGU6U, STM32WBA55CGU7, STM32WBA55CGU7TR, STM32WBA55G-DK1, STM32WBA55HEF6, STM32WBA55HEF7, STM32WBA55HGF6, STM32WBA55HGF7, STM32WBA55UEI6, STM32WBA55UEI6TR, STM32WBA55UEI7, STM32WBA55UEI7TR, STM32WBA55UGI6, STM32WBA55UGI6TR, STM32WBA55UGI7, STM32WBA55UGI7TR, STM32WBA5MJGH6TR, STM32WBA62CGU6, STM32WBA62CIU6, STM32WBA62MGF6, STM32WBA62MIF6, STM32WBA62PGI6, STM32WBA62PII6, STM32WBA63CGU6, STM32WBA63CGU7, STM32WBA63CIU6, STM32WBA63CIU7, STM32WBA64CGU6, STM32WBA64CGU7, STM32WBA64CIU6, STM32WBA64CIU7, STM32WBA65CGU6, STM32WBA65CGU7, STM32WBA65CIU6, STM32WBA65CIU7, STM32WBA65I-DK1, STM32WBA65MGF6, STM32WBA65MGF7, STM32WBA65MIF6, STM32WBA65MIF7, STM32WBA65PGI6, STM32WBA65PGI7, STM32WBA65PII6, STM32WBA65PII7, STM32WBA65RGV6, STM32WBA65RGV7, STM32WBA65RIV6, STM32WBA65RIV7, STM32WL30K8V6, STM32WL30KBV6, STM32WL31C8V6, STM32WL31CBV6, STM32WL31K8V6, STM32WL31KBV6, STM32WL33C8V6, STM32WL33C8V6TR, STM32WL33C8V7, STM32WL33C8V7TR, STM32WL33CBV6, STM32WL33CBV6TR, STM32WL33CBV7, STM32WL33CBV7TR, STM32WL33CCV6, STM32WL33CCV6TR, STM32WL33CCV7, STM32WL33CCV7A, STM32WL33CCV7ATR, STM32WL33CCV7TR, STM32WL33K8V6, STM32WL33K8V6TR, STM32WL33K8V7, STM32WL33K8V7TR, STM32WL33KBV6, STM32WL33KBV6TR, STM32WL33KBV7, STM32WL33KBV7TR, STM32WL33KCV6, STM32WL33KCV6TR, STM32WL33KCV7, STM32WL33KCV7TR, STM32WL5MOCH6, STM32WL5MOCH6TR]
2025-07-09 13:50:26,158 [INFO] DbMcus:218 - Found 4686 MCUs, 4686 are supported
2025-07-09 13:50:26,159 [INFO] ApiDb:423 - Load user favorites file C:\Users\kccistc/.stm32cubeide/favorites.mcus.txt: 2 item(s)
2025-07-09 13:50:26,159 [INFO] ApiDb:427 - User favorites MCUs=[STM32F411RET6, STM32H743XIH6]
2025-07-09 13:50:26,159 [INFO] DbMcus:224 - Set 2 / 2 favorites MCUs
2025-07-09 13:50:26,513 [INFO] ApiDb:423 - Load user favorites file C:\Users\kccistc/.stm32cubeide/favorites.boards.txt: 0 item(s)
2025-07-09 13:50:26,513 [INFO] ApiDb:427 - User favorites Boards=[]
2025-07-09 13:50:26,513 [INFO] DbBoards:198 - Set 0 / 0 favorites Boards
2025-07-09 13:50:26,558 [INFO] UtilMem:75 - End LoadConfig() Used Memory: 839013824 Bytes (1073741824)
2025-07-09 13:50:26,667 [WARN] ThirdParty:833 - waiting for thirdparty lock release [change project]
2025-07-09 13:50:26,667 [INFO] ThirdParty:835 - entering critical section [change project]
2025-07-09 13:50:26,667 [INFO] ThirdParty:1030 - CMSIS Pack Vendor :STMicroelectronics X-CUBE-PM33A1 1.0.0
2025-07-09 13:50:26,667 [INFO] ThirdParty:1030 - CMSIS Pack Vendor :STMicroelectronics USBPD 4.1
2025-07-09 13:50:26,667 [INFO] ThirdParty:1030 - CMSIS Pack Vendor :STMicroelectronics X-CUBE-AZRTOS-H7 3.3.0
2025-07-09 13:50:26,667 [INFO] ThirdParty:1030 - CMSIS Pack Vendor :STMicroelectronics X-CUBE-NFC9 1.0.0
2025-07-09 13:50:26,667 [INFO] ThirdParty:1030 - CMSIS Pack Vendor :wolfSSL I-CUBE-wolfSSL 5.8.0
2025-07-09 13:50:26,667 [INFO] ThirdParty:1030 - CMSIS Pack Vendor :STMicroelectronics USB_HOST 2.0.0
2025-07-09 13:50:26,667 [INFO] ThirdParty:1030 - CMSIS Pack Vendor :STMicroelectronics FP-SNS-MOTENVWB1 1.4.0
2025-07-09 13:50:26,667 [INFO] ThirdParty:1030 - CMSIS Pack Vendor :STMicroelectronics X-CUBE-AZRTOS-F4 1.1.0
2025-07-09 13:50:26,667 [INFO] ThirdParty:1030 - CMSIS Pack Vendor :STMicroelectronics LIBJPEG 8.0.0
2025-07-09 13:50:26,667 [INFO] ThirdParty:1030 - CMSIS Pack Vendor :STMicroelectronics FP-ATR-ASTRA1 2.0.2
2025-07-09 13:50:26,667 [INFO] ThirdParty:1030 - CMSIS Pack Vendor :STMicroelectronics X-CUBE-BLE1 7.1.0
2025-07-09 13:50:26,668 [INFO] ThirdParty:1030 - CMSIS Pack Vendor :Avnet-IotConnect X-CUBE-IoTC-DA16k-PMOD 1.0.0
2025-07-09 13:50:26,668 [INFO] ThirdParty:1030 - CMSIS Pack Vendor :STMicroelectronics X-CUBE-SMBUS 2.1.0
2025-07-09 13:50:26,668 [INFO] ThirdParty:1030 - CMSIS Pack Vendor :wolfSSL I-CUBE-wolfMQTT 1.19.2
2025-07-09 13:50:26,668 [INFO] ThirdParty:1030 - CMSIS Pack Vendor :STMicroelectronics USB_DEVICE 3.0.0
2025-07-09 13:50:26,668 [INFO] ThirdParty:1030 - CMSIS Pack Vendor :STMicroelectronics X-CUBE-ISPU 2.1.0
2025-07-09 13:50:26,668 [INFO] ThirdParty:1030 - CMSIS Pack Vendor :STMicroelectronics X-CUBE-AZRTOS-WB 2.0.0
2025-07-09 13:50:26,668 [INFO] ThirdParty:1030 - CMSIS Pack Vendor :STMicroelectronics X-CUBE-ST60 1.0.0
2025-07-09 13:50:26,668 [INFO] ThirdParty:1030 - CMSIS Pack Vendor :STMicroelectronics X-CUBE-GNSS1 7.0.1
2025-07-09 13:50:26,668 [INFO] ThirdParty:1030 - CMSIS Pack Vendor :STMicroelectronics X-CUBE-AZRTOS-F7 1.1.0
2025-07-09 13:50:26,668 [INFO] ThirdParty:1030 - CMSIS Pack Vendor :STMicroelectronics X-CUBE-AZRTOS-L5 2.0.0
2025-07-09 13:50:26,668 [INFO] ThirdParty:1030 - CMSIS Pack Vendor :STMicroelectronics X-CUBE-TOUCHGFX 4.25.0
2025-07-09 13:50:26,668 [INFO] ThirdParty:1030 - CMSIS Pack Vendor :STMicroelectronics USB_DEVICE 2.0.0
2025-07-09 13:50:26,668 [INFO] ThirdParty:1030 - CMSIS Pack Vendor :STMicroelectronics X-CUBE-NFC6 3.1.0
2025-07-09 13:50:26,668 [INFO] ThirdParty:1030 - CMSIS Pack Vendor :STMicroelectronics X-CUBE-AI 10.1.0
2025-07-09 13:50:26,668 [INFO] ThirdParty:1030 - CMSIS Pack Vendor :STMicroelectronics FP-SNS-STBOX1 2.0.0
2025-07-09 13:50:26,668 [INFO] ThirdParty:1030 - CMSIS Pack Vendor :STMicroelectronics X-CUBE-MEMS1 11.2.0
2025-07-09 13:50:26,668 [INFO] ThirdParty:1030 - CMSIS Pack Vendor :STMicroelectronics FreeRTOS 0.0.1
2025-07-09 13:50:26,668 [INFO] ThirdParty:1030 - CMSIS Pack Vendor :STMicroelectronics X-CUBE-AZRTOS-G0 1.1.0
2025-07-09 13:50:26,668 [INFO] ThirdParty:1030 - CMSIS Pack Vendor :STMicroelectronics X-CUBE-SAFEA1 1.2.2
2025-07-09 13:50:26,668 [INFO] ThirdParty:1030 - CMSIS Pack Vendor :STMicroelectronics X-CUBE-NFC4 3.0.0
2025-07-09 13:50:26,668 [INFO] ThirdParty:1030 - CMSIS Pack Vendor :STMicroelectronics X-CUBE-SUBG2 5.0.0
2025-07-09 13:50:26,669 [INFO] ThirdParty:1030 - CMSIS Pack Vendor :STMicroelectronics X-CUBE-AZRTOS-H7RS 1.1.0
2025-07-09 13:50:26,669 [INFO] ThirdParty:1030 - CMSIS Pack Vendor :STMicroelectronics STM32_WPAN 1.0.0
2025-07-09 13:50:26,669 [INFO] ThirdParty:1030 - CMSIS Pack Vendor :EmbeddedOffice I-CUBE-FS-RTOS 1.0.1
2025-07-09 13:50:26,669 [INFO] ThirdParty:1030 - CMSIS Pack Vendor :STMicroelectronics lwIP 2.0.3
2025-07-09 13:50:26,669 [INFO] ThirdParty:1030 - CMSIS Pack Vendor :Cesanta I-CUBE-Mongoose 7.13.0
2025-07-09 13:50:26,669 [INFO] ThirdParty:1030 - CMSIS Pack Vendor :STMicroelectronics USB_HOST 1.0.0
2025-07-09 13:50:26,669 [INFO] ThirdParty:1030 - CMSIS Pack Vendor :Infineon AIROC-Wi-Fi-Bluetooth-STM32 1.7.0
2025-07-09 13:50:26,669 [INFO] ThirdParty:1030 - CMSIS Pack Vendor :STMicroelectronics X-CUBE-AZRTOS-G4 2.0.0
2025-07-09 13:50:26,669 [INFO] ThirdParty:1030 - CMSIS Pack Vendor :STMicroelectronics X-CUBE-WB05N 2.0.0
2025-07-09 13:50:26,670 [INFO] ThirdParty:1030 - CMSIS Pack Vendor :STMicroelectronics PDM2PCM 3.1.0
2025-07-09 13:50:26,670 [INFO] ThirdParty:1030 - CMSIS Pack Vendor :STMicroelectronics PDM2PCM 3.3.0
2025-07-09 13:50:26,670 [INFO] ThirdParty:1030 - CMSIS Pack Vendor :wolfSSL I-CUBE-wolfTPM 3.8.0
2025-07-09 13:50:26,670 [INFO] ThirdParty:1030 - CMSIS Pack Vendor :STMicroelectronics X-CUBE-AZRTOS-H7 3.4.0
2025-07-09 13:50:26,670 [INFO] ThirdParty:1030 - CMSIS Pack Vendor :STMicroelectronics X-CUBE-DISPLAY 3.0.0
2025-07-09 13:50:26,670 [INFO] ThirdParty:1030 - CMSIS Pack Vendor :wolfSSL I-CUBE-wolfSSH 1.4.20
2025-07-09 13:50:26,670 [INFO] ThirdParty:1030 - CMSIS Pack Vendor :STMicroelectronics X-CUBE-NFC7 2.0.0
2025-07-09 13:50:26,670 [INFO] ThirdParty:1030 - CMSIS Pack Vendor :STMicroelectronics X-CUBE-TCPP 4.2.0
2025-07-09 13:50:26,670 [INFO] ThirdParty:1030 - CMSIS Pack Vendor :RealThread X-CUBE-RT-Thread_Nano 4.1.1
2025-07-09 13:50:26,670 [INFO] ThirdParty:1030 - CMSIS Pack Vendor :STMicroelectronics FP-ATR-SIGFOX1 3.2.0
2025-07-09 13:50:26,670 [INFO] ThirdParty:1030 - CMSIS Pack Vendor :STMicroelectronics X-CUBE-NFC10 1.0.0
2025-07-09 13:50:26,670 [INFO] ThirdParty:1030 - CMSIS Pack Vendor :STMicroelectronics X-CUBE-BLEMGR 4.0.0
2025-07-09 13:50:26,670 [INFO] ThirdParty:1030 - CMSIS Pack Vendor :STMicroelectronics X-CUBE-EEPRMA1 5.1.0
2025-07-09 13:50:26,670 [INFO] ThirdParty:1030 - CMSIS Pack Vendor :STMicroelectronics X-CUBE-FREERTOS 1.3.1
2025-07-09 13:50:26,670 [INFO] ThirdParty:1030 - CMSIS Pack Vendor :STMicroelectronics HAL Drivers 0.0.0
2025-07-09 13:50:26,670 [INFO] ThirdParty:1030 - CMSIS Pack Vendor :STMicroelectronics MBEDTLS 2.16.2
2025-07-09 13:50:26,670 [INFO] ThirdParty:1030 - CMSIS Pack Vendor :STMicroelectronics X-CUBE-IPS 3.1.0
2025-07-09 13:50:26,670 [INFO] ThirdParty:1030 - CMSIS Pack Vendor :STMicroelectronics X-CUBE-ALS 1.0.2
2025-07-09 13:50:26,670 [INFO] ThirdParty:1030 - CMSIS Pack Vendor :emotas I-CUBE-CANOPEN 1.3.0
2025-07-09 13:50:26,670 [INFO] ThirdParty:1030 - CMSIS Pack Vendor :STMicroelectronics MBEDTLS 2.14.1
2025-07-09 13:50:26,670 [INFO] ThirdParty:1030 - CMSIS Pack Vendor :ITTIA_DB I-CUBE-ITTIADB 8.9.0
2025-07-09 13:50:26,670 [INFO] ThirdParty:1030 - CMSIS Pack Vendor :portGmbH I-Cube-SoM-uGOAL 1.1.0
2025-07-09 13:50:26,670 [INFO] ThirdParty:1030 - CMSIS Pack Vendor :quantropi X-CUBE-qispace-sdk-base 2.0.0
2025-07-09 13:50:26,670 [INFO] ThirdParty:1030 - CMSIS Pack Vendor :STMicroelectronics X-CUBE-AI 10.0.0
2025-07-09 13:50:26,670 [INFO] ThirdParty:1030 - CMSIS Pack Vendor :STMicroelectronics X-CUBE-ST67W61 1.0.0
2025-07-09 13:50:26,671 [INFO] ThirdParty:1030 - CMSIS Pack Vendor :STMicroelectronics FP-SNS-STAIOTCFT 1.0.0
2025-07-09 13:50:26,671 [INFO] ThirdParty:1030 - CMSIS Pack Vendor :STMicroelectronics ThreadX 1.0.0
2025-07-09 13:50:26,671 [INFO] ThirdParty:1030 - CMSIS Pack Vendor :STMicroelectronics FP-SNS-SMARTAG2 1.2.0
2025-07-09 13:50:26,671 [INFO] ThirdParty:1030 - CMSIS Pack Vendor :STMicroelectronics FP-SNS-FLIGHT1 5.1.0
2025-07-09 13:50:26,671 [INFO] ThirdParty:1030 - CMSIS Pack Vendor :STMicroelectronics X-CUBE-AZRTOS-WL 2.0.0
2025-07-09 13:50:26,671 [INFO] ThirdParty:1030 - CMSIS Pack Vendor :SEGGER I-CUBE-embOS 1.3.1
2025-07-09 13:50:26,671 [INFO] ThirdParty:1030 - CMSIS Pack Vendor :STMicroelectronics X-CUBE-ALGOBUILD 1.4.0
2025-07-09 13:50:26,671 [INFO] ThirdParty:1030 - CMSIS Pack Vendor :STMicroelectronics X-CUBE-DPower 1.3.0
2025-07-09 13:50:26,671 [INFO] ThirdParty:1030 - CMSIS Pack Vendor :STMicroelectronics X-CUBE-MEMS1 11.3.0
2025-07-09 13:50:26,671 [INFO] ThirdParty:1030 - CMSIS Pack Vendor :STMicroelectronics FP-SNS-MOTENV1 5.0.0
2025-07-09 13:50:26,671 [INFO] ThirdParty:1030 - CMSIS Pack Vendor :STMicroelectronics USB_DEVICE 1.0.0
2025-07-09 13:50:26,671 [INFO] ThirdParty:1030 - CMSIS Pack Vendor :STMicroelectronics X-CUBE-AZRTOS-L4 2.0.0
2025-07-09 13:50:26,671 [INFO] ThirdParty:1030 - CMSIS Pack Vendor :STMicroelectronics ThreadX 0.0.2
2025-07-09 13:50:26,671 [INFO] ThirdParty:1030 - CMSIS Pack Vendor :WES I-CUBE-Cesium 1.3.0
2025-07-09 13:50:26,671 [INFO] ThirdParty:1030 - CMSIS Pack Vendor :STMicroelectronics lwIP 2.1.2
2025-07-09 13:50:26,671 [INFO] ThirdParty:1030 - CMSIS Pack Vendor :STMicroelectronics X-CUBE-SFXS2LP1 4.0.0
2025-07-09 13:50:26,671 [INFO] ThirdParty:1030 - CMSIS Pack Vendor :STMicroelectronics X-CUBE-BLE2 3.3.0
2025-07-09 13:50:26,671 [INFO] ThirdParty:1030 - CMSIS Pack Vendor :STMicroelectronics X-CUBE-TOF1 3.4.3
2025-07-09 13:50:26,671 [INFO] ThirdParty:1030 - CMSIS Pack Vendor :STMicroelectronics PDM2PCM 3.2.0
2025-07-09 13:50:26,672 [INFO] ThirdParty:841 - exiting critical section [change project]
2025-07-09 13:50:27,494 [INFO] PinOutPanel:1589 - setPackage(No Configuration,No Configuration)
2025-07-09 13:50:27,496 [INFO] PinOutPanel:1589 - setPackage(STM32H743XIHx,TFBGA240)
2025-07-09 13:50:28,482 [INFO] UtilMem:75 - Before build in PCC Used Memory: 935331840 Bytes (1073741824)
2025-07-09 13:50:29,650 [INFO] UtilMem:75 - After build in PCC Used Memory: 749447072 Bytes (1073741824)
2025-07-09 13:50:29,732 [INFO] IPUIPlugin:80 - create IPUIPlugin
2025-07-09 13:50:29,732 [INFO] IPUIPlugin:80 - create IPUIPlugin
2025-07-09 13:50:29,732 [INFO] IPUIPlugin:80 - create IPUIPlugin
2025-07-09 13:50:29,734 [INFO] IPUIPlugin:80 - create IPUIPlugin
2025-07-09 13:50:29,734 [INFO] IPUIPlugin:80 - create IPUIPlugin
2025-07-09 13:50:29,734 [INFO] IPUIPlugin:80 - create IPUIPlugin
2025-07-09 13:50:29,735 [INFO] IPUIPlugin:80 - create IPUIPlugin
2025-07-09 13:50:29,735 [INFO] IPUIPlugin:80 - create IPUIPlugin
2025-07-09 13:50:29,735 [INFO] IPUIPlugin:80 - create IPUIPlugin
2025-07-09 13:50:29,735 [INFO] IPUIPlugin:80 - create IPUIPlugin
2025-07-09 13:50:29,735 [INFO] IPUIPlugin:80 - create IPUIPlugin
2025-07-09 13:50:29,735 [INFO] IPUIPlugin:80 - create IPUIPlugin
2025-07-09 13:50:29,735 [INFO] IPUIPlugin:80 - create IPUIPlugin
2025-07-09 13:50:29,735 [INFO] IPUIPlugin:80 - create IPUIPlugin
2025-07-09 13:50:29,736 [INFO] IPUIPlugin:80 - create IPUIPlugin
2025-07-09 13:50:29,736 [INFO] IPUIPlugin:80 - create IPUIPlugin
2025-07-09 13:50:29,736 [INFO] IPUIPlugin:80 - create IPUIPlugin
2025-07-09 13:50:29,736 [INFO] IPUIPlugin:80 - create IPUIPlugin
2025-07-09 13:50:29,736 [INFO] IPUIPlugin:80 - create IPUIPlugin
2025-07-09 13:50:29,737 [INFO] IPUIPlugin:80 - create IPUIPlugin
2025-07-09 13:50:29,737 [INFO] IPUIPlugin:80 - create IPUIPlugin
2025-07-09 13:50:29,737 [INFO] IPUIPlugin:80 - create IPUIPlugin
2025-07-09 13:50:29,738 [INFO] IPUIPlugin:80 - create IPUIPlugin
2025-07-09 13:50:29,738 [INFO] IPUIPlugin:80 - create IPUIPlugin
2025-07-09 13:50:29,738 [INFO] IPUIPlugin:80 - create IPUIPlugin
2025-07-09 13:50:29,739 [INFO] IPUIPlugin:80 - create IPUIPlugin
2025-07-09 13:50:29,739 [INFO] IPUIPlugin:80 - create IPUIPlugin
2025-07-09 13:50:29,739 [INFO] IPUIPlugin:80 - create IPUIPlugin
2025-07-09 13:50:29,739 [INFO] IPUIPlugin:80 - create IPUIPlugin
2025-07-09 13:50:29,739 [INFO] IPUIPlugin:80 - create IPUIPlugin
2025-07-09 13:50:29,739 [INFO] IPUIPlugin:80 - create IPUIPlugin
2025-07-09 13:50:29,740 [INFO] IPUIPlugin:80 - create IPUIPlugin
2025-07-09 13:50:29,740 [INFO] IPUIPlugin:80 - create IPUIPlugin
2025-07-09 13:50:29,740 [INFO] IPUIPlugin:80 - create IPUIPlugin
2025-07-09 13:50:29,740 [INFO] IPUIPlugin:80 - create IPUIPlugin
2025-07-09 13:50:29,740 [INFO] IPUIPlugin:80 - create IPUIPlugin
2025-07-09 13:50:29,740 [INFO] IPUIPlugin:80 - create IPUIPlugin
2025-07-09 13:50:29,741 [INFO] IPUIPlugin:80 - create IPUIPlugin
2025-07-09 13:50:29,741 [INFO] IPUIPlugin:80 - create IPUIPlugin
2025-07-09 13:50:29,741 [INFO] IPUIPlugin:80 - create IPUIPlugin
2025-07-09 13:50:29,741 [INFO] IPUIPlugin:80 - create IPUIPlugin
2025-07-09 13:50:29,741 [INFO] IPUIPlugin:80 - create IPUIPlugin
2025-07-09 13:50:29,742 [INFO] IPUIPlugin:80 - create IPUIPlugin
2025-07-09 13:50:29,742 [INFO] IPUIPlugin:80 - create IPUIPlugin
2025-07-09 13:50:29,742 [INFO] IPUIPlugin:80 - create IPUIPlugin
2025-07-09 13:50:29,742 [INFO] IPUIPlugin:80 - create IPUIPlugin
2025-07-09 13:50:29,742 [INFO] IPUIPlugin:80 - create IPUIPlugin
2025-07-09 13:50:29,742 [INFO] IPUIPlugin:80 - create IPUIPlugin
2025-07-09 13:50:29,743 [INFO] IPUIPlugin:80 - create IPUIPlugin
2025-07-09 13:50:29,743 [INFO] IPUIPlugin:80 - create IPUIPlugin
2025-07-09 13:50:29,743 [INFO] IPUIPlugin:80 - create IPUIPlugin
2025-07-09 13:50:29,743 [INFO] IPUIPlugin:80 - create IPUIPlugin
2025-07-09 13:50:29,743 [INFO] IPUIPlugin:80 - create IPUIPlugin
2025-07-09 13:50:29,744 [INFO] IPUIPlugin:80 - create IPUIPlugin
2025-07-09 13:50:29,744 [INFO] IPUIPlugin:80 - create IPUIPlugin
2025-07-09 13:50:29,744 [INFO] IPUIPlugin:80 - create IPUIPlugin
2025-07-09 13:50:29,744 [INFO] IPUIPlugin:80 - create IPUIPlugin
2025-07-09 13:50:29,745 [INFO] IPUIPlugin:80 - create IPUIPlugin
2025-07-09 13:50:29,745 [INFO] IPUIPlugin:80 - create IPUIPlugin
2025-07-09 13:50:29,745 [INFO] IPUIPlugin:80 - create IPUIPlugin
2025-07-09 13:50:29,745 [INFO] IPUIPlugin:80 - create IPUIPlugin
2025-07-09 13:50:29,745 [INFO] IPUIPlugin:80 - create IPUIPlugin
2025-07-09 13:50:29,746 [INFO] IPUIPlugin:80 - create IPUIPlugin
2025-07-09 13:50:29,746 [INFO] IPUIPlugin:80 - create IPUIPlugin
2025-07-09 13:50:29,746 [INFO] IPUIPlugin:80 - create IPUIPlugin
2025-07-09 13:50:29,746 [INFO] IPUIPlugin:80 - create IPUIPlugin
2025-07-09 13:50:29,747 [INFO] IPUIPlugin:80 - create IPUIPlugin
2025-07-09 13:50:29,747 [INFO] IPUIPlugin:80 - create IPUIPlugin
2025-07-09 13:50:29,747 [INFO] IPUIPlugin:80 - create IPUIPlugin
2025-07-09 13:50:29,747 [INFO] IPUIPlugin:80 - create IPUIPlugin
2025-07-09 13:50:29,748 [INFO] IPUIPlugin:80 - create IPUIPlugin
2025-07-09 13:50:29,748 [INFO] IPUIPlugin:80 - create IPUIPlugin
2025-07-09 13:50:29,748 [INFO] IPUIPlugin:80 - create IPUIPlugin
2025-07-09 13:50:29,748 [INFO] IPUIPlugin:80 - create IPUIPlugin
2025-07-09 13:50:29,749 [INFO] IPUIPlugin:80 - create IPUIPlugin
2025-07-09 13:50:29,749 [INFO] IPUIPlugin:80 - create IPUIPlugin
2025-07-09 13:50:29,750 [INFO] IPUIPlugin:80 - create IPUIPlugin
2025-07-09 13:50:29,750 [INFO] IPUIPlugin:80 - create IPUIPlugin
2025-07-09 13:50:29,751 [INFO] IPUIPlugin:80 - create IPUIPlugin
2025-07-09 13:50:29,751 [INFO] IPUIPlugin:80 - create IPUIPlugin
2025-07-09 13:50:29,752 [INFO] IPUIPlugin:80 - create IPUIPlugin
2025-07-09 13:50:29,752 [INFO] IPUIPlugin:80 - create IPUIPlugin
2025-07-09 13:50:29,752 [INFO] IPUIPlugin:80 - create IPUIPlugin
2025-07-09 13:50:29,752 [INFO] IPUIPlugin:80 - create IPUIPlugin
2025-07-09 13:50:29,753 [INFO] IPUIPlugin:80 - create IPUIPlugin
2025-07-09 13:50:29,753 [INFO] IPUIPlugin:80 - create IPUIPlugin
2025-07-09 13:50:29,753 [INFO] IPUIPlugin:80 - create IPUIPlugin
2025-07-09 13:50:29,754 [INFO] IPUIPlugin:80 - create IPUIPlugin
2025-07-09 13:50:29,754 [INFO] IPUIPlugin:80 - create IPUIPlugin
2025-07-09 13:50:29,755 [INFO] IPUIPlugin:80 - create IPUIPlugin
2025-07-09 13:50:29,755 [INFO] IPUIPlugin:80 - create IPUIPlugin
2025-07-09 13:50:29,755 [INFO] IPUIPlugin:80 - create IPUIPlugin
2025-07-09 13:50:29,756 [INFO] IPUIPlugin:80 - create IPUIPlugin
2025-07-09 13:50:29,757 [INFO] IPUIPlugin:80 - create IPUIPlugin
2025-07-09 13:50:29,757 [INFO] IPUIPlugin:80 - create IPUIPlugin
2025-07-09 13:50:29,757 [INFO] IPUIPlugin:80 - create IPUIPlugin
2025-07-09 13:50:29,758 [INFO] IPUIPlugin:80 - create IPUIPlugin
2025-07-09 13:50:29,758 [INFO] IPUIPlugin:80 - create IPUIPlugin
2025-07-09 13:50:29,961 [INFO] ApiDbMcu:508 - Load IP Config File for PDM2PCM
2025-07-09 13:50:30,280 [INFO] CADModel:165 - CPN selected for project levelSTM32H743XIH6
2025-07-09 13:50:30,281 [INFO] CADModel:114 - Register for checkConnection events
2025-07-09 13:50:30,367 [INFO] OpenFileManager:385 - Restore cursor
2025-07-09 13:50:49,971 [INFO] I2cTimingTraitement:330 - 0x307075B1
2025-07-09 13:50:59,490 [WARN] IpParametersView:155 - Warning: This peripheral hasn't parameters
2025-07-09 13:50:59,565 [WARN] IpParametersView:155 - Warning: This peripheral hasn't parameters
2025-07-09 13:51:00,341 [INFO] I2cTimingTraitement:330 - 0x307075B1
2025-07-09 13:51:09,282 [INFO] I2cTimingTraitement:330 - 0x307075B1
2025-07-09 13:51:09,456 [INFO] I2cTimingTraitement:330 - 0x307075B1
2025-07-09 13:51:09,763 [INFO] I2cTimingTraitement:330 - 0x307075B1
2025-07-09 13:51:11,001 [INFO] UtilMem:75 - End SaveConfig() Used Memory: 979965224 Bytes (1073741824)
2025-07-09 13:51:11,280 [INFO] UtilMem:75 - End SaveConfig() Used Memory: 787996696 Bytes (1073741824)
2025-07-09 13:51:11,764 [INFO] BlockDiagram:2775 - set Specific Code input for plugin: SPI
2025-07-09 13:51:11,765 [INFO] BlockDiagram:2775 - set Specific Code input for plugin: RCC
2025-07-09 13:51:11,765 [INFO] BlockDiagram:2775 - set Specific Code input for plugin: I2C
2025-07-09 13:51:11,765 [INFO] BlockDiagram:2775 - set Specific Code input for plugin: DCMI
2025-07-09 13:51:11,765 [INFO] BlockDiagram:2775 - set Specific Code input for plugin: USART
2025-07-09 13:51:11,765 [INFO] BlockDiagram:2775 - set Specific Code input for plugin: FMC
2025-07-09 13:51:11,765 [INFO] BlockDiagram:2775 - set Specific Code input for plugin: MEMORYMAP
2025-07-09 13:51:11,765 [INFO] BlockDiagram:2775 - set Specific Code input for plugin: SYS
2025-07-09 13:51:11,765 [INFO] BlockDiagram:2775 - set Specific Code input for plugin: NVIC
2025-07-09 13:51:11,765 [INFO] BlockDiagram:2775 - set Specific Code input for plugin: CORTEX_M7
2025-07-09 13:51:11,765 [INFO] BlockDiagram:2775 - set Specific Code input for plugin: DMA
2025-07-09 13:51:11,765 [INFO] BlockDiagram:2775 - set Specific Code input for plugin: DEBUG
2025-07-09 13:51:11,765 [INFO] BlockDiagram:2775 - set Specific Code input for plugin: GPIO
2025-07-09 13:51:11,768 [INFO] CodeGenerator:882 - code generatio: config db path: C:\ST\STM32CubeIDE_1.18.1\STM32CubeIDE\plugins\com.st.stm32cube.common.mx_6.14.1.202504091515\\db\
2025-07-09 13:51:11,997 [INFO] CodeEngine:263 - oldGeneratedFile, C:\harman\STM32Cube\250708_OV7670\MXTmpFiles\license.tmp_save
2025-07-09 13:51:12,598 [INFO] CodeEngine:287 - Generated code: C:\harman\STM32Cube\250708_OV7670\MXTmpFiles\license.tmp
2025-07-09 13:51:12,831 [INFO] CodeEngine:263 - oldGeneratedFile, C:\harman\STM32Cube\250708_OV7670\Core\Src\gpio.c_save
2025-07-09 13:51:12,990 [INFO] CodeEngine:287 - Generated code: C:\harman\STM32Cube\250708_OV7670\Core\Src\gpio.c
2025-07-09 13:51:12,996 [INFO] CodeEngine:263 - oldGeneratedFile, C:\harman\STM32Cube\250708_OV7670\Core\Inc\gpio.h_save
2025-07-09 13:51:13,069 [INFO] CodeEngine:287 - Generated code: C:\harman\STM32Cube\250708_OV7670\Core\Inc\gpio.h
2025-07-09 13:51:13,604 [WARN] IPConfigManager:103 - WARNING: Missing Config File for DEBUG ip!!
2025-07-09 13:51:14,210 [WARN] IPConfigManager:103 - WARNING: Missing Config File for MEMORYMAP ip!!
2025-07-09 13:51:14,947 [INFO] CodeEngine:263 - oldGeneratedFile, C:\harman\STM32Cube\250708_OV7670\MXTmpFiles\cortex.tmp_save
2025-07-09 13:51:15,060 [INFO] CodeEngine:287 - Generated code: C:\harman\STM32Cube\250708_OV7670\MXTmpFiles\cortex.tmp
2025-07-09 13:51:15,077 [INFO] CodeEngine:263 - oldGeneratedFile, C:\harman\STM32Cube\250708_OV7670\Core\Src\dcmi.c_save
2025-07-09 13:51:15,215 [INFO] CodeEngine:287 - Generated code: C:\harman\STM32Cube\250708_OV7670\Core\Src\dcmi.c
2025-07-09 13:51:15,222 [INFO] CodeEngine:263 - oldGeneratedFile, C:\harman\STM32Cube\250708_OV7670\Core\Inc\dcmi.h_save
2025-07-09 13:51:15,279 [INFO] CodeEngine:287 - Generated code: C:\harman\STM32Cube\250708_OV7670\Core\Inc\dcmi.h
2025-07-09 13:51:15,368 [INFO] CodeEngine:263 - oldGeneratedFile, C:\harman\STM32Cube\250708_OV7670\Core\Src\dma.c_save
2025-07-09 13:51:15,417 [INFO] CodeEngine:287 - Generated code: C:\harman\STM32Cube\250708_OV7670\Core\Src\dma.c
2025-07-09 13:51:15,423 [INFO] CodeEngine:263 - oldGeneratedFile, C:\harman\STM32Cube\250708_OV7670\Core\Inc\dma.h_save
2025-07-09 13:51:15,470 [INFO] CodeEngine:287 - Generated code: C:\harman\STM32Cube\250708_OV7670\Core\Inc\dma.h
2025-07-09 13:51:15,482 [INFO] CodeEngine:263 - oldGeneratedFile, C:\harman\STM32Cube\250708_OV7670\Core\Src\fmc.c_save
2025-07-09 13:51:15,540 [INFO] CodeEngine:287 - Generated code: C:\harman\STM32Cube\250708_OV7670\Core\Src\fmc.c
2025-07-09 13:51:15,545 [INFO] CodeEngine:263 - oldGeneratedFile, C:\harman\STM32Cube\250708_OV7670\Core\Inc\fmc.h_save
2025-07-09 13:51:15,595 [INFO] CodeEngine:287 - Generated code: C:\harman\STM32Cube\250708_OV7670\Core\Inc\fmc.h
2025-07-09 13:51:15,608 [INFO] CodeEngine:263 - oldGeneratedFile, C:\harman\STM32Cube\250708_OV7670\Core\Src\i2c.c_save
2025-07-09 13:51:15,678 [INFO] CodeEngine:287 - Generated code: C:\harman\STM32Cube\250708_OV7670\Core\Src\i2c.c
2025-07-09 13:51:15,684 [INFO] CodeEngine:263 - oldGeneratedFile, C:\harman\STM32Cube\250708_OV7670\Core\Inc\i2c.h_save
2025-07-09 13:51:15,734 [INFO] CodeEngine:287 - Generated code: C:\harman\STM32Cube\250708_OV7670\Core\Inc\i2c.h
2025-07-09 13:51:15,746 [INFO] CodeEngine:263 - oldGeneratedFile, C:\harman\STM32Cube\250708_OV7670\Core\Src\memorymap.c_save
2025-07-09 13:51:15,802 [INFO] CodeEngine:287 - Generated code: C:\harman\STM32Cube\250708_OV7670\Core\Src\memorymap.c
2025-07-09 13:51:15,807 [INFO] CodeEngine:263 - oldGeneratedFile, C:\harman\STM32Cube\250708_OV7670\Core\Inc\memorymap.h_save
2025-07-09 13:51:15,845 [INFO] CodeEngine:287 - Generated code: C:\harman\STM32Cube\250708_OV7670\Core\Inc\memorymap.h
2025-07-09 13:51:15,858 [INFO] CodeEngine:263 - oldGeneratedFile, C:\harman\STM32Cube\250708_OV7670\Core\Src\spi.c_save
2025-07-09 13:51:15,920 [INFO] CodeEngine:287 - Generated code: C:\harman\STM32Cube\250708_OV7670\Core\Src\spi.c
2025-07-09 13:51:15,926 [INFO] CodeEngine:263 - oldGeneratedFile, C:\harman\STM32Cube\250708_OV7670\Core\Inc\spi.h_save
2025-07-09 13:51:15,978 [INFO] CodeEngine:287 - Generated code: C:\harman\STM32Cube\250708_OV7670\Core\Inc\spi.h
2025-07-09 13:51:15,992 [INFO] CodeEngine:263 - oldGeneratedFile, C:\harman\STM32Cube\250708_OV7670\Core\Src\usart.c_save
2025-07-09 13:51:16,056 [INFO] CodeEngine:287 - Generated code: C:\harman\STM32Cube\250708_OV7670\Core\Src\usart.c
2025-07-09 13:51:16,062 [INFO] CodeEngine:263 - oldGeneratedFile, C:\harman\STM32Cube\250708_OV7670\Core\Inc\usart.h_save
2025-07-09 13:51:16,109 [INFO] CodeEngine:287 - Generated code: C:\harman\STM32Cube\250708_OV7670\Core\Inc\usart.h
2025-07-09 13:51:16,126 [INFO] CodeEngine:263 - oldGeneratedFile, C:\harman\STM32Cube\250708_OV7670\Core\Src\stm32h7xx_it.c_save
2025-07-09 13:51:16,205 [INFO] CodeEngine:287 - Generated code: C:\harman\STM32Cube\250708_OV7670\Core\Src\stm32h7xx_it.c
2025-07-09 13:51:16,211 [INFO] CodeEngine:263 - oldGeneratedFile, C:\harman\STM32Cube\250708_OV7670\Core\Inc\stm32h7xx_it.h_save
2025-07-09 13:51:16,262 [INFO] CodeEngine:287 - Generated code: C:\harman\STM32Cube\250708_OV7670\Core\Inc\stm32h7xx_it.h
2025-07-09 13:51:16,495 [INFO] CodeEngine:263 - oldGeneratedFile, C:\harman\STM32Cube\250708_OV7670\Core\Src\stm32h7xx_hal_msp.c_save
2025-07-09 13:51:16,568 [INFO] CodeEngine:287 - Generated code: C:\harman\STM32Cube\250708_OV7670\Core\Src\stm32h7xx_hal_msp.c
2025-07-09 13:51:16,574 [INFO] CodeEngine:263 - oldGeneratedFile, C:\harman\STM32Cube\250708_OV7670\MXTmpFiles\system.tmp_save
2025-07-09 13:51:16,627 [INFO] CodeEngine:287 - Generated code: C:\harman\STM32Cube\250708_OV7670\MXTmpFiles\system.tmp
2025-07-09 13:51:16,642 [INFO] CodeEngine:319 - oldGeneratedFile, C:\harman\STM32Cube\250708_OV7670\Core\Inc\stm32h7xx_hal_conf.h_save
2025-07-09 13:51:16,701 [INFO] CodeEngine:343 - Generated code: C:\harman\STM32Cube\250708_OV7670\Core\Inc\stm32h7xx_hal_conf.h
2025-07-09 13:51:16,774 [INFO] ApiDbMcu:508 - Load IP Config File for DCMI
2025-07-09 13:51:16,783 [INFO] ApiDbMcu:508 - Load IP Config File for FMC
2025-07-09 13:51:16,788 [INFO] ApiDbMcu:508 - Load IP Config File for I2C1
2025-07-09 13:51:16,789 [ERROR] ApiDbMcu:464 - Can't load MEMORYMAP-STM32xx root dir null
2025-07-09 13:51:16,789 [ERROR] ApiDbMcu:536 - Cannot parse MEMORYMAP_Config file : file do not exist
2025-07-09 13:51:16,794 [INFO] ApiDbMcu:508 - Load IP Config File for SPI1
2025-07-09 13:51:16,820 [INFO] ApiDbMcu:508 - Load IP Config File for USART1
2025-07-09 13:51:16,827 [INFO] ApiDbMcu:508 - Load IP Config File for RCC
2025-07-09 13:51:16,845 [INFO] CodeEngine:263 - oldGeneratedFile, C:\harman\STM32Cube\250708_OV7670\Core\Inc\main.h_save
2025-07-09 13:51:16,945 [INFO] CodeEngine:287 - Generated code: C:\harman\STM32Cube\250708_OV7670\Core\Inc\main.h
2025-07-09 13:51:16,952 [INFO] CodeEngine:263 - oldGeneratedFile, C:\harman\STM32Cube\250708_OV7670\Core\Src\main.c_save
2025-07-09 13:51:17,093 [INFO] CodeEngine:287 - Generated code: C:\harman\STM32Cube\250708_OV7670\Core\Src\main.c
2025-07-09 13:51:17,441 [INFO] ProjectBuilder:3324 - Time for Copy HAL[1] : 188mS.
2025-07-09 13:51:17,451 [INFO] ProjectBuilder:4912 - Project Generator version: 4.6.0.1-B1
2025-07-09 13:51:17,513 [INFO] ConfigFileManager:1590 - The Die is : DIE450
2025-07-09 13:51:17,527 [INFO] ApiDbMcu:508 - Load IP Config File for FATFS
2025-07-09 13:51:17,530 [INFO] ApiDbMcu:508 - Load IP Config File for FREERTOS
2025-07-09 13:51:17,532 [INFO] ApiDbMcu:508 - Load IP Config File for LIBJPEG
2025-07-09 13:51:17,537 [INFO] ApiDbMcu:508 - Load IP Config File for LWIP
2025-07-09 13:51:17,542 [INFO] ApiDbMcu:508 - Load IP Config File for MBEDTLS
2025-07-09 13:51:17,548 [INFO] ApiDbMcu:508 - Load IP Config File for USB_DEVICE
2025-07-09 13:51:17,550 [INFO] ApiDbMcu:508 - Load IP Config File for USB_HOST
2025-07-09 13:51:17,906 [INFO] LogOutputStream:77 - [STDOUT_REDIRECT] 
2025-07-09 13:51:19,548 [INFO] ProjectBuilder:5191 - Time for Generating toolchain IDE Files: 2097mS.
2025-07-09 13:51:19,550 [INFO] ProjectBuilder:3181 - Time for Copy CMSIS : 2mS.
2025-07-09 13:51:19,555 [INFO] ProjectBuilder:3181 - Time for Copy CMSIS : 0mS.
2025-07-09 13:52:27,880 [INFO] MainUpdater:2872 - connection check result : 10
2025-07-09 13:52:27,880 [INFO] MainUpdater:2872 - connection check result : 10
2025-07-09 13:52:28,068 [INFO] I2cTimingTraitement:330 - 0x307075B1
2025-07-09 13:52:28,076 [INFO] MicroXplorer:468 - Change Database Path : 
2025-07-09 13:52:28,076 [INFO] MicroXplorer:498 - Change Database Version : DB.6.0.141
2025-07-09 13:52:28,132 [ERROR] ProjectManagerView:395 - 
java.lang.NullPointerException: Cannot invoke "javax.swing.JTextField.getText()" because the return value of "java.util.List.get(int)" is null
	at com.st.microxplorer.plugins.projectmanager.gui.ProjectChoiceTab$9.caretUpdate(ProjectChoiceTab.java:2678) ~[filemanager.jar:?]
	at javax.swing.text.JTextComponent.fireCaretUpdate(JTextComponent.java:408) ~[?:?]
	at javax.swing.text.JTextComponent$MutableCaretEvent.fire(JTextComponent.java:4484) ~[?:?]
	at javax.swing.text.JTextComponent$MutableCaretEvent.stateChanged(JTextComponent.java:4506) ~[?:?]
	at javax.swing.text.DefaultCaret.fireStateChanged(DefaultCaret.java:857) ~[?:?]
	at javax.swing.text.DefaultCaret.changeCaretPosition(DefaultCaret.java:1343) ~[?:?]
	at javax.swing.text.DefaultCaret.handleSetDot(DefaultCaret.java:1242) ~[?:?]
	at javax.swing.text.DefaultCaret.setDot(DefaultCaret.java:1223) ~[?:?]
	at javax.swing.text.DefaultCaret$Handler.insertUpdate(DefaultCaret.java:1819) ~[?:?]
	at javax.swing.text.AbstractDocument.fireInsertUpdate(AbstractDocument.java:227) ~[?:?]
	at javax.swing.text.AbstractDocument.handleInsertString(AbstractDocument.java:781) ~[?:?]
	at javax.swing.text.AbstractDocument.insertString(AbstractDocument.java:740) ~[?:?]
	at javax.swing.text.PlainDocument.insertString(PlainDocument.java:131) ~[?:?]
	at javax.swing.text.AbstractDocument.replace(AbstractDocument.java:699) ~[?:?]
	at javax.swing.text.JTextComponent.setText(JTextComponent.java:1725) ~[?:?]
	at com.st.microxplorer.plugins.projectmanager.gui.ProjectChoiceTab.createHeapStackFields(ProjectChoiceTab.java:979) ~[filemanager.jar:?]
	at com.st.microxplorer.plugins.projectmanager.gui.ProjectChoiceTab.buildLinkSettingsPanel(ProjectChoiceTab.java:3766) ~[filemanager.jar:?]
	at com.st.microxplorer.plugins.projectmanager.gui.ProjectChoiceTab.defineWindowsFields(ProjectChoiceTab.java:1962) ~[filemanager.jar:?]
	at com.st.microxplorer.plugins.projectmanager.gui.ProjectChoiceTab.updateSettings(ProjectChoiceTab.java:555) ~[filemanager.jar:?]
	at com.st.microxplorer.plugins.projectmanager.gui.ProjectSettingsPanel.UpdateDialog(ProjectSettingsPanel.java:245) ~[filemanager.jar:?]
	at com.st.microxplorer.plugins.projectmanager.ProjectManagerView.propertyChange(ProjectManagerView.java:392) ~[filemanager.jar:?]
	at java.beans.PropertyChangeSupport.fire(PropertyChangeSupport.java:343) ~[?:?]
	at java.beans.PropertyChangeSupport.firePropertyChange(PropertyChangeSupport.java:335) ~[?:?]
	at java.beans.PropertyChangeSupport.firePropertyChange(PropertyChangeSupport.java:268) ~[?:?]
	at com.st.microxplorer.util.MXPropertyChangeSupport.firePropertyChange(MXPropertyChangeSupport.java:54) ~[STM32CubeMX.jar:?]
	at com.st.microxplorer.mxsystem.MxSystem.closeConfig(MxSystem.java:899) ~[STM32CubeMX.jar:?]
	at com.st.microxplorer.maingui.MainPanel.closeConfig(MainPanel.java:789) ~[STM32CubeMX.jar:?]
	at com.st.microxplorer.plugins.filemanager.engine.OpenFileManager.loadConfigurationFile(OpenFileManager.java:287) ~[filemanager.jar:?]
	at com.st.microxplorer.plugins.filemanager.engine.MainFileManager.userLoadConfig(MainFileManager.java:341) ~[filemanager.jar:?]
	at com.st.microxplorer.plugins.filemanager.engine.MainFileManager.userLoadConfig(MainFileManager.java:319) ~[filemanager.jar:?]
	at com.st.microxplorer.plugins.filemanager.FileManagerView.getSpecificTask(FileManagerView.java:246) ~[filemanager.jar:?]
	at com.st.stm32cube.common.mx.editor.CubeMxEditor.getMxTabbedPaneInstance(CubeMxEditor.java:1198) ~[com.st.stm32cube.common.mx_6.14.1.202504091515/:?]
	at com.st.stm32cube.common.mx.editor.CubeMxEditor$12$1.createSwingComponent(CubeMxEditor.java:1068) ~[com.st.stm32cube.common.mx_6.14.1.202504091515/:?]
	at com.st.stm32cube.common.mx.oss.core.awtswtbridge.EmbeddedSwingComposite.doComponentCreation(EmbeddedSwingComposite.java:492) ~[com.st.stm32cube.common.mx.oss_6.14.1.202504091515/:?]
	at com.st.stm32cube.common.mx.oss.core.awtswtbridge.EmbeddedSwingComposite$4.run(EmbeddedSwingComposite.java:291) ~[com.st.stm32cube.common.mx.oss_6.14.1.202504091515/:?]
	at com.st.stm32cube.common.mx.oss.core.awtswtbridge.AwtEnvironment$2.run(AwtEnvironment.java:166) ~[com.st.stm32cube.common.mx.oss_6.14.1.202504091515/:?]
	at java.awt.event.InvocationEvent.dispatch(InvocationEvent.java:318) ~[?:?]
	at java.awt.EventQueue.dispatchEventImpl(EventQueue.java:773) ~[?:?]
	at java.awt.EventQueue$4.run(EventQueue.java:720) ~[?:?]
	at java.awt.EventQueue$4.run(EventQueue.java:714) ~[?:?]
	at java.security.AccessController.doPrivileged(AccessController.java:400) ~[?:?]
	at java.security.ProtectionDomain$JavaSecurityAccessImpl.doIntersectionPrivilege(ProtectionDomain.java:87) ~[?:?]
	at java.awt.EventQueue.dispatchEvent(EventQueue.java:742) ~[?:?]
	at java.awt.EventDispatchThread.pumpOneEventForFilters(EventDispatchThread.java:203) ~[?:?]
	at java.awt.EventDispatchThread.pumpEventsForFilter(EventDispatchThread.java:124) ~[?:?]
	at java.awt.EventDispatchThread.pumpEventsForHierarchy(EventDispatchThread.java:113) ~[?:?]
	at java.awt.EventDispatchThread.pumpEvents(EventDispatchThread.java:109) ~[?:?]
	at java.awt.EventDispatchThread.pumpEvents(EventDispatchThread.java:101) ~[?:?]
	at java.awt.EventDispatchThread.run(EventDispatchThread.java:90) ~[?:?]
2025-07-09 13:52:28,156 [WARN] ThirdParty:871 - waiting for thirdparty lock release [close project]
2025-07-09 13:52:28,156 [INFO] ThirdParty:873 - entering critical section [close project]
2025-07-09 13:52:28,156 [INFO] ThirdParty:883 - exiting critical section [close project]
2025-07-09 13:52:28,162 [INFO] PinOutPanel:1589 - setPackage(No Configuration,No Configuration)
2025-07-09 13:52:28,193 [WARN] IpParametersView:155 - Warning: This peripheral hasn't parameters
2025-07-09 13:52:28,206 [WARN] MainPanel:289 - <html><b><center>Warning: This peripheral has no parameters to be configured<br></b></html>
2025-07-09 13:52:28,226 [INFO] UtilMem:75 - Begin LoadConfig() Used Memory: 876044368 Bytes (1073741824)
2025-07-09 13:52:28,226 [INFO] MicroXplorer:468 - Change Database Path : 
2025-07-09 13:52:28,226 [INFO] MicroXplorer:498 - Change Database Version : DB.6.0.141
2025-07-09 13:52:28,226 [INFO] OpenFileManager:354 - Change cursor
2025-07-09 13:52:28,242 [INFO] RulesReader:64 - Compatibility file has been processed (302 Rules)
2025-07-09 13:52:28,250 [INFO] Mcu:2011 - Initializing MCU STM32H743XIHx STM32H743XIHx STM32H743XIH6
2025-07-09 13:52:31,681 [INFO] Context:756 - Trying to add GPIOservice into a context  which must be forbidden
2025-07-09 13:52:33,202 [INFO] ImportTextPane:218 - (OptionalMessage_ERROR) Pin67 (VP_RIF_VS_RIF1) cannot be retrieved for this MCU
2025-07-09 13:52:33,401 [INFO] RtosManager:558 - Registered RTOS mode: class=CMSIS, group=RTOS, mode=CMSIS_V1, owner=FREERTOS
2025-07-09 13:52:33,401 [INFO] RtosManager:558 - Registered RTOS mode: class=CMSIS, group=RTOS2, mode=CMSIS_V2, owner=FREERTOS
2025-07-09 13:52:33,401 [INFO] RtosManager:558 - Registered RTOS mode: class=RTOS, group=Core, mode=CMSIS_V1, owner=FREERTOS
2025-07-09 13:52:33,401 [INFO] RtosManager:558 - Registered RTOS mode: class=RTOS, group=Core, mode=CMSIS_V2, owner=FREERTOS
2025-07-09 13:52:33,401 [WARN] ModelIntegratedComponent:184 - Missing modes for component STMicroelectronics:FreeRTOS:0.0.1:STMicroelectronics:RTOS:FreeRTOS:Core:::10.2.0:
2025-07-09 13:52:33,411 [WARN] ModelIntegratedComponent:63 - No mode defined for component null
2025-07-09 13:52:33,411 [WARN] ModelIntegratedComponent:63 - No mode defined for component null
2025-07-09 13:52:33,411 [WARN] ModelIntegratedComponent:63 - No mode defined for component null
2025-07-09 13:52:33,411 [WARN] ModelIntegratedComponent:63 - No mode defined for component null
2025-07-09 13:52:33,412 [WARN] ModelIntegratedComponent:63 - No mode defined for component null
2025-07-09 13:52:33,412 [WARN] ModelIntegratedComponent:63 - No mode defined for component null
2025-07-09 13:52:33,412 [WARN] ModelIntegratedComponent:63 - No mode defined for component null
2025-07-09 13:52:33,412 [WARN] ModelIntegratedComponent:63 - No mode defined for component null
2025-07-09 13:52:33,412 [WARN] ModelIntegratedComponent:63 - No mode defined for component null
2025-07-09 13:52:33,412 [WARN] ModelIntegratedComponent:63 - No mode defined for component null
2025-07-09 13:52:33,412 [WARN] ModelIntegratedComponent:63 - No mode defined for component null
2025-07-09 13:52:33,412 [WARN] ModelIntegratedComponent:63 - No mode defined for component null
2025-07-09 13:52:33,412 [WARN] ModelIntegratedComponent:63 - No mode defined for component null
2025-07-09 13:52:33,412 [WARN] ModelIntegratedComponent:63 - No mode defined for component null
2025-07-09 13:52:33,412 [WARN] ModelIntegratedComponent:63 - No mode defined for component null
2025-07-09 13:52:33,412 [WARN] ModelIntegratedComponent:63 - No mode defined for component null
2025-07-09 13:52:33,412 [WARN] ModelIntegratedComponent:63 - No mode defined for component null
2025-07-09 13:52:33,412 [WARN] ModelIntegratedComponent:63 - No mode defined for component null
2025-07-09 13:52:33,412 [WARN] ModelIntegratedComponent:63 - No mode defined for component null
2025-07-09 13:52:33,412 [WARN] ModelIntegratedComponent:63 - No mode defined for component null
2025-07-09 13:52:33,412 [WARN] ModelIntegratedComponent:63 - No mode defined for component null
2025-07-09 13:52:33,412 [WARN] ModelIntegratedComponent:63 - No mode defined for component null
2025-07-09 13:52:33,412 [WARN] ModelIntegratedComponent:63 - No mode defined for component null
2025-07-09 13:52:33,412 [WARN] ModelIntegratedComponent:63 - No mode defined for component null
2025-07-09 13:52:33,412 [WARN] ModelIntegratedComponent:63 - No mode defined for component null
2025-07-09 13:52:33,412 [WARN] ModelIntegratedComponent:63 - No mode defined for component null
2025-07-09 13:52:33,412 [WARN] ModelIntegratedComponent:63 - No mode defined for component null
2025-07-09 13:52:33,412 [WARN] ModelIntegratedComponent:63 - No mode defined for component null
2025-07-09 13:52:33,412 [WARN] ModelIntegratedComponent:63 - No mode defined for component null
2025-07-09 13:52:33,412 [WARN] ModelIntegratedComponent:63 - No mode defined for component null
2025-07-09 13:52:33,412 [WARN] ModelIntegratedComponent:63 - No mode defined for component null
2025-07-09 13:52:33,412 [WARN] ModelIntegratedComponent:63 - No mode defined for component null
2025-07-09 13:52:33,412 [WARN] ModelIntegratedComponent:63 - No mode defined for component null
2025-07-09 13:52:33,412 [WARN] ModelIntegratedComponent:63 - No mode defined for component null
2025-07-09 13:52:33,412 [WARN] ModelIntegratedComponent:63 - No mode defined for component null
2025-07-09 13:52:33,412 [WARN] ModelPack:524 - Component already loaded: STMicroelectronics:HAL Drivers:0.0.0:STMicroelectronics:Device:STMicro_Driver:XSPI:HAL::0.0.1:HAL_XSPI
2025-07-09 13:52:33,475 [INFO] ThirdPartyModel:298 - Start build external matchings
2025-07-09 13:52:33,838 [INFO] ThirdPartyModel:316 - End build external matchings
2025-07-09 13:52:33,852 [INFO] ImportTextPane:218 - (OptionalMessage_ERROR) IP (DMA) : Parameter (Instance) has Id (SPI1_TX) currently not set
2025-07-09 13:52:33,854 [INFO] ImportTextPane:218 - (OptionalMessage_ERROR) IP (DMA) : Parameter (Request) has Id (SPI1_TX) currently not set
2025-07-09 13:52:33,854 [INFO] ImportTextPane:218 - (OptionalMessage_ERROR) IP (DMA) : Parameter (Direction) has Id (SPI1_TX) currently not set
2025-07-09 13:52:33,854 [INFO] ImportTextPane:218 - (OptionalMessage_ERROR) IP (DMA) : Parameter (PeriphInc) has Id (SPI1_TX) currently not set
2025-07-09 13:52:33,854 [INFO] ImportTextPane:218 - (OptionalMessage_ERROR) IP (DMA) : Parameter (MemInc) has Id (SPI1_TX) currently not set
2025-07-09 13:52:33,854 [INFO] ImportTextPane:218 - (OptionalMessage_ERROR) IP (DMA) : Parameter (PeriphDataAlignment) has Id (SPI1_TX) currently not set
2025-07-09 13:52:33,854 [INFO] ImportTextPane:218 - (OptionalMessage_ERROR) IP (DMA) : Parameter (MemDataAlignment) has Id (SPI1_TX) currently not set
2025-07-09 13:52:33,854 [INFO] ImportTextPane:218 - (OptionalMessage_ERROR) IP (DMA) : Parameter (Mode) has Id (SPI1_TX) currently not set
2025-07-09 13:52:33,854 [INFO] ImportTextPane:218 - (OptionalMessage_ERROR) IP (DMA) : Parameter (Priority) has Id (SPI1_TX) currently not set
2025-07-09 13:52:33,854 [INFO] ImportTextPane:218 - (OptionalMessage_ERROR) IP (DMA) : Parameter (FIFOMode) has Id (SPI1_TX) currently not set
2025-07-09 13:52:33,854 [INFO] ImportTextPane:218 - (OptionalMessage_ERROR) IP (DMA) : Parameter (SignalID) has Id (SPI1_TX) currently not set
2025-07-09 13:52:33,854 [INFO] ImportTextPane:218 - (OptionalMessage_ERROR) IP (DMA) : Parameter (Polarity) has Id (SPI1_TX) currently not set
2025-07-09 13:52:33,855 [INFO] ImportTextPane:218 - (OptionalMessage_ERROR) IP (DMA) : Parameter (RequestNumber) has Id (SPI1_TX) currently not set
2025-07-09 13:52:33,855 [INFO] ImportTextPane:218 - (OptionalMessage_ERROR) IP (DMA) : Parameter (SyncSignalID) has Id (SPI1_TX) currently not set
2025-07-09 13:52:33,855 [INFO] ImportTextPane:218 - (OptionalMessage_ERROR) IP (DMA) : Parameter (SyncPolarity) has Id (SPI1_TX) currently not set
2025-07-09 13:52:33,855 [INFO] ImportTextPane:218 - (OptionalMessage_ERROR) IP (DMA) : Parameter (SyncEnable) has Id (SPI1_TX) currently not set
2025-07-09 13:52:33,855 [INFO] ImportTextPane:218 - (OptionalMessage_ERROR) IP (DMA) : Parameter (EventEnable) has Id (SPI1_TX) currently not set
2025-07-09 13:52:33,855 [INFO] ImportTextPane:218 - (OptionalMessage_ERROR) IP (DMA) : Parameter (SyncRequestNumber) has Id (SPI1_TX) currently not set
2025-07-09 13:52:33,855 [INFO] ImportTextPane:218 - (OptionalMessage_ERROR) IP (DMA) : Parameter (Instance) has Id (DCMI) currently not set
2025-07-09 13:52:33,855 [INFO] ImportTextPane:218 - (OptionalMessage_ERROR) IP (DMA) : Parameter (Request) has Id (DCMI) currently not set
2025-07-09 13:52:33,855 [INFO] ImportTextPane:218 - (OptionalMessage_ERROR) IP (DMA) : Parameter (Direction) has Id (DCMI) currently not set
2025-07-09 13:52:33,855 [INFO] ImportTextPane:218 - (OptionalMessage_ERROR) IP (DMA) : Parameter (PeriphInc) has Id (DCMI) currently not set
2025-07-09 13:52:33,855 [INFO] ImportTextPane:218 - (OptionalMessage_ERROR) IP (DMA) : Parameter (MemInc) has Id (DCMI) currently not set
2025-07-09 13:52:33,855 [INFO] ImportTextPane:218 - (OptionalMessage_ERROR) IP (DMA) : Parameter (PeriphDataAlignment) has Id (DCMI) currently not set
2025-07-09 13:52:33,855 [INFO] ImportTextPane:218 - (OptionalMessage_ERROR) IP (DMA) : Parameter (MemDataAlignment) has Id (DCMI) currently not set
2025-07-09 13:52:33,855 [INFO] ImportTextPane:218 - (OptionalMessage_ERROR) IP (DMA) : Parameter (Mode) has Id (DCMI) currently not set
2025-07-09 13:52:33,855 [INFO] ImportTextPane:218 - (OptionalMessage_ERROR) IP (DMA) : Parameter (Priority) has Id (DCMI) currently not set
2025-07-09 13:52:33,855 [INFO] ImportTextPane:218 - (OptionalMessage_ERROR) IP (DMA) : Parameter (FIFOMode) has Id (DCMI) currently not set
2025-07-09 13:52:33,855 [INFO] ImportTextPane:218 - (OptionalMessage_ERROR) IP (DMA) : Parameter (SignalID) has Id (DCMI) currently not set
2025-07-09 13:52:33,855 [INFO] ImportTextPane:218 - (OptionalMessage_ERROR) IP (DMA) : Parameter (Polarity) has Id (DCMI) currently not set
2025-07-09 13:52:33,855 [INFO] ImportTextPane:218 - (OptionalMessage_ERROR) IP (DMA) : Parameter (RequestNumber) has Id (DCMI) currently not set
2025-07-09 13:52:33,855 [INFO] ImportTextPane:218 - (OptionalMessage_ERROR) IP (DMA) : Parameter (SyncSignalID) has Id (DCMI) currently not set
2025-07-09 13:52:33,855 [INFO] ImportTextPane:218 - (OptionalMessage_ERROR) IP (DMA) : Parameter (SyncPolarity) has Id (DCMI) currently not set
2025-07-09 13:52:33,855 [INFO] ImportTextPane:218 - (OptionalMessage_ERROR) IP (DMA) : Parameter (SyncEnable) has Id (DCMI) currently not set
2025-07-09 13:52:33,855 [INFO] ImportTextPane:218 - (OptionalMessage_ERROR) IP (DMA) : Parameter (EventEnable) has Id (DCMI) currently not set
2025-07-09 13:52:33,855 [INFO] ImportTextPane:218 - (OptionalMessage_ERROR) IP (DMA) : Parameter (SyncRequestNumber) has Id (DCMI) currently not set
2025-07-09 13:52:33,859 [INFO] ImportTextPane:218 - (OptionalMessage_ERROR) IP (RCC) : Parameter (DFSDMACLkFreq_Value) has invalid value (480000000)
2025-07-09 13:52:33,863 [INFO] ImportTextPane:218 - (OptionalMessage_ERROR) IP (RCC) : Parameter (FDCANFreq_Value) has invalid value (480000000)
2025-07-09 13:52:33,863 [INFO] ImportTextPane:218 - (OptionalMessage_ERROR) IP (RCC) : Invalid parameter (FamilyName)
2025-07-09 13:52:33,863 [INFO] ImportTextPane:218 - (OptionalMessage_ERROR) IP (RCC) : Parameter (SAI1Freq_Value) has invalid value (480000000)
2025-07-09 13:52:33,863 [INFO] ImportTextPane:218 - (OptionalMessage_ERROR) IP (RCC) : Parameter (SAI23Freq_Value) has invalid value (480000000)
2025-07-09 13:52:33,863 [INFO] ImportTextPane:218 - (OptionalMessage_ERROR) IP (RCC) : Parameter (SAI4AFreq_Value) has invalid value (480000000)
2025-07-09 13:52:33,863 [INFO] ImportTextPane:218 - (OptionalMessage_ERROR) IP (RCC) : Parameter (SAI4BFreq_Value) has invalid value (480000000)
2025-07-09 13:52:33,863 [INFO] ImportTextPane:218 - (OptionalMessage_ERROR) IP (RCC) : Parameter (SDMMCFreq_Value) has invalid value (480000000)
2025-07-09 13:52:33,863 [INFO] ImportTextPane:218 - (OptionalMessage_ERROR) IP (RCC) : Parameter (SPDIFRXFreq_Value) has invalid value (480000000)
2025-07-09 13:52:33,863 [INFO] ImportTextPane:218 - (OptionalMessage_ERROR) IP (RCC) : Parameter (USBFreq_Value) has invalid value (480000000)
2025-07-09 13:52:34,814 [INFO] UtilMem:75 - End LoadConfig() Used Memory: 839536184 Bytes (1073741824)
2025-07-09 13:52:34,875 [WARN] ThirdParty:833 - waiting for thirdparty lock release [change project]
2025-07-09 13:52:34,875 [INFO] ThirdParty:835 - entering critical section [change project]
2025-07-09 13:52:34,875 [INFO] ThirdParty:1030 - CMSIS Pack Vendor :STMicroelectronics X-CUBE-PM33A1 1.0.0
2025-07-09 13:52:34,876 [INFO] ThirdParty:1030 - CMSIS Pack Vendor :STMicroelectronics USBPD 4.1
2025-07-09 13:52:34,876 [INFO] ThirdParty:1030 - CMSIS Pack Vendor :STMicroelectronics X-CUBE-AZRTOS-H7 3.3.0
2025-07-09 13:52:34,876 [INFO] ThirdParty:1030 - CMSIS Pack Vendor :STMicroelectronics X-CUBE-NFC9 1.0.0
2025-07-09 13:52:34,876 [INFO] ThirdParty:1030 - CMSIS Pack Vendor :wolfSSL I-CUBE-wolfSSL 5.8.0
2025-07-09 13:52:34,876 [INFO] ThirdParty:1030 - CMSIS Pack Vendor :STMicroelectronics USB_HOST 2.0.0
2025-07-09 13:52:34,876 [INFO] ThirdParty:1030 - CMSIS Pack Vendor :STMicroelectronics FP-SNS-MOTENVWB1 1.4.0
2025-07-09 13:52:34,876 [INFO] ThirdParty:1030 - CMSIS Pack Vendor :STMicroelectronics X-CUBE-AZRTOS-F4 1.1.0
2025-07-09 13:52:34,876 [INFO] ThirdParty:1030 - CMSIS Pack Vendor :STMicroelectronics LIBJPEG 8.0.0
2025-07-09 13:52:34,876 [INFO] ThirdParty:1030 - CMSIS Pack Vendor :STMicroelectronics FP-ATR-ASTRA1 2.0.2
2025-07-09 13:52:34,876 [INFO] ThirdParty:1030 - CMSIS Pack Vendor :STMicroelectronics X-CUBE-BLE1 7.1.0
2025-07-09 13:52:34,876 [INFO] ThirdParty:1030 - CMSIS Pack Vendor :Avnet-IotConnect X-CUBE-IoTC-DA16k-PMOD 1.0.0
2025-07-09 13:52:34,876 [INFO] ThirdParty:1030 - CMSIS Pack Vendor :STMicroelectronics X-CUBE-SMBUS 2.1.0
2025-07-09 13:52:34,876 [INFO] ThirdParty:1030 - CMSIS Pack Vendor :wolfSSL I-CUBE-wolfMQTT 1.19.2
2025-07-09 13:52:34,876 [INFO] ThirdParty:1030 - CMSIS Pack Vendor :STMicroelectronics USB_DEVICE 3.0.0
2025-07-09 13:52:34,876 [INFO] ThirdParty:1030 - CMSIS Pack Vendor :STMicroelectronics X-CUBE-ISPU 2.1.0
2025-07-09 13:52:34,876 [INFO] ThirdParty:1030 - CMSIS Pack Vendor :STMicroelectronics X-CUBE-AZRTOS-WB 2.0.0
2025-07-09 13:52:34,876 [INFO] ThirdParty:1030 - CMSIS Pack Vendor :STMicroelectronics X-CUBE-ST60 1.0.0
2025-07-09 13:52:34,876 [INFO] ThirdParty:1030 - CMSIS Pack Vendor :STMicroelectronics X-CUBE-GNSS1 7.0.1
2025-07-09 13:52:34,876 [INFO] ThirdParty:1030 - CMSIS Pack Vendor :STMicroelectronics X-CUBE-AZRTOS-F7 1.1.0
2025-07-09 13:52:34,876 [INFO] ThirdParty:1030 - CMSIS Pack Vendor :STMicroelectronics X-CUBE-AZRTOS-L5 2.0.0
2025-07-09 13:52:34,876 [INFO] ThirdParty:1030 - CMSIS Pack Vendor :STMicroelectronics X-CUBE-TOUCHGFX 4.25.0
2025-07-09 13:52:34,876 [INFO] ThirdParty:1030 - CMSIS Pack Vendor :STMicroelectronics USB_DEVICE 2.0.0
2025-07-09 13:52:34,876 [INFO] ThirdParty:1030 - CMSIS Pack Vendor :STMicroelectronics X-CUBE-NFC6 3.1.0
2025-07-09 13:52:34,876 [INFO] ThirdParty:1030 - CMSIS Pack Vendor :STMicroelectronics X-CUBE-AI 10.1.0
2025-07-09 13:52:34,876 [INFO] ThirdParty:1030 - CMSIS Pack Vendor :STMicroelectronics FP-SNS-STBOX1 2.0.0
2025-07-09 13:52:34,876 [INFO] ThirdParty:1030 - CMSIS Pack Vendor :STMicroelectronics X-CUBE-MEMS1 11.2.0
2025-07-09 13:52:34,876 [INFO] ThirdParty:1030 - CMSIS Pack Vendor :STMicroelectronics FreeRTOS 0.0.1
2025-07-09 13:52:34,876 [INFO] ThirdParty:1030 - CMSIS Pack Vendor :STMicroelectronics X-CUBE-AZRTOS-G0 1.1.0
2025-07-09 13:52:34,876 [INFO] ThirdParty:1030 - CMSIS Pack Vendor :STMicroelectronics X-CUBE-SAFEA1 1.2.2
2025-07-09 13:52:34,877 [INFO] ThirdParty:1030 - CMSIS Pack Vendor :STMicroelectronics X-CUBE-NFC4 3.0.0
2025-07-09 13:52:34,877 [INFO] ThirdParty:1030 - CMSIS Pack Vendor :STMicroelectronics X-CUBE-SUBG2 5.0.0
2025-07-09 13:52:34,877 [INFO] ThirdParty:1030 - CMSIS Pack Vendor :STMicroelectronics X-CUBE-AZRTOS-H7RS 1.1.0
2025-07-09 13:52:34,877 [INFO] ThirdParty:1030 - CMSIS Pack Vendor :STMicroelectronics STM32_WPAN 1.0.0
2025-07-09 13:52:34,877 [INFO] ThirdParty:1030 - CMSIS Pack Vendor :EmbeddedOffice I-CUBE-FS-RTOS 1.0.1
2025-07-09 13:52:34,877 [INFO] ThirdParty:1030 - CMSIS Pack Vendor :STMicroelectronics lwIP 2.0.3
2025-07-09 13:52:34,877 [INFO] ThirdParty:1030 - CMSIS Pack Vendor :Cesanta I-CUBE-Mongoose 7.13.0
2025-07-09 13:52:34,877 [INFO] ThirdParty:1030 - CMSIS Pack Vendor :STMicroelectronics USB_HOST 1.0.0
2025-07-09 13:52:34,877 [INFO] ThirdParty:1030 - CMSIS Pack Vendor :Infineon AIROC-Wi-Fi-Bluetooth-STM32 1.7.0
2025-07-09 13:52:34,877 [INFO] ThirdParty:1030 - CMSIS Pack Vendor :STMicroelectronics X-CUBE-AZRTOS-G4 2.0.0
2025-07-09 13:52:34,877 [INFO] ThirdParty:1030 - CMSIS Pack Vendor :STMicroelectronics X-CUBE-WB05N 2.0.0
2025-07-09 13:52:34,877 [INFO] ThirdParty:1030 - CMSIS Pack Vendor :STMicroelectronics PDM2PCM 3.1.0
2025-07-09 13:52:34,877 [INFO] ThirdParty:1030 - CMSIS Pack Vendor :STMicroelectronics PDM2PCM 3.3.0
2025-07-09 13:52:34,877 [INFO] ThirdParty:1030 - CMSIS Pack Vendor :wolfSSL I-CUBE-wolfTPM 3.8.0
2025-07-09 13:52:34,877 [INFO] ThirdParty:1030 - CMSIS Pack Vendor :STMicroelectronics X-CUBE-AZRTOS-H7 3.4.0
2025-07-09 13:52:34,877 [INFO] ThirdParty:1030 - CMSIS Pack Vendor :STMicroelectronics X-CUBE-DISPLAY 3.0.0
2025-07-09 13:52:34,877 [INFO] ThirdParty:1030 - CMSIS Pack Vendor :wolfSSL I-CUBE-wolfSSH 1.4.20
2025-07-09 13:52:34,877 [INFO] ThirdParty:1030 - CMSIS Pack Vendor :STMicroelectronics X-CUBE-NFC7 2.0.0
2025-07-09 13:52:34,877 [INFO] ThirdParty:1030 - CMSIS Pack Vendor :STMicroelectronics X-CUBE-TCPP 4.2.0
2025-07-09 13:52:34,877 [INFO] ThirdParty:1030 - CMSIS Pack Vendor :RealThread X-CUBE-RT-Thread_Nano 4.1.1
2025-07-09 13:52:34,877 [INFO] ThirdParty:1030 - CMSIS Pack Vendor :STMicroelectronics FP-ATR-SIGFOX1 3.2.0
2025-07-09 13:52:34,877 [INFO] ThirdParty:1030 - CMSIS Pack Vendor :STMicroelectronics X-CUBE-NFC10 1.0.0
2025-07-09 13:52:34,877 [INFO] ThirdParty:1030 - CMSIS Pack Vendor :STMicroelectronics X-CUBE-BLEMGR 4.0.0
2025-07-09 13:52:34,877 [INFO] ThirdParty:1030 - CMSIS Pack Vendor :STMicroelectronics X-CUBE-EEPRMA1 5.1.0
2025-07-09 13:52:34,877 [INFO] ThirdParty:1030 - CMSIS Pack Vendor :STMicroelectronics X-CUBE-FREERTOS 1.3.1
2025-07-09 13:52:34,877 [INFO] ThirdParty:1030 - CMSIS Pack Vendor :STMicroelectronics HAL Drivers 0.0.0
2025-07-09 13:52:34,877 [INFO] ThirdParty:1030 - CMSIS Pack Vendor :STMicroelectronics MBEDTLS 2.16.2
2025-07-09 13:52:34,877 [INFO] ThirdParty:1030 - CMSIS Pack Vendor :STMicroelectronics X-CUBE-IPS 3.1.0
2025-07-09 13:52:34,877 [INFO] ThirdParty:1030 - CMSIS Pack Vendor :STMicroelectronics X-CUBE-ALS 1.0.2
2025-07-09 13:52:34,877 [INFO] ThirdParty:1030 - CMSIS Pack Vendor :emotas I-CUBE-CANOPEN 1.3.0
2025-07-09 13:52:34,877 [INFO] ThirdParty:1030 - CMSIS Pack Vendor :STMicroelectronics MBEDTLS 2.14.1
2025-07-09 13:52:34,877 [INFO] ThirdParty:1030 - CMSIS Pack Vendor :ITTIA_DB I-CUBE-ITTIADB 8.9.0
2025-07-09 13:52:34,877 [INFO] ThirdParty:1030 - CMSIS Pack Vendor :portGmbH I-Cube-SoM-uGOAL 1.1.0
2025-07-09 13:52:34,877 [INFO] ThirdParty:1030 - CMSIS Pack Vendor :quantropi X-CUBE-qispace-sdk-base 2.0.0
2025-07-09 13:52:34,877 [INFO] ThirdParty:1030 - CMSIS Pack Vendor :STMicroelectronics X-CUBE-AI 10.0.0
2025-07-09 13:52:34,877 [INFO] ThirdParty:1030 - CMSIS Pack Vendor :STMicroelectronics X-CUBE-ST67W61 1.0.0
2025-07-09 13:52:34,877 [INFO] ThirdParty:1030 - CMSIS Pack Vendor :STMicroelectronics FP-SNS-STAIOTCFT 1.0.0
2025-07-09 13:52:34,877 [INFO] ThirdParty:1030 - CMSIS Pack Vendor :STMicroelectronics ThreadX 1.0.0
2025-07-09 13:52:34,877 [INFO] ThirdParty:1030 - CMSIS Pack Vendor :STMicroelectronics FP-SNS-SMARTAG2 1.2.0
2025-07-09 13:52:34,877 [INFO] ThirdParty:1030 - CMSIS Pack Vendor :STMicroelectronics FP-SNS-FLIGHT1 5.1.0
2025-07-09 13:52:34,877 [INFO] ThirdParty:1030 - CMSIS Pack Vendor :STMicroelectronics X-CUBE-AZRTOS-WL 2.0.0
2025-07-09 13:52:34,877 [INFO] ThirdParty:1030 - CMSIS Pack Vendor :SEGGER I-CUBE-embOS 1.3.1
2025-07-09 13:52:34,877 [INFO] ThirdParty:1030 - CMSIS Pack Vendor :STMicroelectronics X-CUBE-ALGOBUILD 1.4.0
2025-07-09 13:52:34,877 [INFO] ThirdParty:1030 - CMSIS Pack Vendor :STMicroelectronics X-CUBE-DPower 1.3.0
2025-07-09 13:52:34,878 [INFO] ThirdParty:1030 - CMSIS Pack Vendor :STMicroelectronics X-CUBE-MEMS1 11.3.0
2025-07-09 13:52:34,878 [INFO] ThirdParty:1030 - CMSIS Pack Vendor :STMicroelectronics FP-SNS-MOTENV1 5.0.0
2025-07-09 13:52:34,878 [INFO] ThirdParty:1030 - CMSIS Pack Vendor :STMicroelectronics USB_DEVICE 1.0.0
2025-07-09 13:52:34,878 [INFO] ThirdParty:1030 - CMSIS Pack Vendor :STMicroelectronics X-CUBE-AZRTOS-L4 2.0.0
2025-07-09 13:52:34,878 [INFO] ThirdParty:1030 - CMSIS Pack Vendor :STMicroelectronics ThreadX 0.0.2
2025-07-09 13:52:34,878 [INFO] ThirdParty:1030 - CMSIS Pack Vendor :WES I-CUBE-Cesium 1.3.0
2025-07-09 13:52:34,878 [INFO] ThirdParty:1030 - CMSIS Pack Vendor :STMicroelectronics lwIP 2.1.2
2025-07-09 13:52:34,879 [INFO] ThirdParty:1030 - CMSIS Pack Vendor :STMicroelectronics X-CUBE-SFXS2LP1 4.0.0
2025-07-09 13:52:34,879 [INFO] ThirdParty:1030 - CMSIS Pack Vendor :STMicroelectronics X-CUBE-BLE2 3.3.0
2025-07-09 13:52:34,879 [INFO] ThirdParty:1030 - CMSIS Pack Vendor :STMicroelectronics X-CUBE-TOF1 3.4.3
2025-07-09 13:52:34,879 [INFO] ThirdParty:1030 - CMSIS Pack Vendor :STMicroelectronics PDM2PCM 3.2.0
2025-07-09 13:52:34,879 [INFO] ThirdParty:841 - exiting critical section [change project]
2025-07-09 13:52:35,460 [INFO] PinOutPanel:1589 - setPackage(No Configuration,No Configuration)
2025-07-09 13:52:35,461 [INFO] PinOutPanel:1589 - setPackage(STM32H743XIHx,TFBGA240)
2025-07-09 13:52:36,205 [INFO] UtilMem:75 - Before build in PCC Used Memory: 846953408 Bytes (1073741824)
2025-07-09 13:52:36,559 [INFO] UtilMem:75 - After build in PCC Used Memory: 911965120 Bytes (1073741824)
2025-07-09 13:52:36,594 [INFO] IPUIPlugin:80 - create IPUIPlugin
2025-07-09 13:52:36,594 [INFO] IPUIPlugin:80 - create IPUIPlugin
2025-07-09 13:52:36,594 [INFO] IPUIPlugin:80 - create IPUIPlugin
2025-07-09 13:52:36,594 [INFO] IPUIPlugin:80 - create IPUIPlugin
2025-07-09 13:52:36,594 [INFO] IPUIPlugin:80 - create IPUIPlugin
2025-07-09 13:52:36,594 [INFO] IPUIPlugin:80 - create IPUIPlugin
2025-07-09 13:52:36,594 [INFO] IPUIPlugin:80 - create IPUIPlugin
2025-07-09 13:52:36,594 [INFO] IPUIPlugin:80 - create IPUIPlugin
2025-07-09 13:52:36,594 [INFO] IPUIPlugin:80 - create IPUIPlugin
2025-07-09 13:52:36,594 [INFO] IPUIPlugin:80 - create IPUIPlugin
2025-07-09 13:52:36,594 [INFO] IPUIPlugin:80 - create IPUIPlugin
2025-07-09 13:52:36,594 [INFO] IPUIPlugin:80 - create IPUIPlugin
2025-07-09 13:52:36,594 [INFO] IPUIPlugin:80 - create IPUIPlugin
2025-07-09 13:52:36,595 [INFO] IPUIPlugin:80 - create IPUIPlugin
2025-07-09 13:52:36,595 [INFO] IPUIPlugin:80 - create IPUIPlugin
2025-07-09 13:52:36,595 [INFO] IPUIPlugin:80 - create IPUIPlugin
2025-07-09 13:52:36,595 [INFO] IPUIPlugin:80 - create IPUIPlugin
2025-07-09 13:52:36,595 [INFO] IPUIPlugin:80 - create IPUIPlugin
2025-07-09 13:52:36,595 [INFO] IPUIPlugin:80 - create IPUIPlugin
2025-07-09 13:52:36,595 [INFO] IPUIPlugin:80 - create IPUIPlugin
2025-07-09 13:52:36,595 [INFO] IPUIPlugin:80 - create IPUIPlugin
2025-07-09 13:52:36,595 [INFO] IPUIPlugin:80 - create IPUIPlugin
2025-07-09 13:52:36,596 [INFO] IPUIPlugin:80 - create IPUIPlugin
2025-07-09 13:52:36,596 [INFO] IPUIPlugin:80 - create IPUIPlugin
2025-07-09 13:52:36,596 [INFO] IPUIPlugin:80 - create IPUIPlugin
2025-07-09 13:52:36,596 [INFO] IPUIPlugin:80 - create IPUIPlugin
2025-07-09 13:52:36,596 [INFO] IPUIPlugin:80 - create IPUIPlugin
2025-07-09 13:52:36,596 [INFO] IPUIPlugin:80 - create IPUIPlugin
2025-07-09 13:52:36,596 [INFO] IPUIPlugin:80 - create IPUIPlugin
2025-07-09 13:52:36,596 [INFO] IPUIPlugin:80 - create IPUIPlugin
2025-07-09 13:52:36,596 [INFO] IPUIPlugin:80 - create IPUIPlugin
2025-07-09 13:52:36,596 [INFO] IPUIPlugin:80 - create IPUIPlugin
2025-07-09 13:52:36,596 [INFO] IPUIPlugin:80 - create IPUIPlugin
2025-07-09 13:52:36,597 [INFO] IPUIPlugin:80 - create IPUIPlugin
2025-07-09 13:52:36,597 [INFO] IPUIPlugin:80 - create IPUIPlugin
2025-07-09 13:52:36,597 [INFO] IPUIPlugin:80 - create IPUIPlugin
2025-07-09 13:52:36,597 [INFO] IPUIPlugin:80 - create IPUIPlugin
2025-07-09 13:52:36,597 [INFO] IPUIPlugin:80 - create IPUIPlugin
2025-07-09 13:52:36,597 [INFO] IPUIPlugin:80 - create IPUIPlugin
2025-07-09 13:52:36,597 [INFO] IPUIPlugin:80 - create IPUIPlugin
2025-07-09 13:52:36,598 [INFO] IPUIPlugin:80 - create IPUIPlugin
2025-07-09 13:52:36,598 [INFO] IPUIPlugin:80 - create IPUIPlugin
2025-07-09 13:52:36,598 [INFO] IPUIPlugin:80 - create IPUIPlugin
2025-07-09 13:52:36,599 [INFO] IPUIPlugin:80 - create IPUIPlugin
2025-07-09 13:52:36,599 [INFO] IPUIPlugin:80 - create IPUIPlugin
2025-07-09 13:52:36,599 [INFO] IPUIPlugin:80 - create IPUIPlugin
2025-07-09 13:52:36,599 [INFO] IPUIPlugin:80 - create IPUIPlugin
2025-07-09 13:52:36,600 [INFO] IPUIPlugin:80 - create IPUIPlugin
2025-07-09 13:52:36,600 [INFO] IPUIPlugin:80 - create IPUIPlugin
2025-07-09 13:52:36,600 [INFO] IPUIPlugin:80 - create IPUIPlugin
2025-07-09 13:52:36,600 [INFO] IPUIPlugin:80 - create IPUIPlugin
2025-07-09 13:52:36,600 [INFO] IPUIPlugin:80 - create IPUIPlugin
2025-07-09 13:52:36,600 [INFO] IPUIPlugin:80 - create IPUIPlugin
2025-07-09 13:52:36,601 [INFO] IPUIPlugin:80 - create IPUIPlugin
2025-07-09 13:52:36,601 [INFO] IPUIPlugin:80 - create IPUIPlugin
2025-07-09 13:52:36,601 [INFO] IPUIPlugin:80 - create IPUIPlugin
2025-07-09 13:52:36,601 [INFO] IPUIPlugin:80 - create IPUIPlugin
2025-07-09 13:52:36,601 [INFO] IPUIPlugin:80 - create IPUIPlugin
2025-07-09 13:52:36,601 [INFO] IPUIPlugin:80 - create IPUIPlugin
2025-07-09 13:52:36,601 [INFO] IPUIPlugin:80 - create IPUIPlugin
2025-07-09 13:52:36,602 [INFO] IPUIPlugin:80 - create IPUIPlugin
2025-07-09 13:52:36,602 [INFO] IPUIPlugin:80 - create IPUIPlugin
2025-07-09 13:52:36,602 [INFO] IPUIPlugin:80 - create IPUIPlugin
2025-07-09 13:52:36,602 [INFO] IPUIPlugin:80 - create IPUIPlugin
2025-07-09 13:52:36,602 [INFO] IPUIPlugin:80 - create IPUIPlugin
2025-07-09 13:52:36,603 [INFO] IPUIPlugin:80 - create IPUIPlugin
2025-07-09 13:52:36,603 [INFO] IPUIPlugin:80 - create IPUIPlugin
2025-07-09 13:52:36,603 [INFO] IPUIPlugin:80 - create IPUIPlugin
2025-07-09 13:52:36,604 [INFO] IPUIPlugin:80 - create IPUIPlugin
2025-07-09 13:52:36,604 [INFO] IPUIPlugin:80 - create IPUIPlugin
2025-07-09 13:52:36,604 [INFO] IPUIPlugin:80 - create IPUIPlugin
2025-07-09 13:52:36,604 [INFO] IPUIPlugin:80 - create IPUIPlugin
2025-07-09 13:52:36,604 [INFO] IPUIPlugin:80 - create IPUIPlugin
2025-07-09 13:52:36,605 [INFO] IPUIPlugin:80 - create IPUIPlugin
2025-07-09 13:52:36,605 [INFO] IPUIPlugin:80 - create IPUIPlugin
2025-07-09 13:52:36,605 [INFO] IPUIPlugin:80 - create IPUIPlugin
2025-07-09 13:52:36,605 [INFO] IPUIPlugin:80 - create IPUIPlugin
2025-07-09 13:52:36,605 [INFO] IPUIPlugin:80 - create IPUIPlugin
2025-07-09 13:52:36,606 [INFO] IPUIPlugin:80 - create IPUIPlugin
2025-07-09 13:52:36,606 [INFO] IPUIPlugin:80 - create IPUIPlugin
2025-07-09 13:52:36,606 [INFO] IPUIPlugin:80 - create IPUIPlugin
2025-07-09 13:52:36,606 [INFO] IPUIPlugin:80 - create IPUIPlugin
2025-07-09 13:52:36,606 [INFO] IPUIPlugin:80 - create IPUIPlugin
2025-07-09 13:52:36,607 [INFO] IPUIPlugin:80 - create IPUIPlugin
2025-07-09 13:52:36,607 [INFO] IPUIPlugin:80 - create IPUIPlugin
2025-07-09 13:52:36,607 [INFO] IPUIPlugin:80 - create IPUIPlugin
2025-07-09 13:52:36,607 [INFO] IPUIPlugin:80 - create IPUIPlugin
2025-07-09 13:52:36,608 [INFO] IPUIPlugin:80 - create IPUIPlugin
2025-07-09 13:52:36,608 [INFO] IPUIPlugin:80 - create IPUIPlugin
2025-07-09 13:52:36,608 [INFO] IPUIPlugin:80 - create IPUIPlugin
2025-07-09 13:52:36,608 [INFO] IPUIPlugin:80 - create IPUIPlugin
2025-07-09 13:52:36,609 [INFO] IPUIPlugin:80 - create IPUIPlugin
2025-07-09 13:52:36,609 [INFO] IPUIPlugin:80 - create IPUIPlugin
2025-07-09 13:52:36,609 [INFO] IPUIPlugin:80 - create IPUIPlugin
2025-07-09 13:52:36,610 [INFO] IPUIPlugin:80 - create IPUIPlugin
2025-07-09 13:52:36,610 [INFO] IPUIPlugin:80 - create IPUIPlugin
2025-07-09 13:52:36,610 [INFO] IPUIPlugin:80 - create IPUIPlugin
2025-07-09 13:52:36,611 [INFO] IPUIPlugin:80 - create IPUIPlugin
2025-07-09 13:52:36,623 [INFO] ApiDbMcu:508 - Load IP Config File for PDM2PCM
2025-07-09 13:52:36,716 [INFO] CADModel:165 - CPN selected for project levelSTM32H743XIH6
2025-07-09 13:52:36,716 [INFO] CADModel:114 - Register for checkConnection events
2025-07-09 13:52:36,862 [INFO] OpenFileManager:385 - Restore cursor
2025-07-09 13:53:11,570 [INFO] I2cTimingTraitement:330 - 0x307075B1
2025-07-09 13:53:11,845 [INFO] I2cTimingTraitement:330 - 0x307075B1
2025-07-09 13:53:15,769 [INFO] I2cTimingTraitement:330 - 0x307075B1
2025-07-09 13:53:18,093 [INFO] I2cTimingTraitement:330 - 0x307075B1
2025-07-09 13:53:20,612 [INFO] I2cTimingTraitement:330 - 0x307075B1
2025-07-09 13:53:22,916 [INFO] I2cTimingTraitement:330 - 0x307075B1
2025-07-09 13:53:25,460 [INFO] I2cTimingTraitement:330 - 0x307075B1
2025-07-09 13:53:27,870 [INFO] I2cTimingTraitement:330 - 0x307075B1
2025-07-09 13:53:30,098 [INFO] I2cTimingTraitement:330 - 0x307075B1
2025-07-09 13:53:32,412 [INFO] I2cTimingTraitement:330 - 0x307075B1
2025-07-09 13:53:34,672 [INFO] I2cTimingTraitement:330 - 0x307075B1
2025-07-09 13:53:35,236 [INFO] I2cTimingTraitement:330 - 0x307075B1
2025-07-09 13:53:36,302 [INFO] I2cTimingTraitement:330 - 0x307075B1
2025-07-09 13:53:37,419 [INFO] I2cTimingTraitement:330 - 0x307075B1
2025-07-09 13:53:37,912 [INFO] I2cTimingTraitement:330 - 0x307075B1
2025-07-09 13:53:38,559 [INFO] I2cTimingTraitement:330 - 0x307075B1
2025-07-09 13:53:45,139 [INFO] I2cTimingTraitement:330 - 0x307075B1
2025-07-09 13:53:49,132 [INFO] UtilMem:75 - End SaveConfig() Used Memory: 823010952 Bytes (1073741824)
2025-07-09 13:53:50,936 [INFO] UtilMem:75 - End SaveConfig() Used Memory: 866004592 Bytes (1073741824)
2025-07-09 13:53:51,182 [INFO] UtilMem:75 - End SaveConfig() Used Memory: 907705880 Bytes (1073741824)
2025-07-09 13:53:51,529 [INFO] BlockDiagram:2775 - set Specific Code input for plugin: SPI
2025-07-09 13:53:51,529 [INFO] BlockDiagram:2775 - set Specific Code input for plugin: RCC
2025-07-09 13:53:51,529 [INFO] BlockDiagram:2775 - set Specific Code input for plugin: I2C
2025-07-09 13:53:51,529 [INFO] BlockDiagram:2775 - set Specific Code input for plugin: DCMI
2025-07-09 13:53:51,529 [INFO] BlockDiagram:2775 - set Specific Code input for plugin: USART
2025-07-09 13:53:51,529 [INFO] BlockDiagram:2775 - set Specific Code input for plugin: FMC
2025-07-09 13:53:51,529 [INFO] BlockDiagram:2775 - set Specific Code input for plugin: MEMORYMAP
2025-07-09 13:53:51,529 [INFO] BlockDiagram:2775 - set Specific Code input for plugin: SYS
2025-07-09 13:53:51,529 [INFO] BlockDiagram:2775 - set Specific Code input for plugin: NVIC
2025-07-09 13:53:51,529 [INFO] BlockDiagram:2775 - set Specific Code input for plugin: CORTEX_M7
2025-07-09 13:53:51,529 [INFO] BlockDiagram:2775 - set Specific Code input for plugin: DMA
2025-07-09 13:53:51,529 [INFO] BlockDiagram:2775 - set Specific Code input for plugin: DEBUG
2025-07-09 13:53:51,530 [INFO] BlockDiagram:2775 - set Specific Code input for plugin: GPIO
2025-07-09 13:53:51,531 [INFO] CodeGenerator:882 - code generatio: config db path: C:\ST\STM32CubeIDE_1.18.1\STM32CubeIDE\plugins\com.st.stm32cube.common.mx_6.14.1.202504091515\\db\
2025-07-09 13:53:51,540 [INFO] Argument:325 - Argument : hdmavalue: null
2025-07-09 13:53:51,540 [INFO] Argument:327 - 	 sub Args: 
2025-07-09 13:53:51,540 [INFO] Argument:325 - Argument : Instancevalue: DMA1_Stream1
2025-07-09 13:53:51,540 [INFO] Argument:335 - Argument : Instancevalue: DMA1_Stream1
2025-07-09 13:53:51,540 [INFO] Argument:325 - Argument : Initvalue: null
2025-07-09 13:53:51,540 [INFO] Argument:327 - 	 sub Args: 
2025-07-09 13:53:51,540 [INFO] Argument:325 - Argument : Requestvalue: DMA_REQUEST_DCMI
2025-07-09 13:53:51,540 [INFO] Argument:335 - Argument : Requestvalue: DMA_REQUEST_DCMI
2025-07-09 13:53:51,540 [INFO] Argument:325 - Argument : Directionvalue: DMA_PERIPH_TO_MEMORY
2025-07-09 13:53:51,540 [INFO] Argument:335 - Argument : Directionvalue: DMA_PERIPH_TO_MEMORY
2025-07-09 13:53:51,540 [INFO] Argument:325 - Argument : PeriphIncvalue: DMA_PINC_DISABLE
2025-07-09 13:53:51,540 [INFO] Argument:335 - Argument : PeriphIncvalue: DMA_PINC_DISABLE
2025-07-09 13:53:51,540 [INFO] Argument:325 - Argument : MemIncvalue: DMA_MINC_ENABLE
2025-07-09 13:53:51,540 [INFO] Argument:335 - Argument : MemIncvalue: DMA_MINC_ENABLE
2025-07-09 13:53:51,540 [INFO] Argument:325 - Argument : PeriphDataAlignmentvalue: DMA_PDATAALIGN_WORD
2025-07-09 13:53:51,540 [INFO] Argument:335 - Argument : PeriphDataAlignmentvalue: DMA_PDATAALIGN_WORD
2025-07-09 13:53:51,540 [INFO] Argument:325 - Argument : MemDataAlignmentvalue: DMA_MDATAALIGN_WORD
2025-07-09 13:53:51,540 [INFO] Argument:335 - Argument : MemDataAlignmentvalue: DMA_MDATAALIGN_WORD
2025-07-09 13:53:51,540 [INFO] Argument:325 - Argument : Modevalue: DMA_NORMAL
2025-07-09 13:53:51,540 [INFO] Argument:335 - Argument : Modevalue: DMA_NORMAL
2025-07-09 13:53:51,540 [INFO] Argument:325 - Argument : Priorityvalue: DMA_PRIORITY_LOW
2025-07-09 13:53:51,540 [INFO] Argument:335 - Argument : Priorityvalue: DMA_PRIORITY_LOW
2025-07-09 13:53:51,540 [INFO] Argument:325 - Argument : FIFOModevalue: DMA_FIFOMODE_DISABLE
2025-07-09 13:53:51,540 [INFO] Argument:335 - Argument : FIFOModevalue: DMA_FIFOMODE_DISABLE
2025-07-09 13:53:51,540 [INFO] Argument:325 - Argument : FIFOThresholdvalue: null
2025-07-09 13:53:51,540 [INFO] Argument:335 - Argument : FIFOThresholdvalue: null
2025-07-09 13:53:51,540 [INFO] Argument:325 - Argument : MemBurstvalue: null
2025-07-09 13:53:51,540 [INFO] Argument:335 - Argument : MemBurstvalue: null
2025-07-09 13:53:51,540 [INFO] Argument:325 - Argument : PeriphBurstvalue: null
2025-07-09 13:53:51,540 [INFO] Argument:335 - Argument : PeriphBurstvalue: null
2025-07-09 13:53:51,541 [INFO] Argument:325 - Argument : Lockvalue: null
2025-07-09 13:53:51,541 [INFO] Argument:335 - Argument : Lockvalue: null
2025-07-09 13:53:51,541 [INFO] Argument:325 - Argument : Statevalue: null
2025-07-09 13:53:51,541 [INFO] Argument:335 - Argument : Statevalue: null
2025-07-09 13:53:51,541 [INFO] Argument:325 - Argument : Parentvalue: null
2025-07-09 13:53:51,541 [INFO] Argument:335 - Argument : Parentvalue: null
2025-07-09 13:53:51,541 [INFO] Argument:325 - Argument : XferCpltCallbackvalue: null
2025-07-09 13:53:51,541 [INFO] Argument:335 - Argument : XferCpltCallbackvalue: null
2025-07-09 13:53:51,541 [INFO] Argument:325 - Argument : XferHalfCpltCallbackvalue: null
2025-07-09 13:53:51,541 [INFO] Argument:335 - Argument : XferHalfCpltCallbackvalue: null
2025-07-09 13:53:51,541 [INFO] Argument:325 - Argument : XferM1CpltCallbackvalue: null
2025-07-09 13:53:51,541 [INFO] Argument:335 - Argument : XferM1CpltCallbackvalue: null
2025-07-09 13:53:51,541 [INFO] Argument:325 - Argument : XferM1HalfCpltCallbackvalue: null
2025-07-09 13:53:51,541 [INFO] Argument:335 - Argument : XferM1HalfCpltCallbackvalue: null
2025-07-09 13:53:51,541 [INFO] Argument:325 - Argument : XferErrorCallbackvalue: null
2025-07-09 13:53:51,541 [INFO] Argument:335 - Argument : XferErrorCallbackvalue: null
2025-07-09 13:53:51,541 [INFO] Argument:325 - Argument : XferAbortCallbackvalue: null
2025-07-09 13:53:51,541 [INFO] Argument:335 - Argument : XferAbortCallbackvalue: null
2025-07-09 13:53:51,541 [INFO] Argument:325 - Argument : ErrorCodevalue: null
2025-07-09 13:53:51,541 [INFO] Argument:335 - Argument : ErrorCodevalue: null
2025-07-09 13:53:51,541 [INFO] Argument:325 - Argument : StreamBaseAddressvalue: null
2025-07-09 13:53:51,541 [INFO] Argument:335 - Argument : StreamBaseAddressvalue: null
2025-07-09 13:53:51,541 [INFO] Argument:325 - Argument : StreamIndexvalue: null
2025-07-09 13:53:51,541 [INFO] Argument:335 - Argument : StreamIndexvalue: null
2025-07-09 13:53:51,577 [INFO] Argument:325 - Argument : hdmavalue: null
2025-07-09 13:53:51,577 [INFO] Argument:327 - 	 sub Args: 
2025-07-09 13:53:51,577 [INFO] Argument:325 - Argument : Instancevalue: DMA1_Stream0
2025-07-09 13:53:51,577 [INFO] Argument:335 - Argument : Instancevalue: DMA1_Stream0
2025-07-09 13:53:51,577 [INFO] Argument:325 - Argument : Initvalue: null
2025-07-09 13:53:51,577 [INFO] Argument:327 - 	 sub Args: 
2025-07-09 13:53:51,577 [INFO] Argument:325 - Argument : Requestvalue: DMA_REQUEST_SPI1_TX
2025-07-09 13:53:51,577 [INFO] Argument:335 - Argument : Requestvalue: DMA_REQUEST_SPI1_TX
2025-07-09 13:53:51,577 [INFO] Argument:325 - Argument : Directionvalue: DMA_MEMORY_TO_PERIPH
2025-07-09 13:53:51,577 [INFO] Argument:335 - Argument : Directionvalue: DMA_MEMORY_TO_PERIPH
2025-07-09 13:53:51,578 [INFO] Argument:325 - Argument : PeriphIncvalue: DMA_PINC_DISABLE
2025-07-09 13:53:51,578 [INFO] Argument:335 - Argument : PeriphIncvalue: DMA_PINC_DISABLE
2025-07-09 13:53:51,578 [INFO] Argument:325 - Argument : MemIncvalue: DMA_MINC_ENABLE
2025-07-09 13:53:51,578 [INFO] Argument:335 - Argument : MemIncvalue: DMA_MINC_ENABLE
2025-07-09 13:53:51,578 [INFO] Argument:325 - Argument : PeriphDataAlignmentvalue: DMA_PDATAALIGN_BYTE
2025-07-09 13:53:51,578 [INFO] Argument:335 - Argument : PeriphDataAlignmentvalue: DMA_PDATAALIGN_BYTE
2025-07-09 13:53:51,578 [INFO] Argument:325 - Argument : MemDataAlignmentvalue: DMA_MDATAALIGN_BYTE
2025-07-09 13:53:51,578 [INFO] Argument:335 - Argument : MemDataAlignmentvalue: DMA_MDATAALIGN_BYTE
2025-07-09 13:53:51,578 [INFO] Argument:325 - Argument : Modevalue: DMA_NORMAL
2025-07-09 13:53:51,578 [INFO] Argument:335 - Argument : Modevalue: DMA_NORMAL
2025-07-09 13:53:51,578 [INFO] Argument:325 - Argument : Priorityvalue: DMA_PRIORITY_LOW
2025-07-09 13:53:51,578 [INFO] Argument:335 - Argument : Priorityvalue: DMA_PRIORITY_LOW
2025-07-09 13:53:51,578 [INFO] Argument:325 - Argument : FIFOModevalue: DMA_FIFOMODE_DISABLE
2025-07-09 13:53:51,578 [INFO] Argument:335 - Argument : FIFOModevalue: DMA_FIFOMODE_DISABLE
2025-07-09 13:53:51,578 [INFO] Argument:325 - Argument : FIFOThresholdvalue: null
2025-07-09 13:53:51,578 [INFO] Argument:335 - Argument : FIFOThresholdvalue: null
2025-07-09 13:53:51,578 [INFO] Argument:325 - Argument : MemBurstvalue: null
2025-07-09 13:53:51,578 [INFO] Argument:335 - Argument : MemBurstvalue: null
2025-07-09 13:53:51,578 [INFO] Argument:325 - Argument : PeriphBurstvalue: null
2025-07-09 13:53:51,578 [INFO] Argument:335 - Argument : PeriphBurstvalue: null
2025-07-09 13:53:51,578 [INFO] Argument:325 - Argument : Lockvalue: null
2025-07-09 13:53:51,578 [INFO] Argument:335 - Argument : Lockvalue: null
2025-07-09 13:53:51,578 [INFO] Argument:325 - Argument : Statevalue: null
2025-07-09 13:53:51,578 [INFO] Argument:335 - Argument : Statevalue: null
2025-07-09 13:53:51,578 [INFO] Argument:325 - Argument : Parentvalue: null
2025-07-09 13:53:51,578 [INFO] Argument:335 - Argument : Parentvalue: null
2025-07-09 13:53:51,578 [INFO] Argument:325 - Argument : XferCpltCallbackvalue: null
2025-07-09 13:53:51,578 [INFO] Argument:335 - Argument : XferCpltCallbackvalue: null
2025-07-09 13:53:51,578 [INFO] Argument:325 - Argument : XferHalfCpltCallbackvalue: null
2025-07-09 13:53:51,578 [INFO] Argument:335 - Argument : XferHalfCpltCallbackvalue: null
2025-07-09 13:53:51,578 [INFO] Argument:325 - Argument : XferM1CpltCallbackvalue: null
2025-07-09 13:53:51,578 [INFO] Argument:335 - Argument : XferM1CpltCallbackvalue: null
2025-07-09 13:53:51,578 [INFO] Argument:325 - Argument : XferM1HalfCpltCallbackvalue: null
2025-07-09 13:53:51,578 [INFO] Argument:335 - Argument : XferM1HalfCpltCallbackvalue: null
2025-07-09 13:53:51,578 [INFO] Argument:325 - Argument : XferErrorCallbackvalue: null
2025-07-09 13:53:51,578 [INFO] Argument:335 - Argument : XferErrorCallbackvalue: null
2025-07-09 13:53:51,578 [INFO] Argument:325 - Argument : XferAbortCallbackvalue: null
2025-07-09 13:53:51,578 [INFO] Argument:335 - Argument : XferAbortCallbackvalue: null
2025-07-09 13:53:51,578 [INFO] Argument:325 - Argument : ErrorCodevalue: null
2025-07-09 13:53:51,578 [INFO] Argument:335 - Argument : ErrorCodevalue: null
2025-07-09 13:53:51,578 [INFO] Argument:325 - Argument : StreamBaseAddressvalue: null
2025-07-09 13:53:51,578 [INFO] Argument:335 - Argument : StreamBaseAddressvalue: null
2025-07-09 13:53:51,578 [INFO] Argument:325 - Argument : StreamIndexvalue: null
2025-07-09 13:53:51,578 [INFO] Argument:335 - Argument : StreamIndexvalue: null
2025-07-09 13:53:51,796 [INFO] CodeEngine:263 - oldGeneratedFile, C:\harman\STM32Cube\250708_OV7670\MXTmpFiles\license.tmp_save
2025-07-09 13:53:51,950 [INFO] CodeEngine:287 - Generated code: C:\harman\STM32Cube\250708_OV7670\MXTmpFiles\license.tmp
2025-07-09 13:53:52,124 [INFO] CodeEngine:263 - oldGeneratedFile, C:\harman\STM32Cube\250708_OV7670\Core\Src\gpio.c_save
2025-07-09 13:53:52,213 [INFO] CodeEngine:287 - Generated code: C:\harman\STM32Cube\250708_OV7670\Core\Src\gpio.c
2025-07-09 13:53:52,219 [INFO] CodeEngine:263 - oldGeneratedFile, C:\harman\STM32Cube\250708_OV7670\Core\Inc\gpio.h_save
2025-07-09 13:53:52,294 [INFO] CodeEngine:287 - Generated code: C:\harman\STM32Cube\250708_OV7670\Core\Inc\gpio.h
2025-07-09 13:53:52,628 [WARN] IPConfigManager:103 - WARNING: Missing Config File for DEBUG ip!!
2025-07-09 13:53:53,343 [WARN] IPConfigManager:103 - WARNING: Missing Config File for MEMORYMAP ip!!
2025-07-09 13:53:53,960 [INFO] CodeEngine:263 - oldGeneratedFile, C:\harman\STM32Cube\250708_OV7670\MXTmpFiles\cortex.tmp_save
2025-07-09 13:53:54,024 [INFO] CodeEngine:287 - Generated code: C:\harman\STM32Cube\250708_OV7670\MXTmpFiles\cortex.tmp
2025-07-09 13:53:54,034 [INFO] CodeEngine:263 - oldGeneratedFile, C:\harman\STM32Cube\250708_OV7670\Core\Src\dcmi.c_save
2025-07-09 13:53:54,119 [INFO] CodeEngine:287 - Generated code: C:\harman\STM32Cube\250708_OV7670\Core\Src\dcmi.c
2025-07-09 13:53:54,124 [INFO] CodeEngine:263 - oldGeneratedFile, C:\harman\STM32Cube\250708_OV7670\Core\Inc\dcmi.h_save
2025-07-09 13:53:54,174 [INFO] CodeEngine:287 - Generated code: C:\harman\STM32Cube\250708_OV7670\Core\Inc\dcmi.h
2025-07-09 13:53:54,261 [INFO] CodeEngine:263 - oldGeneratedFile, C:\harman\STM32Cube\250708_OV7670\Core\Src\dma.c_save
2025-07-09 13:53:54,311 [INFO] CodeEngine:287 - Generated code: C:\harman\STM32Cube\250708_OV7670\Core\Src\dma.c
2025-07-09 13:53:54,318 [INFO] CodeEngine:263 - oldGeneratedFile, C:\harman\STM32Cube\250708_OV7670\Core\Inc\dma.h_save
2025-07-09 13:53:54,365 [INFO] CodeEngine:287 - Generated code: C:\harman\STM32Cube\250708_OV7670\Core\Inc\dma.h
2025-07-09 13:53:54,375 [INFO] CodeEngine:263 - oldGeneratedFile, C:\harman\STM32Cube\250708_OV7670\Core\Src\fmc.c_save
2025-07-09 13:53:54,435 [INFO] CodeEngine:287 - Generated code: C:\harman\STM32Cube\250708_OV7670\Core\Src\fmc.c
2025-07-09 13:53:54,441 [INFO] CodeEngine:263 - oldGeneratedFile, C:\harman\STM32Cube\250708_OV7670\Core\Inc\fmc.h_save
2025-07-09 13:53:54,491 [INFO] CodeEngine:287 - Generated code: C:\harman\STM32Cube\250708_OV7670\Core\Inc\fmc.h
2025-07-09 13:53:54,504 [INFO] CodeEngine:263 - oldGeneratedFile, C:\harman\STM32Cube\250708_OV7670\Core\Src\i2c.c_save
2025-07-09 13:53:54,577 [INFO] CodeEngine:287 - Generated code: C:\harman\STM32Cube\250708_OV7670\Core\Src\i2c.c
2025-07-09 13:53:54,584 [INFO] CodeEngine:263 - oldGeneratedFile, C:\harman\STM32Cube\250708_OV7670\Core\Inc\i2c.h_save
2025-07-09 13:53:54,637 [INFO] CodeEngine:287 - Generated code: C:\harman\STM32Cube\250708_OV7670\Core\Inc\i2c.h
2025-07-09 13:53:54,651 [INFO] CodeEngine:263 - oldGeneratedFile, C:\harman\STM32Cube\250708_OV7670\Core\Src\memorymap.c_save
2025-07-09 13:53:54,714 [INFO] CodeEngine:287 - Generated code: C:\harman\STM32Cube\250708_OV7670\Core\Src\memorymap.c
2025-07-09 13:53:54,719 [INFO] CodeEngine:263 - oldGeneratedFile, C:\harman\STM32Cube\250708_OV7670\Core\Inc\memorymap.h_save
2025-07-09 13:53:54,770 [INFO] CodeEngine:287 - Generated code: C:\harman\STM32Cube\250708_OV7670\Core\Inc\memorymap.h
2025-07-09 13:53:54,785 [INFO] CodeEngine:263 - oldGeneratedFile, C:\harman\STM32Cube\250708_OV7670\Core\Src\spi.c_save
2025-07-09 13:53:54,860 [INFO] CodeEngine:287 - Generated code: C:\harman\STM32Cube\250708_OV7670\Core\Src\spi.c
2025-07-09 13:53:54,865 [INFO] CodeEngine:263 - oldGeneratedFile, C:\harman\STM32Cube\250708_OV7670\Core\Inc\spi.h_save
2025-07-09 13:53:54,915 [INFO] CodeEngine:287 - Generated code: C:\harman\STM32Cube\250708_OV7670\Core\Inc\spi.h
2025-07-09 13:53:54,929 [INFO] CodeEngine:263 - oldGeneratedFile, C:\harman\STM32Cube\250708_OV7670\Core\Src\usart.c_save
2025-07-09 13:53:55,001 [INFO] CodeEngine:287 - Generated code: C:\harman\STM32Cube\250708_OV7670\Core\Src\usart.c
2025-07-09 13:53:55,007 [INFO] CodeEngine:263 - oldGeneratedFile, C:\harman\STM32Cube\250708_OV7670\Core\Inc\usart.h_save
2025-07-09 13:53:55,057 [INFO] CodeEngine:287 - Generated code: C:\harman\STM32Cube\250708_OV7670\Core\Inc\usart.h
2025-07-09 13:53:55,080 [INFO] CodeEngine:263 - oldGeneratedFile, C:\harman\STM32Cube\250708_OV7670\Core\Src\stm32h7xx_it.c_save
2025-07-09 13:53:55,148 [INFO] CodeEngine:287 - Generated code: C:\harman\STM32Cube\250708_OV7670\Core\Src\stm32h7xx_it.c
2025-07-09 13:53:55,154 [INFO] CodeEngine:263 - oldGeneratedFile, C:\harman\STM32Cube\250708_OV7670\Core\Inc\stm32h7xx_it.h_save
2025-07-09 13:53:55,219 [INFO] CodeEngine:287 - Generated code: C:\harman\STM32Cube\250708_OV7670\Core\Inc\stm32h7xx_it.h
2025-07-09 13:53:55,584 [INFO] CodeEngine:263 - oldGeneratedFile, C:\harman\STM32Cube\250708_OV7670\Core\Src\stm32h7xx_hal_msp.c_save
2025-07-09 13:53:55,664 [INFO] CodeEngine:287 - Generated code: C:\harman\STM32Cube\250708_OV7670\Core\Src\stm32h7xx_hal_msp.c
2025-07-09 13:53:55,674 [INFO] CodeEngine:263 - oldGeneratedFile, C:\harman\STM32Cube\250708_OV7670\MXTmpFiles\system.tmp_save
2025-07-09 13:53:55,732 [INFO] CodeEngine:287 - Generated code: C:\harman\STM32Cube\250708_OV7670\MXTmpFiles\system.tmp
2025-07-09 13:53:55,748 [INFO] CodeEngine:319 - oldGeneratedFile, C:\harman\STM32Cube\250708_OV7670\Core\Inc\stm32h7xx_hal_conf.h_save
2025-07-09 13:53:55,812 [INFO] CodeEngine:343 - Generated code: C:\harman\STM32Cube\250708_OV7670\Core\Inc\stm32h7xx_hal_conf.h
2025-07-09 13:53:55,860 [INFO] ApiDbMcu:508 - Load IP Config File for DCMI
2025-07-09 13:53:55,865 [INFO] ApiDbMcu:508 - Load IP Config File for FMC
2025-07-09 13:53:55,869 [INFO] ApiDbMcu:508 - Load IP Config File for I2C1
2025-07-09 13:53:55,870 [ERROR] ApiDbMcu:464 - Can't load MEMORYMAP-STM32xx root dir null
2025-07-09 13:53:55,870 [ERROR] ApiDbMcu:536 - Cannot parse MEMORYMAP_Config file : file do not exist
2025-07-09 13:53:55,873 [INFO] ApiDbMcu:508 - Load IP Config File for SPI1
2025-07-09 13:53:55,882 [INFO] ApiDbMcu:508 - Load IP Config File for USART1
2025-07-09 13:53:55,886 [INFO] ApiDbMcu:508 - Load IP Config File for RCC
2025-07-09 13:53:55,899 [INFO] CodeEngine:263 - oldGeneratedFile, C:\harman\STM32Cube\250708_OV7670\Core\Inc\main.h_save
2025-07-09 13:53:55,962 [INFO] CodeEngine:287 - Generated code: C:\harman\STM32Cube\250708_OV7670\Core\Inc\main.h
2025-07-09 13:53:55,970 [INFO] CodeEngine:263 - oldGeneratedFile, C:\harman\STM32Cube\250708_OV7670\Core\Src\main.c_save
2025-07-09 13:53:56,058 [INFO] CodeEngine:287 - Generated code: C:\harman\STM32Cube\250708_OV7670\Core\Src\main.c
2025-07-09 13:53:56,431 [INFO] ProjectBuilder:3324 - Time for Copy HAL[1] : 250mS.
2025-07-09 13:53:56,434 [INFO] ProjectBuilder:4912 - Project Generator version: 4.6.0.1-B1
2025-07-09 13:53:56,493 [INFO] ConfigFileManager:1590 - The Die is : DIE450
2025-07-09 13:53:56,495 [INFO] ApiDbMcu:508 - Load IP Config File for FATFS
2025-07-09 13:53:56,498 [INFO] ApiDbMcu:508 - Load IP Config File for FREERTOS
2025-07-09 13:53:56,500 [INFO] ApiDbMcu:508 - Load IP Config File for LIBJPEG
2025-07-09 13:53:56,503 [INFO] ApiDbMcu:508 - Load IP Config File for LWIP
2025-07-09 13:53:56,511 [INFO] ApiDbMcu:508 - Load IP Config File for MBEDTLS
2025-07-09 13:53:56,515 [INFO] ApiDbMcu:508 - Load IP Config File for USB_DEVICE
2025-07-09 13:53:56,518 [INFO] ApiDbMcu:508 - Load IP Config File for USB_HOST
2025-07-09 13:53:57,800 [INFO] ProjectBuilder:5191 - Time for Generating toolchain IDE Files: 1366mS.
2025-07-09 13:53:57,801 [INFO] ProjectBuilder:3181 - Time for Copy CMSIS : 1mS.
2025-07-09 13:53:57,806 [INFO] ProjectBuilder:3181 - Time for Copy CMSIS : 0mS.
2025-07-09 13:54:29,079 [INFO] I2cTimingTraitement:330 - 0x307075B1
2025-07-09 13:54:51,736 [INFO] I2cTimingTraitement:330 - 0x307075B1
2025-07-09 13:54:57,149 [INFO] I2cTimingTraitement:330 - 0x307075B1
2025-07-09 13:55:00,941 [INFO] I2cTimingTraitement:330 - 0x307075B1
2025-07-09 13:55:05,085 [INFO] I2cTimingTraitement:330 - 0x307075B1
2025-07-09 13:55:08,989 [INFO] I2cTimingTraitement:330 - 0x307075B1
2025-07-09 13:55:13,177 [INFO] I2cTimingTraitement:330 - 0x307075B1
2025-07-09 13:55:17,394 [INFO] I2cTimingTraitement:330 - 0x307075B1
2025-07-09 13:55:21,503 [INFO] I2cTimingTraitement:330 - 0x307075B1
2025-07-09 13:55:28,562 [INFO] UtilMem:75 - End SaveConfig() Used Memory: 913578984 Bytes (1073741824)
2025-07-09 13:55:30,383 [INFO] UtilMem:75 - End SaveConfig() Used Memory: 975084576 Bytes (1073741824)
2025-07-09 13:55:31,025 [INFO] BlockDiagram:2775 - set Specific Code input for plugin: SPI
2025-07-09 13:55:31,025 [INFO] BlockDiagram:2775 - set Specific Code input for plugin: RCC
2025-07-09 13:55:31,025 [INFO] BlockDiagram:2775 - set Specific Code input for plugin: I2C
2025-07-09 13:55:31,025 [INFO] BlockDiagram:2775 - set Specific Code input for plugin: DCMI
2025-07-09 13:55:31,025 [INFO] BlockDiagram:2775 - set Specific Code input for plugin: USART
2025-07-09 13:55:31,026 [INFO] BlockDiagram:2775 - set Specific Code input for plugin: FMC
2025-07-09 13:55:31,026 [INFO] BlockDiagram:2775 - set Specific Code input for plugin: MEMORYMAP
2025-07-09 13:55:31,026 [INFO] BlockDiagram:2775 - set Specific Code input for plugin: SYS
2025-07-09 13:55:31,026 [INFO] BlockDiagram:2775 - set Specific Code input for plugin: NVIC
2025-07-09 13:55:31,026 [INFO] BlockDiagram:2775 - set Specific Code input for plugin: CORTEX_M7
2025-07-09 13:55:31,026 [INFO] BlockDiagram:2775 - set Specific Code input for plugin: DMA
2025-07-09 13:55:31,026 [INFO] BlockDiagram:2775 - set Specific Code input for plugin: DEBUG
2025-07-09 13:55:31,027 [INFO] BlockDiagram:2775 - set Specific Code input for plugin: GPIO
2025-07-09 13:55:31,029 [INFO] CodeGenerator:882 - code generatio: config db path: C:\ST\STM32CubeIDE_1.18.1\STM32CubeIDE\plugins\com.st.stm32cube.common.mx_6.14.1.202504091515\\db\
2025-07-09 13:55:31,038 [INFO] Argument:325 - Argument : hdmavalue: null
2025-07-09 13:55:31,039 [INFO] Argument:327 - 	 sub Args: 
2025-07-09 13:55:31,039 [INFO] Argument:325 - Argument : Instancevalue: DMA1_Stream1
2025-07-09 13:55:31,039 [INFO] Argument:335 - Argument : Instancevalue: DMA1_Stream1
2025-07-09 13:55:31,039 [INFO] Argument:325 - Argument : Initvalue: null
2025-07-09 13:55:31,039 [INFO] Argument:327 - 	 sub Args: 
2025-07-09 13:55:31,039 [INFO] Argument:325 - Argument : Requestvalue: DMA_REQUEST_DCMI
2025-07-09 13:55:31,039 [INFO] Argument:335 - Argument : Requestvalue: DMA_REQUEST_DCMI
2025-07-09 13:55:31,039 [INFO] Argument:325 - Argument : Directionvalue: DMA_PERIPH_TO_MEMORY
2025-07-09 13:55:31,039 [INFO] Argument:335 - Argument : Directionvalue: DMA_PERIPH_TO_MEMORY
2025-07-09 13:55:31,039 [INFO] Argument:325 - Argument : PeriphIncvalue: DMA_PINC_DISABLE
2025-07-09 13:55:31,039 [INFO] Argument:335 - Argument : PeriphIncvalue: DMA_PINC_DISABLE
2025-07-09 13:55:31,039 [INFO] Argument:325 - Argument : MemIncvalue: DMA_MINC_ENABLE
2025-07-09 13:55:31,039 [INFO] Argument:335 - Argument : MemIncvalue: DMA_MINC_ENABLE
2025-07-09 13:55:31,039 [INFO] Argument:325 - Argument : PeriphDataAlignmentvalue: DMA_PDATAALIGN_WORD
2025-07-09 13:55:31,039 [INFO] Argument:335 - Argument : PeriphDataAlignmentvalue: DMA_PDATAALIGN_WORD
2025-07-09 13:55:31,039 [INFO] Argument:325 - Argument : MemDataAlignmentvalue: DMA_MDATAALIGN_WORD
2025-07-09 13:55:31,039 [INFO] Argument:335 - Argument : MemDataAlignmentvalue: DMA_MDATAALIGN_WORD
2025-07-09 13:55:31,039 [INFO] Argument:325 - Argument : Modevalue: DMA_NORMAL
2025-07-09 13:55:31,039 [INFO] Argument:335 - Argument : Modevalue: DMA_NORMAL
2025-07-09 13:55:31,039 [INFO] Argument:325 - Argument : Priorityvalue: DMA_PRIORITY_LOW
2025-07-09 13:55:31,039 [INFO] Argument:335 - Argument : Priorityvalue: DMA_PRIORITY_LOW
2025-07-09 13:55:31,039 [INFO] Argument:325 - Argument : FIFOModevalue: DMA_FIFOMODE_DISABLE
2025-07-09 13:55:31,039 [INFO] Argument:335 - Argument : FIFOModevalue: DMA_FIFOMODE_DISABLE
2025-07-09 13:55:31,039 [INFO] Argument:325 - Argument : FIFOThresholdvalue: null
2025-07-09 13:55:31,039 [INFO] Argument:335 - Argument : FIFOThresholdvalue: null
2025-07-09 13:55:31,039 [INFO] Argument:325 - Argument : MemBurstvalue: null
2025-07-09 13:55:31,039 [INFO] Argument:335 - Argument : MemBurstvalue: null
2025-07-09 13:55:31,039 [INFO] Argument:325 - Argument : PeriphBurstvalue: null
2025-07-09 13:55:31,039 [INFO] Argument:335 - Argument : PeriphBurstvalue: null
2025-07-09 13:55:31,039 [INFO] Argument:325 - Argument : Lockvalue: null
2025-07-09 13:55:31,039 [INFO] Argument:335 - Argument : Lockvalue: null
2025-07-09 13:55:31,039 [INFO] Argument:325 - Argument : Statevalue: null
2025-07-09 13:55:31,039 [INFO] Argument:335 - Argument : Statevalue: null
2025-07-09 13:55:31,039 [INFO] Argument:325 - Argument : Parentvalue: null
2025-07-09 13:55:31,039 [INFO] Argument:335 - Argument : Parentvalue: null
2025-07-09 13:55:31,039 [INFO] Argument:325 - Argument : XferCpltCallbackvalue: null
2025-07-09 13:55:31,039 [INFO] Argument:335 - Argument : XferCpltCallbackvalue: null
2025-07-09 13:55:31,039 [INFO] Argument:325 - Argument : XferHalfCpltCallbackvalue: null
2025-07-09 13:55:31,039 [INFO] Argument:335 - Argument : XferHalfCpltCallbackvalue: null
2025-07-09 13:55:31,039 [INFO] Argument:325 - Argument : XferM1CpltCallbackvalue: null
2025-07-09 13:55:31,039 [INFO] Argument:335 - Argument : XferM1CpltCallbackvalue: null
2025-07-09 13:55:31,039 [INFO] Argument:325 - Argument : XferM1HalfCpltCallbackvalue: null
2025-07-09 13:55:31,039 [INFO] Argument:335 - Argument : XferM1HalfCpltCallbackvalue: null
2025-07-09 13:55:31,039 [INFO] Argument:325 - Argument : XferErrorCallbackvalue: null
2025-07-09 13:55:31,039 [INFO] Argument:335 - Argument : XferErrorCallbackvalue: null
2025-07-09 13:55:31,039 [INFO] Argument:325 - Argument : XferAbortCallbackvalue: null
2025-07-09 13:55:31,039 [INFO] Argument:335 - Argument : XferAbortCallbackvalue: null
2025-07-09 13:55:31,039 [INFO] Argument:325 - Argument : ErrorCodevalue: null
2025-07-09 13:55:31,040 [INFO] Argument:335 - Argument : ErrorCodevalue: null
2025-07-09 13:55:31,040 [INFO] Argument:325 - Argument : StreamBaseAddressvalue: null
2025-07-09 13:55:31,040 [INFO] Argument:335 - Argument : StreamBaseAddressvalue: null
2025-07-09 13:55:31,040 [INFO] Argument:325 - Argument : StreamIndexvalue: null
2025-07-09 13:55:31,040 [INFO] Argument:335 - Argument : StreamIndexvalue: null
2025-07-09 13:55:31,080 [INFO] Argument:325 - Argument : hdmavalue: null
2025-07-09 13:55:31,080 [INFO] Argument:327 - 	 sub Args: 
2025-07-09 13:55:31,080 [INFO] Argument:325 - Argument : Instancevalue: DMA1_Stream0
2025-07-09 13:55:31,080 [INFO] Argument:335 - Argument : Instancevalue: DMA1_Stream0
2025-07-09 13:55:31,080 [INFO] Argument:325 - Argument : Initvalue: null
2025-07-09 13:55:31,080 [INFO] Argument:327 - 	 sub Args: 
2025-07-09 13:55:31,080 [INFO] Argument:325 - Argument : Requestvalue: DMA_REQUEST_SPI1_TX
2025-07-09 13:55:31,080 [INFO] Argument:335 - Argument : Requestvalue: DMA_REQUEST_SPI1_TX
2025-07-09 13:55:31,080 [INFO] Argument:325 - Argument : Directionvalue: DMA_MEMORY_TO_PERIPH
2025-07-09 13:55:31,080 [INFO] Argument:335 - Argument : Directionvalue: DMA_MEMORY_TO_PERIPH
2025-07-09 13:55:31,080 [INFO] Argument:325 - Argument : PeriphIncvalue: DMA_PINC_DISABLE
2025-07-09 13:55:31,080 [INFO] Argument:335 - Argument : PeriphIncvalue: DMA_PINC_DISABLE
2025-07-09 13:55:31,080 [INFO] Argument:325 - Argument : MemIncvalue: DMA_MINC_ENABLE
2025-07-09 13:55:31,080 [INFO] Argument:335 - Argument : MemIncvalue: DMA_MINC_ENABLE
2025-07-09 13:55:31,080 [INFO] Argument:325 - Argument : PeriphDataAlignmentvalue: DMA_PDATAALIGN_BYTE
2025-07-09 13:55:31,080 [INFO] Argument:335 - Argument : PeriphDataAlignmentvalue: DMA_PDATAALIGN_BYTE
2025-07-09 13:55:31,080 [INFO] Argument:325 - Argument : MemDataAlignmentvalue: DMA_MDATAALIGN_BYTE
2025-07-09 13:55:31,080 [INFO] Argument:335 - Argument : MemDataAlignmentvalue: DMA_MDATAALIGN_BYTE
2025-07-09 13:55:31,080 [INFO] Argument:325 - Argument : Modevalue: DMA_NORMAL
2025-07-09 13:55:31,081 [INFO] Argument:335 - Argument : Modevalue: DMA_NORMAL
2025-07-09 13:55:31,081 [INFO] Argument:325 - Argument : Priorityvalue: DMA_PRIORITY_LOW
2025-07-09 13:55:31,081 [INFO] Argument:335 - Argument : Priorityvalue: DMA_PRIORITY_LOW
2025-07-09 13:55:31,081 [INFO] Argument:325 - Argument : FIFOModevalue: DMA_FIFOMODE_DISABLE
2025-07-09 13:55:31,081 [INFO] Argument:335 - Argument : FIFOModevalue: DMA_FIFOMODE_DISABLE
2025-07-09 13:55:31,081 [INFO] Argument:325 - Argument : FIFOThresholdvalue: null
2025-07-09 13:55:31,081 [INFO] Argument:335 - Argument : FIFOThresholdvalue: null
2025-07-09 13:55:31,081 [INFO] Argument:325 - Argument : MemBurstvalue: null
2025-07-09 13:55:31,081 [INFO] Argument:335 - Argument : MemBurstvalue: null
2025-07-09 13:55:31,081 [INFO] Argument:325 - Argument : PeriphBurstvalue: null
2025-07-09 13:55:31,081 [INFO] Argument:335 - Argument : PeriphBurstvalue: null
2025-07-09 13:55:31,081 [INFO] Argument:325 - Argument : Lockvalue: null
2025-07-09 13:55:31,081 [INFO] Argument:335 - Argument : Lockvalue: null
2025-07-09 13:55:31,081 [INFO] Argument:325 - Argument : Statevalue: null
2025-07-09 13:55:31,081 [INFO] Argument:335 - Argument : Statevalue: null
2025-07-09 13:55:31,081 [INFO] Argument:325 - Argument : Parentvalue: null
2025-07-09 13:55:31,081 [INFO] Argument:335 - Argument : Parentvalue: null
2025-07-09 13:55:31,081 [INFO] Argument:325 - Argument : XferCpltCallbackvalue: null
2025-07-09 13:55:31,081 [INFO] Argument:335 - Argument : XferCpltCallbackvalue: null
2025-07-09 13:55:31,081 [INFO] Argument:325 - Argument : XferHalfCpltCallbackvalue: null
2025-07-09 13:55:31,081 [INFO] Argument:335 - Argument : XferHalfCpltCallbackvalue: null
2025-07-09 13:55:31,081 [INFO] Argument:325 - Argument : XferM1CpltCallbackvalue: null
2025-07-09 13:55:31,081 [INFO] Argument:335 - Argument : XferM1CpltCallbackvalue: null
2025-07-09 13:55:31,081 [INFO] Argument:325 - Argument : XferM1HalfCpltCallbackvalue: null
2025-07-09 13:55:31,081 [INFO] Argument:335 - Argument : XferM1HalfCpltCallbackvalue: null
2025-07-09 13:55:31,081 [INFO] Argument:325 - Argument : XferErrorCallbackvalue: null
2025-07-09 13:55:31,081 [INFO] Argument:335 - Argument : XferErrorCallbackvalue: null
2025-07-09 13:55:31,081 [INFO] Argument:325 - Argument : XferAbortCallbackvalue: null
2025-07-09 13:55:31,081 [INFO] Argument:335 - Argument : XferAbortCallbackvalue: null
2025-07-09 13:55:31,081 [INFO] Argument:325 - Argument : ErrorCodevalue: null
2025-07-09 13:55:31,081 [INFO] Argument:335 - Argument : ErrorCodevalue: null
2025-07-09 13:55:31,082 [INFO] Argument:325 - Argument : StreamBaseAddressvalue: null
2025-07-09 13:55:31,082 [INFO] Argument:335 - Argument : StreamBaseAddressvalue: null
2025-07-09 13:55:31,082 [INFO] Argument:325 - Argument : StreamIndexvalue: null
2025-07-09 13:55:31,082 [INFO] Argument:335 - Argument : StreamIndexvalue: null
2025-07-09 13:55:31,420 [INFO] CodeEngine:263 - oldGeneratedFile, C:\harman\STM32Cube\250708_OV7670\MXTmpFiles\license.tmp_save
2025-07-09 13:55:31,561 [INFO] CodeEngine:287 - Generated code: C:\harman\STM32Cube\250708_OV7670\MXTmpFiles\license.tmp
2025-07-09 13:55:31,715 [INFO] CodeEngine:263 - oldGeneratedFile, C:\harman\STM32Cube\250708_OV7670\Core\Src\gpio.c_save
2025-07-09 13:55:31,810 [INFO] CodeEngine:287 - Generated code: C:\harman\STM32Cube\250708_OV7670\Core\Src\gpio.c
2025-07-09 13:55:31,817 [INFO] CodeEngine:263 - oldGeneratedFile, C:\harman\STM32Cube\250708_OV7670\Core\Inc\gpio.h_save
2025-07-09 13:55:31,888 [INFO] CodeEngine:287 - Generated code: C:\harman\STM32Cube\250708_OV7670\Core\Inc\gpio.h
2025-07-09 13:55:32,187 [WARN] IPConfigManager:103 - WARNING: Missing Config File for DEBUG ip!!
2025-07-09 13:55:32,851 [WARN] IPConfigManager:103 - WARNING: Missing Config File for MEMORYMAP ip!!
2025-07-09 13:55:33,501 [INFO] CodeEngine:263 - oldGeneratedFile, C:\harman\STM32Cube\250708_OV7670\MXTmpFiles\cortex.tmp_save
2025-07-09 13:55:33,566 [INFO] CodeEngine:287 - Generated code: C:\harman\STM32Cube\250708_OV7670\MXTmpFiles\cortex.tmp
2025-07-09 13:55:33,582 [INFO] CodeEngine:263 - oldGeneratedFile, C:\harman\STM32Cube\250708_OV7670\Core\Src\dcmi.c_save
2025-07-09 13:55:33,667 [INFO] CodeEngine:287 - Generated code: C:\harman\STM32Cube\250708_OV7670\Core\Src\dcmi.c
2025-07-09 13:55:33,675 [INFO] CodeEngine:263 - oldGeneratedFile, C:\harman\STM32Cube\250708_OV7670\Core\Inc\dcmi.h_save
2025-07-09 13:55:33,730 [INFO] CodeEngine:287 - Generated code: C:\harman\STM32Cube\250708_OV7670\Core\Inc\dcmi.h
2025-07-09 13:55:33,811 [INFO] CodeEngine:263 - oldGeneratedFile, C:\harman\STM32Cube\250708_OV7670\Core\Src\dma.c_save
2025-07-09 13:55:33,866 [INFO] CodeEngine:287 - Generated code: C:\harman\STM32Cube\250708_OV7670\Core\Src\dma.c
2025-07-09 13:55:33,872 [INFO] CodeEngine:263 - oldGeneratedFile, C:\harman\STM32Cube\250708_OV7670\Core\Inc\dma.h_save
2025-07-09 13:55:33,922 [INFO] CodeEngine:287 - Generated code: C:\harman\STM32Cube\250708_OV7670\Core\Inc\dma.h
2025-07-09 13:55:33,934 [INFO] CodeEngine:263 - oldGeneratedFile, C:\harman\STM32Cube\250708_OV7670\Core\Src\fmc.c_save
2025-07-09 13:55:33,995 [INFO] CodeEngine:287 - Generated code: C:\harman\STM32Cube\250708_OV7670\Core\Src\fmc.c
2025-07-09 13:55:34,000 [INFO] CodeEngine:263 - oldGeneratedFile, C:\harman\STM32Cube\250708_OV7670\Core\Inc\fmc.h_save
2025-07-09 13:55:34,050 [INFO] CodeEngine:287 - Generated code: C:\harman\STM32Cube\250708_OV7670\Core\Inc\fmc.h
2025-07-09 13:55:34,062 [INFO] CodeEngine:263 - oldGeneratedFile, C:\harman\STM32Cube\250708_OV7670\Core\Src\i2c.c_save
2025-07-09 13:55:34,134 [INFO] CodeEngine:287 - Generated code: C:\harman\STM32Cube\250708_OV7670\Core\Src\i2c.c
2025-07-09 13:55:34,140 [INFO] CodeEngine:263 - oldGeneratedFile, C:\harman\STM32Cube\250708_OV7670\Core\Inc\i2c.h_save
2025-07-09 13:55:34,192 [INFO] CodeEngine:287 - Generated code: C:\harman\STM32Cube\250708_OV7670\Core\Inc\i2c.h
2025-07-09 13:55:34,206 [INFO] CodeEngine:263 - oldGeneratedFile, C:\harman\STM32Cube\250708_OV7670\Core\Src\memorymap.c_save
2025-07-09 13:55:34,278 [INFO] CodeEngine:287 - Generated code: C:\harman\STM32Cube\250708_OV7670\Core\Src\memorymap.c
2025-07-09 13:55:34,284 [INFO] CodeEngine:263 - oldGeneratedFile, C:\harman\STM32Cube\250708_OV7670\Core\Inc\memorymap.h_save
2025-07-09 13:55:34,332 [INFO] CodeEngine:287 - Generated code: C:\harman\STM32Cube\250708_OV7670\Core\Inc\memorymap.h
2025-07-09 13:55:34,345 [INFO] CodeEngine:263 - oldGeneratedFile, C:\harman\STM32Cube\250708_OV7670\Core\Src\spi.c_save
2025-07-09 13:55:34,413 [INFO] CodeEngine:287 - Generated code: C:\harman\STM32Cube\250708_OV7670\Core\Src\spi.c
2025-07-09 13:55:34,420 [INFO] CodeEngine:263 - oldGeneratedFile, C:\harman\STM32Cube\250708_OV7670\Core\Inc\spi.h_save
2025-07-09 13:55:34,469 [INFO] CodeEngine:287 - Generated code: C:\harman\STM32Cube\250708_OV7670\Core\Inc\spi.h
2025-07-09 13:55:34,484 [INFO] CodeEngine:263 - oldGeneratedFile, C:\harman\STM32Cube\250708_OV7670\Core\Src\usart.c_save
2025-07-09 13:55:34,557 [INFO] CodeEngine:287 - Generated code: C:\harman\STM32Cube\250708_OV7670\Core\Src\usart.c
2025-07-09 13:55:34,563 [INFO] CodeEngine:263 - oldGeneratedFile, C:\harman\STM32Cube\250708_OV7670\Core\Inc\usart.h_save
2025-07-09 13:55:34,613 [INFO] CodeEngine:287 - Generated code: C:\harman\STM32Cube\250708_OV7670\Core\Inc\usart.h
2025-07-09 13:55:34,652 [INFO] CodeEngine:263 - oldGeneratedFile, C:\harman\STM32Cube\250708_OV7670\Core\Src\stm32h7xx_it.c_save
2025-07-09 13:55:34,749 [INFO] CodeEngine:287 - Generated code: C:\harman\STM32Cube\250708_OV7670\Core\Src\stm32h7xx_it.c
2025-07-09 13:55:34,757 [INFO] CodeEngine:263 - oldGeneratedFile, C:\harman\STM32Cube\250708_OV7670\Core\Inc\stm32h7xx_it.h_save
2025-07-09 13:55:34,828 [INFO] CodeEngine:287 - Generated code: C:\harman\STM32Cube\250708_OV7670\Core\Inc\stm32h7xx_it.h
2025-07-09 13:55:35,148 [INFO] CodeEngine:263 - oldGeneratedFile, C:\harman\STM32Cube\250708_OV7670\Core\Src\stm32h7xx_hal_msp.c_save
2025-07-09 13:55:35,235 [INFO] CodeEngine:287 - Generated code: C:\harman\STM32Cube\250708_OV7670\Core\Src\stm32h7xx_hal_msp.c
2025-07-09 13:55:35,240 [INFO] CodeEngine:263 - oldGeneratedFile, C:\harman\STM32Cube\250708_OV7670\MXTmpFiles\system.tmp_save
2025-07-09 13:55:35,285 [INFO] CodeEngine:287 - Generated code: C:\harman\STM32Cube\250708_OV7670\MXTmpFiles\system.tmp
2025-07-09 13:55:35,297 [INFO] CodeEngine:319 - oldGeneratedFile, C:\harman\STM32Cube\250708_OV7670\Core\Inc\stm32h7xx_hal_conf.h_save
2025-07-09 13:55:35,351 [INFO] CodeEngine:343 - Generated code: C:\harman\STM32Cube\250708_OV7670\Core\Inc\stm32h7xx_hal_conf.h
2025-07-09 13:55:35,380 [ERROR] ApiDbMcu:464 - Can't load MEMORYMAP-STM32xx root dir null
2025-07-09 13:55:35,380 [ERROR] ApiDbMcu:536 - Cannot parse MEMORYMAP_Config file : file do not exist
2025-07-09 13:55:35,392 [INFO] CodeEngine:263 - oldGeneratedFile, C:\harman\STM32Cube\250708_OV7670\Core\Inc\main.h_save
2025-07-09 13:55:35,448 [INFO] CodeEngine:287 - Generated code: C:\harman\STM32Cube\250708_OV7670\Core\Inc\main.h
2025-07-09 13:55:35,453 [INFO] CodeEngine:263 - oldGeneratedFile, C:\harman\STM32Cube\250708_OV7670\Core\Src\main.c_save
2025-07-09 13:55:35,536 [INFO] CodeEngine:287 - Generated code: C:\harman\STM32Cube\250708_OV7670\Core\Src\main.c
2025-07-09 13:55:35,902 [INFO] ProjectBuilder:3324 - Time for Copy HAL[1] : 239mS.
2025-07-09 13:55:35,910 [INFO] ProjectBuilder:4912 - Project Generator version: 4.6.0.1-B1
2025-07-09 13:55:35,964 [INFO] ConfigFileManager:1590 - The Die is : DIE450
2025-07-09 13:55:37,209 [INFO] ProjectBuilder:5191 - Time for Generating toolchain IDE Files: 1299mS.
2025-07-09 13:55:37,210 [INFO] ProjectBuilder:3181 - Time for Copy CMSIS : 0mS.
2025-07-09 13:55:37,214 [INFO] ProjectBuilder:3181 - Time for Copy CMSIS : 0mS.
2025-07-09 16:54:27,387 [ERROR] LogOutputStream:75 - [STDERR_REDIRECT] 
